archive	path_chain	entry_name	needle	context
cutscene_tables.vpp_pc	effects.xtbl	effects.xtbl	m02	ect>   <Effect>    <Name>GP_BarrellFire_m02</Name>    <visual>GP_BarrellFire_m02</v
cutscene_tables.vpp_pc	effects.xtbl	effects.xtbl	m02	re_m02</Name>    <visual>GP_BarrellFire_m02</visual>    <restart_sound_at_loop>Fals
cutscene_tables.vpp_pc	effects.xtbl	effects.xtbl	m02	ffect>   <Effect>    <Name>Fire_Sticky_Sm02</Name>    <visual>Fire_Sticky_Sm02</vis
cutscene_tables.vpp_pc	effects.xtbl	effects.xtbl	m02	cky_Sm02</Name>    <visual>Fire_Sticky_Sm02</visual>    <restart_sound_at_loop>Fals
cutscene_tables.vpp_pc	effects.xtbl	effects.xtbl	m06	or>    </Effect>   <Effect>    <Name>gp_m06_DustPlumes</Name>    <visual>gp_m06_Dus
cutscene_tables.vpp_pc	effects.xtbl	effects.xtbl	m06	>gp_m06_DustPlumes</Name>    <visual>gp_m06_DustPlumes</visual>    <restart_sound_a
cutscene_tables.vpp_pc	effects.xtbl	effects.xtbl	m23	ditor>    </Effect>   <Effect>    <Name>m23_daedalus_cannon_exp</Name>    <visual>V
cutscene_tables.vpp_pc	effects.xtbl	effects.xtbl	sh01	  </Effect>   <Effect>    <Name>wtr_splash01</Name>    <visual>wtr_splash01</visual>
cutscene_tables.vpp_pc	effects.xtbl	effects.xtbl	sh01	>wtr_splash01</Name>    <visual>wtr_splash01</visual>    <restart_sound_at_loop>Fals
cutscene_tables.vpp_pc	effects.xtbl	effects.xtbl	sh01	_splash_shark</Name>    <visual>wtr_splash01</visual>    <restart_sound_at_loop>Fals
cutscene_tables.vpp_pc	effects.xtbl	effects.xtbl	sh02	   </Effect>   <Effect>    <Name>car_crash02</Name>    <visual>car_crash02</visual> 
cutscene_tables.vpp_pc	effects.xtbl	effects.xtbl	sh02	me>car_crash02</Name>    <visual>car_crash02</visual>    <restart_sound_at_loop>Fals
cutscene_tables.vpp_pc	effects.xtbl	effects.xtbl	sh03	   </Effect>   <Effect>    <Name>car_crash03</Name>    <visual>car_crash03</visual> 
cutscene_tables.vpp_pc	effects.xtbl	effects.xtbl	sh03	me>car_crash03</Name>    <visual>car_crash03</visual>    <restart_sound_at_loop>Fals
cutscene_tables.vpp_pc	items_3d.xtbl	items_3d.xtbl	m02	Flag></Item_Flags></Item>   <Item><Name>m02_plane_door</Name><streaming_category>Ch
cutscene_tables.vpp_pc	items_3d.xtbl	items_3d.xtbl	m02	haracter_mesh><character_mesh><Filename>m02_plane_door.cmeshx</Filename></character
cutscene_tables.vpp_pc	items_3d.xtbl	items_3d.xtbl	m02	ilename></character_mesh><rig><Filename>m02_plane_door.rigx</Filename></rig><Anim_s
cutscene_tables.vpp_pc	items_3d.xtbl	items_3d.xtbl	m16	ry><Props></Props></Item>   <Item><Name>m16_clip</Name><Mesh><Filename>p_m32mag.sme
cutscene_tables.vpp_pc	cutscene.xtbl	cutscene.xtbl	m03	_CTE</Name></Cutscene>  <Cutscene><Name>m03_cte_01</Name></Cutscene>  <Cutscene><Na
cutscene_tables.vpp_pc	cutscene.xtbl	cutscene.xtbl	m04	7_In</Name></Cutscene>  <Cutscene><Name>m04_cte_01</Name></Cutscene>  <Cutscene><Na
cutscene_tables.vpp_pc	cutscene.xtbl	cutscene.xtbl	m08	_Z02</Name></Cutscene>  <Cutscene><Name>m08_cte_01</Name></Cutscene>  <Cutscene><Na
cutscene_tables.vpp_pc	cutscene.xtbl	cutscene.xtbl	m09	_mid</Name></Cutscene>  <Cutscene><Name>m09_cte_01</Name></Cutscene>  <Cutscene><Na
cutscene_tables.vpp_pc	cutscene.xtbl	cutscene.xtbl	m16	e_03</Name></Cutscene>  <Cutscene><Name>m16_cte_01</Name></Cutscene>  <Cutscene><Na
cutscene_tables.vpp_pc	cutscene.xtbl	cutscene.xtbl	m19	_Z01</Name></Cutscene>  <Cutscene><Name>m19_cte_01</Name></Cutscene>  <Cutscene><Na
cutscene_tables.vpp_pc	cutscene.xtbl	cutscene.xtbl	m19	e_01</Name></Cutscene>  <Cutscene><Name>m19_cte_02</Name></Cutscene>  <Cutscene><Na
cutscene_tables.vpp_pc	cutscene.xtbl	cutscene.xtbl	m21	e_01</Name></Cutscene>  <Cutscene><Name>m21_cte_01</Name></Cutscene>  <Cutscene><Na
cutscene_tables.vpp_pc	cutscene.xtbl	cutscene.xtbl	m22	_Z02</Name></Cutscene>  <Cutscene><Name>m22_cte_01</Name></Cutscene>  <Cutscene><Na
cutscene_tables.vpp_pc	cutscene.xtbl	cutscene.xtbl	m22	e_01</Name></Cutscene>  <Cutscene><Name>m22_cte_02</Name></Cutscene>  <Cutscene><Na
cutscene_tables.vpp_pc	cutscene.xtbl	cutscene.xtbl	m22	e_02</Name></Cutscene>  <Cutscene><Name>m22_cte_03</Name></Cutscene>  <Cutscene><Na
cutscene_tables.vpp_pc	cutscene.xtbl	cutscene.xtbl	m24	_z01</Name></Cutscene>  <Cutscene><Name>m24_cte_01</Name></Cutscene>  <Cutscene><Na
cutscene_tables.vpp_pc	cutscene.xtbl	cutscene.xtbl	m24	_out</Name></Cutscene>  <Cutscene><Name>m24_cte_02</Name></Cutscene>  <Cutscene><Na
cutscene_tables.vpp_pc	cutscene.xtbl	cutscene.xtbl	sh01	e_01</Name></Cutscene>  <Cutscene><Name>sh01_cte_01</Name></Cutscene>  <Cutscene><Na
cutscene_tables.vpp_pc	cutscene.xtbl	cutscene.xtbl	sh01	t</Name></Cutscene>  <Cutscene><Name>ld_sh01</Name></Cutscene>  <Cutscene><Name>10_i
cutscene_tables.vpp_pc	cutscene.xtbl	cutscene.xtbl	sh02	e_01</Name></Cutscene>  <Cutscene><Name>sh02_cte_01</Name></Cutscene>  <Cutscene><Na
cutscenes.vpp_pc	16_out.str2_pc > 16_out-lightset.xtbl	16_out-lightset.xtbl	m01	Light>       <Name>S1-Bane/Matt_Right_Rim01</Name>       <Type>circular spotlight</
cutscenes.vpp_pc	16_out.str2_pc > 16_out-lightset.xtbl	16_out-lightset.xtbl	m01	     <Light>       <Name>S9-Bane_Left_Rim01</Name>       <Type>circular spotlight</
cutscenes.vpp_pc	11_out_f.str2_pc > 11_out-lightset.xtbl	11_out-lightset.xtbl	m01	    <Light>       <Name>S08_commander_rim01</Name>       <Type>circular spotlight</
cutscenes.vpp_pc	11_out_f.str2_pc > 11_out-lightset.xtbl	11_out-lightset.xtbl	m01	  <Light>       <Name>S08_soldier_blu_rim01</Name>       <Type>circular spotlight</
cutscenes.vpp_pc	11_out_f.str2_pc > 11_out-lightset.xtbl	11_out-lightset.xtbl	m01	  <Light>       <Name>S09_soldier_blu_rim01</Name>       <Type>circular spotlight</
cutscenes.vpp_pc	11_out_f.str2_pc > 11_out-lightset.xtbl	11_out-lightset.xtbl	m01	<Light>       <Name>S11_commander_blu_rim01</Name>       <Type>circular spotlight</
cutscenes.vpp_pc	11_out_f.str2_pc > 11_out-lightset.xtbl	11_out-lightset.xtbl	m01	<Light>       <Name>S12_commander_blu_rim01</Name>       <Type>circular spotlight</
cutscenes.vpp_pc	11_out_f.str2_pc > 11_out-lightset.xtbl	11_out-lightset.xtbl	m01	  <Light>       <Name>S12_soldier_blu_rim01</Name>       <Type>circular spotlight</
cutscenes.vpp_pc	11_out_f.str2_pc > 11_out-lightset.xtbl	11_out-lightset.xtbl	m02	  <Light>       <Name>S08_soldier_blu_rim02</Name>       <Type>circular spotlight</
cutscenes.vpp_pc	11_out_f.str2_pc > 11_out-lightset.xtbl	11_out-lightset.xtbl	m02	  <Light>       <Name>S09_soldier_blu_rim02</Name>       <Type>circular spotlight</
cutscenes.vpp_pc	09_in_f.str2_pc > 09_in-lightset.xtbl	09_in-lightset.xtbl	m01	ht>      <Light>       <Name>S09_Ship_Rim01</Name>       <Type>circular spotlight</
cutscenes.vpp_pc	13_out_f.str2_pc > 13_out-lightset.xtbl	13_out-lightset.xtbl	m01	t>      <Light>       <Name>S06_Cyrus_Rim01</Name>       <Type>circular spotlight</
cutscenes.vpp_pc	13_out_f.str2_pc > 13_out-lightset.xtbl	13_out-lightset.xtbl	m02	t>      <Light>       <Name>S06_Cyrus_Rim02</Name>       <Type>circular spotlight</
cutscenes.vpp_pc	10_in.str2_pc > 10_in-lightset.xtbl	10_in-lightset.xtbl	m01	t>      <Light>       <Name>S31_Car_bloom01</Name>       <Type>circular spotlight</
cutscenes.vpp_pc	10_in.str2_pc > 10_in-lightset.xtbl	10_in-lightset.xtbl	m01	ight>      <Light>       <Name>S37_ol_rim01</Name>       <Type>omni</Type>       <C
cutscenes.vpp_pc	10_in.str2_pc > 10_in-lightset.xtbl	10_in-lightset.xtbl	m01	ight>      <Light>       <Name>S39_ol_rim01</Name>       <Type>omni</Type>       <C
cutscenes.vpp_pc	10_in.str2_pc > 10_in-lightset.xtbl	10_in-lightset.xtbl	m02	t>      <Light>       <Name>S31_Car_bloom02</Name>       <Type>circular spotlight</
cutscenes.vpp_pc	10_in.str2_pc > 10_in-lightset.xtbl	10_in-lightset.xtbl	m02	ight>      <Light>       <Name>S39_ol_rim02</Name>       <Type>omni</Type>       <C
cutscenes.vpp_pc	14_in.str2_pc > 14_in-lightset.xtbl	14_in-lightset.xtbl	m14	0</Attenuation>       <Slate_Name>slate_m14_tvstudio</Slate_Name>      </Light>    
cutscenes.vpp_pc	14_in.str2_pc > 14_in-lightset.xtbl	14_in-lightset.xtbl	m14	5</Attenuation>       <Slate_Name>slate_m14_tvstudio</Slate_Name>      </Light>    
cutscenes.vpp_pc	14_in.str2_pc > 14_in-lightset.xtbl	14_in-lightset.xtbl	m14	5</Attenuation>       <Slate_Name>slate_m14_tvstudio</Slate_Name>      </Light>    
cutscenes.vpp_pc	14_in.str2_pc > 14_in-lightset.xtbl	14_in-lightset.xtbl	m14	0</Attenuation>       <Slate_Name>slate_m14_tvstudio</Slate_Name>      </Light>    
cutscenes.vpp_pc	14_in.str2_pc > 14_in-lightset.xtbl	14_in-lightset.xtbl	m14	5</Attenuation>       <Slate_Name>slate_m14_tvstudio</Slate_Name>      </Light>    
cutscenes.vpp_pc	14_in.str2_pc > 14_in-lightset.xtbl	14_in-lightset.xtbl	m14	0</Attenuation>       <Slate_Name>slate_m14_tvstudio</Slate_Name>      </Light>    
cutscenes.vpp_pc	14_in.str2_pc > 14_in-lightset.xtbl	14_in-lightset.xtbl	m14	0</Attenuation>       <Slate_Name>slate_m14_tvstudio</Slate_Name>      </Light>    
cutscenes.vpp_pc	14_in.str2_pc > 14_in-lightset.xtbl	14_in-lightset.xtbl	m14	0</Attenuation>       <Slate_Name>slate_m14_tvstudio</Slate_Name>      </Light>    
cutscenes.vpp_pc	14_in.str2_pc > 14_in-lightset.xtbl	14_in-lightset.xtbl	m14	5</Attenuation>       <Slate_Name>slate_m14_tvstudio</Slate_Name>      </Light>    
cutscenes.vpp_pc	14_in.str2_pc > 14_in-lightset.xtbl	14_in-lightset.xtbl	m14	5</Attenuation>       <Slate_Name>slate_m14_tvstudio</Slate_Name>      </Light>    
cutscenes.vpp_pc	14_in.str2_pc > 14_in-lightset.xtbl	14_in-lightset.xtbl	m14	5</Attenuation>       <Slate_Name>slate_m14_tvstudio</Slate_Name>      </Light>    
cutscenes.vpp_pc	14_in.str2_pc > 14_in-lightset.xtbl	14_in-lightset.xtbl	m14	5</Attenuation>       <Slate_Name>slate_m14_tvstudio</Slate_Name>      </Light>    
cutscenes.vpp_pc	14_in.str2_pc > 14_in-lightset.xtbl	14_in-lightset.xtbl	m14	0</Attenuation>       <Slate_Name>slate_m14_tvstudio</Slate_Name>      </Light>    
cutscenes.vpp_pc	14_in.str2_pc > 14_in-lightset.xtbl	14_in-lightset.xtbl	m14	0</Attenuation>       <Slate_Name>slate_m14_tvstudio</Slate_Name>      </Light>    
cutscenes.vpp_pc	14_in.str2_pc > 14_in-lightset.xtbl	14_in-lightset.xtbl	m14	0</Attenuation>       <Slate_Name>slate_m14_tvstudio</Slate_Name>      </Light>    
cutscenes.vpp_pc	14_in.str2_pc > 14_in-lightset.xtbl	14_in-lightset.xtbl	m14	5</Attenuation>       <Slate_Name>slate_m14_tvstudio</Slate_Name>      </Light>    
cutscenes.vpp_pc	14_in.str2_pc > 14_in-lightset.xtbl	14_in-lightset.xtbl	m14	5</Attenuation>       <Slate_Name>slate_m14_tvstudio</Slate_Name>      </Light>    
cutscenes.vpp_pc	14_in.str2_pc > 14_in-lightset.xtbl	14_in-lightset.xtbl	m14	5</Attenuation>       <Slate_Name>slate_m14_tvstudio</Slate_Name>      </Light>    
cutscenes.vpp_pc	14_in.str2_pc > 14_in-lightset.xtbl	14_in-lightset.xtbl	m14	5</Attenuation>       <Slate_Name>slate_m14_tvstudio</Slate_Name>      </Light>    
cutscenes.vpp_pc	14_in.str2_pc > 14_in-lightset.xtbl	14_in-lightset.xtbl	m14	5</Attenuation>       <Slate_Name>slate_m14_tvstudio</Slate_Name>      </Light>    
cutscenes.vpp_pc	14_in.str2_pc > 14_in-lightset.xtbl	14_in-lightset.xtbl	m14	5</Attenuation>       <Slate_Name>slate_m14_tvstudio</Slate_Name>      </Light>    
cutscenes.vpp_pc	14_in.str2_pc > 14_in-lightset.xtbl	14_in-lightset.xtbl	m14	5</Attenuation>       <Slate_Name>slate_m14_tvstudio</Slate_Name>      </Light>    
cutscenes.vpp_pc	14_in.str2_pc > 14_in-lightset.xtbl	14_in-lightset.xtbl	m14	0</Attenuation>       <Slate_Name>slate_m14_tvstudio</Slate_Name>      </Light>    
cutscenes.vpp_pc	14_in.str2_pc > 14_in-lightset.xtbl	14_in-lightset.xtbl	m14	5</Attenuation>       <Slate_Name>slate_m14_tvstudio</Slate_Name>      </Light>    
cutscenes.vpp_pc	14_in.str2_pc > 14_in-lightset.xtbl	14_in-lightset.xtbl	m14	5</Attenuation>       <Slate_Name>slate_m14_tvstudio</Slate_Name>      </Light>    
cutscenes.vpp_pc	14_in.str2_pc > 14_in-lightset.xtbl	14_in-lightset.xtbl	m14	5</Attenuation>       <Slate_Name>slate_m14_tvstudio</Slate_Name>      </Light>    
cutscenes.vpp_pc	14_in.str2_pc > 14_in-lightset.xtbl	14_in-lightset.xtbl	m14	5</Attenuation>       <Slate_Name>slate_m14_tvstudio</Slate_Name>      </Light>    
cutscenes.vpp_pc	14_in.str2_pc > 14_in-lightset.xtbl	14_in-lightset.xtbl	m14	0</Attenuation>       <Slate_Name>slate_m14_tvstudio</Slate_Name>      </Light>    
cutscenes.vpp_pc	14_in.str2_pc > 14_in-lightset.xtbl	14_in-lightset.xtbl	m14	 <Ambient_Grid>       <Slate_Name>slate_m14_tvstudio</Slate_Name>       <Level_Ambi
cutscenes.vpp_pc	MS_SH01_f.str2_pc > ms_sh01-lightset.xtbl	ms_sh01-lightset.xtbl	m01	>      <Light>       <Name>SH03_BGBlueRim01</Name>       <Type>circular spotlight</
cutscenes.vpp_pc	MS_SH01_f.str2_pc > ms_sh01-lightset.xtbl	ms_sh01-lightset.xtbl	m01	    <Light>       <Name>Sh01_ChaYellowRim01</Name>       <Type>circular spotlight</
cutscenes.vpp_pc	MS_SH01_f.str2_pc > ms_sh01-lightset.xtbl	ms_sh01-lightset.xtbl	m01	ight>      <Light>       <Name>Sh02_BGRim01</Name>       <Type>circular spotlight</
cutscenes.vpp_pc	MS_SH01_f.str2_pc > ms_sh01-lightset.xtbl	ms_sh01-lightset.xtbl	m01	ight>      <Light>       <Name>Sh02_PCRim01</Name>       <Type>circular spotlight</
cutscenes.vpp_pc	MS_SH01_f.str2_pc > ms_sh01-lightset.xtbl	ms_sh01-lightset.xtbl	m01	>      <Light>       <Name>Sh02_PillarRim01</Name>       <Type>circular spotlight</
cutscenes.vpp_pc	MS_SH01_f.str2_pc > ms_sh01-lightset.xtbl	ms_sh01-lightset.xtbl	m01	      <Light>       <Name>Sh03_ChaBlueRim01</Name>       <Type>circular spotlight</
cutscenes.vpp_pc	MS_SH01_f.str2_pc > ms_sh01-lightset.xtbl	ms_sh01-lightset.xtbl	m01	ght>      <Light>       <Name>Sh04_ChaRim01</Name>       <Type>circular spotlight</
cutscenes.vpp_pc	MS_SH01_f.str2_pc > ms_sh01-lightset.xtbl	ms_sh01-lightset.xtbl	m01	ight>      <Light>       <Name>Sh04_PCRim01</Name>       <Type>circular spotlight</
cutscenes.vpp_pc	MS_SH01_f.str2_pc > ms_sh01-lightset.xtbl	ms_sh01-lightset.xtbl	m01	ght>      <Light>       <Name>Sh04_ShnRim01</Name>       <Type>circular spotlight</
cutscenes.vpp_pc	MS_SH01_f.str2_pc > ms_sh01-lightset.xtbl	ms_sh01-lightset.xtbl	m01	ght>      <Light>       <Name>Sh07_ChaRim01</Name>       <Type>circular spotlight</
cutscenes.vpp_pc	MS_SH01_f.str2_pc > ms_sh01-lightset.xtbl	ms_sh01-lightset.xtbl	m01	ight>      <Light>       <Name>Sh07_PCRim01</Name>       <Type>circular spotlight</
cutscenes.vpp_pc	MS_SH01_f.str2_pc > ms_sh01-lightset.xtbl	ms_sh01-lightset.xtbl	m02	ight>      <Light>       <Name>SH07_PCRim02</Name>       <Type>circular spotlight</
cutscenes.vpp_pc	MS_SH01_f.str2_pc > ms_sh01-lightset.xtbl	ms_sh01-lightset.xtbl	m02	ight>      <Light>       <Name>Sh02_PCRim02</Name>       <Type>circular spotlight</
cutscenes.vpp_pc	MS_SH01_f.str2_pc > ms_sh01-lightset.xtbl	ms_sh01-lightset.xtbl	sh02	      </Light>      <Light>       <Name>sh02_PCNeg02</Name>       <Type>circular spo
cutscenes.vpp_pc	21_in.str2_pc > 21_in-lightset.xtbl	21_in-lightset.xtbl	m01	     <Light>       <Name>08_Character_Rim01</Name>       <Type>circular spotlight</
cutscenes.vpp_pc	21_in.str2_pc > 21_in-lightset.xtbl	21_in-lightset.xtbl	m01	t>      <Light>       <Name>09_Player_Rim01</Name>       <Type>circular spotlight</
cutscenes.vpp_pc	21_in.str2_pc > 21_in-lightset.xtbl	21_in-lightset.xtbl	m01	ht>      <Light>       <Name>16_Angel_Rim01</Name>       <Type>circular spotlight</
cutscenes.vpp_pc	21_in.str2_pc > 21_in-lightset.xtbl	21_in-lightset.xtbl	m01	      <Light>       <Name>19_Killbane_Rim01</Name>       <Type>circular spotlight</
cutscenes.vpp_pc	21_in.str2_pc > 21_in-lightset.xtbl	21_in-lightset.xtbl	m02	ht>      <Light>       <Name>18_Angel_Rim02</Name>       <Type>circular spotlight</
cutscenes.vpp_pc	16_in.str2_pc > 16_in-lightset.xtbl	16_in-lightset.xtbl	m01	ht>      <Light>       <Name>S01_ChairRim01</Name>       <Type>circular spotlight</
cutscenes.vpp_pc	16_in.str2_pc > 16_in-lightset.xtbl	16_in-lightset.xtbl	m01	t>      <Light>       <Name>Sh02_ChairRim01</Name>       <Type>circular spotlight</
cutscenes.vpp_pc	16_in.str2_pc > 16_in-lightset.xtbl	16_in-lightset.xtbl	m01	ight>      <Light>       <Name>Sh02_PCRim01</Name>       <Type>circular spotlight</
cutscenes.vpp_pc	16_in.str2_pc > 16_in-lightset.xtbl	16_in-lightset.xtbl	m01	ight>      <Light>       <Name>Sh04_PCRim01</Name>       <Type>circular spotlight</
cutscenes.vpp_pc	16_in.str2_pc > 16_in-lightset.xtbl	16_in-lightset.xtbl	m01	ght>      <Light>       <Name>Sh06_KNZRim01</Name>       <Type>circular spotlight</
cutscenes.vpp_pc	16_in.str2_pc > 16_in-lightset.xtbl	16_in-lightset.xtbl	m01	>      <Light>       <Name>Sh06_PurplrRim01</Name>       <Type>circular spotlight</
cutscenes.vpp_pc	16_in.str2_pc > 16_in-lightset.xtbl	16_in-lightset.xtbl	m01	    <Light>       <Name>Sh08_ChaPurpleRim01</Name>       <Type>circular spotlight</
cutscenes.vpp_pc	16_in.str2_pc > 16_in-lightset.xtbl	16_in-lightset.xtbl	m01	ght>      <Light>       <Name>Sh08_KnzRim01</Name>       <Type>circular spotlight</
cutscenes.vpp_pc	16_in.str2_pc > 16_in-lightset.xtbl	16_in-lightset.xtbl	m01	ght>      <Light>       <Name>Sh10_KnzRim01</Name>       <Type>circular spotlight</
cutscenes.vpp_pc	16_in.str2_pc > 16_in-lightset.xtbl	16_in-lightset.xtbl	m01	    <Light>       <Name>Sh12_ChairBlueRim01</Name>       <Type>circular spotlight</
cutscenes.vpp_pc	16_in.str2_pc > 16_in-lightset.xtbl	16_in-lightset.xtbl	m02	ht>      <Light>       <Name>S01_ChairRim02</Name>       <Type>circular spotlight</
cutscenes.vpp_pc	16_in.str2_pc > 16_in-lightset.xtbl	16_in-lightset.xtbl	m02	t>      <Light>       <Name>Sh02_ChairRim02</Name>       <Type>circular spotlight</
cutscenes.vpp_pc	16_in.str2_pc > 16_in-lightset.xtbl	16_in-lightset.xtbl	m02	ght>      <Light>       <Name>Sh10_KnzRim02</Name>       <Type>circular spotlight</
cutscenes.vpp_pc	21_Out_f.str2_pc > 21_out-lightset.xtbl	21_out-lightset.xtbl	m01	ht>      <Light>       <Name>03_Angel_Rim01</Name>       <Type>circular spotlight</
cutscenes.vpp_pc	21_Out_f.str2_pc > 21_out-lightset.xtbl	21_out-lightset.xtbl	m01	 </Light>      <Light>       <Name>12_Rim01</Name>       <Type>circular spotlight</
cutscenes.vpp_pc	12_Out_f.str2_pc > 12_out-lightset.xtbl	12_out-lightset.xtbl	m01	t>      <Light>       <Name>S09_Cloth_Rim01</Name>       <Type>circular spotlight</
cutscenes.vpp_pc	12_Out_f.str2_pc > 12_out-lightset.xtbl	12_out-lightset.xtbl	m01	ht>      <Light>       <Name>S09_STAG_Rim01</Name>       <Type>circular spotlight</
cutscenes.vpp_pc	12_Out_f.str2_pc > 12_out-lightset.xtbl	12_out-lightset.xtbl	m01	    <Light>       <Name>S10_STAG_Blue_Rim01</Name>       <Type>circular spotlight</
cutscenes.vpp_pc	12_Out_f.str2_pc > 12_out-lightset.xtbl	12_out-lightset.xtbl	m01	t>      <Light>       <Name>S11_Cyrus_Rim01</Name>       <Type>circular spotlight</
cutscenes.vpp_pc	12_Out_f.str2_pc > 12_out-lightset.xtbl	12_out-lightset.xtbl	m02	t>      <Light>       <Name>S09_Cyrus_Rim02</Name>       <Type>circular spotlight</
cutscenes.vpp_pc	12_Out_f.str2_pc > 12_out-lightset.xtbl	12_out-lightset.xtbl	m02	    <Light>       <Name>S10_STAG_Blue_Rim02</Name>       <Type>circular spotlight</
cutscenes.vpp_pc	17_in_f.str2_pc > 17_in-lightset.xtbl	17_in-lightset.xtbl	m01	>      <Light>       <Name>S01_Pierce_Rim01</Name>       <Type>circular spotlight</
cutscenes.vpp_pc	17_in_f.str2_pc > 17_in-lightset.xtbl	17_in-lightset.xtbl	m02	ight>      <Light>       <Name>S01_PC_Rim02</Name>       <Type>circular spotlight</
cutscenes.vpp_pc	MS_SH02.str2_pc > ms_sh02-lightset.xtbl	ms_sh02-lightset.xtbl	m01	     <Light>       <Name>S02_zimos_pc_rim01</Name>       <Type>circular spotlight</
cutscenes.vpp_pc	MS_SH02.str2_pc > ms_sh02-lightset.xtbl	ms_sh02-lightset.xtbl	m01	     <Light>       <Name>S09_pc_zimos_rim01</Name>       <Type>circular spotlight</
cutscenes.vpp_pc	MS_SH02.str2_pc > ms_sh02-lightset.xtbl	ms_sh02-lightset.xtbl	m01	     <Light>       <Name>S09_pc_zimos_rim01_face</Name>       <Type>circular spotli
cutscenes.vpp_pc	MS_SH02.str2_pc > ms_sh02-lightset.xtbl	ms_sh02-lightset.xtbl	m01	   <Light>       <Name>XXS07_pc_zimos_rim01</Name>       <Type>circular spotlight</
cutscenes.vpp_pc	MS_SH02.str2_pc > ms_sh02-lightset.xtbl	ms_sh02-lightset.xtbl	m02	ight>      <Light>       <Name>S09_pc_rim02</Name>       <Type>circular spotlight</
cutscenes.vpp_pc	MS_SH01.str2_pc > ms_sh01-lightset.xtbl	ms_sh01-lightset.xtbl	m01	>      <Light>       <Name>SH03_BGBlueRim01</Name>       <Type>circular spotlight</
cutscenes.vpp_pc	MS_SH01.str2_pc > ms_sh01-lightset.xtbl	ms_sh01-lightset.xtbl	m01	    <Light>       <Name>Sh01_ChaYellowRim01</Name>       <Type>circular spotlight</
cutscenes.vpp_pc	MS_SH01.str2_pc > ms_sh01-lightset.xtbl	ms_sh01-lightset.xtbl	m01	ight>      <Light>       <Name>Sh02_BGRim01</Name>       <Type>circular spotlight</
cutscenes.vpp_pc	MS_SH01.str2_pc > ms_sh01-lightset.xtbl	ms_sh01-lightset.xtbl	m01	ight>      <Light>       <Name>Sh02_PCRim01</Name>       <Type>circular spotlight</
cutscenes.vpp_pc	MS_SH01.str2_pc > ms_sh01-lightset.xtbl	ms_sh01-lightset.xtbl	m01	>      <Light>       <Name>Sh02_PillarRim01</Name>       <Type>circular spotlight</
cutscenes.vpp_pc	MS_SH01.str2_pc > ms_sh01-lightset.xtbl	ms_sh01-lightset.xtbl	m01	      <Light>       <Name>Sh03_ChaBlueRim01</Name>       <Type>circular spotlight</
cutscenes.vpp_pc	MS_SH01.str2_pc > ms_sh01-lightset.xtbl	ms_sh01-lightset.xtbl	m01	ght>      <Light>       <Name>Sh04_ChaRim01</Name>       <Type>circular spotlight</
cutscenes.vpp_pc	MS_SH01.str2_pc > ms_sh01-lightset.xtbl	ms_sh01-lightset.xtbl	m01	ight>      <Light>       <Name>Sh04_PCRim01</Name>       <Type>circular spotlight</
cutscenes.vpp_pc	MS_SH01.str2_pc > ms_sh01-lightset.xtbl	ms_sh01-lightset.xtbl	m01	ght>      <Light>       <Name>Sh04_ShnRim01</Name>       <Type>circular spotlight</
cutscenes.vpp_pc	MS_SH01.str2_pc > ms_sh01-lightset.xtbl	ms_sh01-lightset.xtbl	m01	ght>      <Light>       <Name>Sh07_ChaRim01</Name>       <Type>circular spotlight</
cutscenes.vpp_pc	MS_SH01.str2_pc > ms_sh01-lightset.xtbl	ms_sh01-lightset.xtbl	m01	ight>      <Light>       <Name>Sh07_PCRim01</Name>       <Type>circular spotlight</
cutscenes.vpp_pc	MS_SH01.str2_pc > ms_sh01-lightset.xtbl	ms_sh01-lightset.xtbl	m02	ight>      <Light>       <Name>SH07_PCRim02</Name>       <Type>circular spotlight</
cutscenes.vpp_pc	MS_SH01.str2_pc > ms_sh01-lightset.xtbl	ms_sh01-lightset.xtbl	m02	ight>      <Light>       <Name>Sh02_PCRim02</Name>       <Type>circular spotlight</
cutscenes.vpp_pc	MS_SH01.str2_pc > ms_sh01-lightset.xtbl	ms_sh01-lightset.xtbl	sh02	      </Light>      <Light>       <Name>sh02_PCNeg02</Name>       <Type>circular spo
cutscenes.vpp_pc	13_out.str2_pc > 13_out-lightset.xtbl	13_out-lightset.xtbl	m01	t>      <Light>       <Name>S06_Cyrus_Rim01</Name>       <Type>circular spotlight</
cutscenes.vpp_pc	13_out.str2_pc > 13_out-lightset.xtbl	13_out-lightset.xtbl	m02	t>      <Light>       <Name>S06_Cyrus_Rim02</Name>       <Type>circular spotlight</
cutscenes.vpp_pc	05_out.str2_pc > 05_out-lightset.xtbl	05_out-lightset.xtbl	m01	     <Light>       <Name>S02_Killbane_Rim01</Name>       <Type>circular spotlight</
cutscenes.vpp_pc	05_out.str2_pc > 05_out-lightset.xtbl	05_out-lightset.xtbl	m02	     <Light>       <Name>S02_Killbane_Rim02</Name>       <Type>circular spotlight</
cutscenes.vpp_pc	07_out_f.str2_pc > 07_out-lightset.xtbl	07_out-lightset.xtbl	m01	      <Light>       <Name>17_Killbane_Rim01</Name>       <Type>circular spotlight</
cutscenes.vpp_pc	06_Mid.str2_pc > 06_mid-lightset.xtbl	06_mid-lightset.xtbl	m01	hts>      <Light>       <Name>S01_red_rim01</Name>       <Type>circular spotlight</
cutscenes.vpp_pc	06_Mid.str2_pc > 06_mid-lightset.xtbl	06_mid-lightset.xtbl	m01	    <Light>       <Name>S15_blue_left_rim01</Name>       <Type>circular spotlight</
cutscenes.vpp_pc	06_Mid.str2_pc > 06_mid-lightset.xtbl	06_mid-lightset.xtbl	m02	ght>      <Light>       <Name>S01_red_rim02</Name>       <Type>circular spotlight</
cutscenes.vpp_pc	06_Mid.str2_pc > 06_mid-lightset.xtbl	06_mid-lightset.xtbl	m02	ht>      <Light>       <Name>S15_blue_rim02</Name>       <Type>circular spotlight</
cutscenes.vpp_pc	06_Mid.str2_pc > 06_mid-lightset.xtbl	06_mid-lightset.xtbl	m03	ht>      <Light>       <Name>S15_blue_rim03</Name>       <Type>circular spotlight</
cutscenes.vpp_pc	23_out.str2_pc > 23_out-lightset.xtbl	23_out-lightset.xtbl	m01	     <Light>       <Name>17_Character_Rim01</Name>       <Type>circular spotlight</
cutscenes.vpp_pc	14_out_f.str2_pc > 14_out-lightset.xtbl	14_out-lightset.xtbl	m01	ht>      <Light>       <Name>02_Helli_Rim01</Name>       <Type>circular spotlight</
cutscenes.vpp_pc	14_out_f.str2_pc > 14_out-lightset.xtbl	14_out-lightset.xtbl	m01	t>      <Light>       <Name>07_Helli_Riim01</Name>       <Type>circular spotlight</
cutscenes.vpp_pc	14_out_f.str2_pc > 14_out-lightset.xtbl	14_out-lightset.xtbl	m01	ht>      <Light>       <Name>09_Helli_Rim01</Name>       <Type>circular spotlight</
cutscenes.vpp_pc	14_out_f.str2_pc > 14_out-lightset.xtbl	14_out-lightset.xtbl	m01	ht>      <Light>       <Name>10_Helli Rim01</Name>       <Type>circular spotlight</
cutscenes.vpp_pc	14_out_f.str2_pc > 14_out-lightset.xtbl	14_out-lightset.xtbl	m01	>      <Light>       <Name>10_Shaundi Rim01</Name>       <Type>circular spotlight</
cutscenes.vpp_pc	14_out_f.str2_pc > 14_out-lightset.xtbl	14_out-lightset.xtbl	m01	ht>      <Light>       <Name>11_Helli Rim01</Name>       <Type>circular spotlight</
cutscenes.vpp_pc	14_out_f.str2_pc > 14_out-lightset.xtbl	14_out-lightset.xtbl	m02	ht>      <Light>       <Name>02_Helli_Rim02_02</Name>       <Type>circular spotligh
cutscenes.vpp_pc	14_out_f.str2_pc > 14_out-lightset.xtbl	14_out-lightset.xtbl	m02	ht>      <Light>       <Name>07_Helli_Rim02</Name>       <Type>circular spotlight</
cutscenes.vpp_pc	14_out_f.str2_pc > 14_out-lightset.xtbl	14_out-lightset.xtbl	m02	ht>      <Light>       <Name>10_Helli_Rim02</Name>       <Type>circular spotlight</
cutscenes.vpp_pc	17_Out.str2_pc > 17_out-lightset.xtbl	17_out-lightset.xtbl	m02	   <Light>       <Name>S06_Characters_rim02</Name>       <Type>circular spotlight</
cutscenes.vpp_pc	17_Out.str2_pc > 17_out-lightset.xtbl	17_out-lightset.xtbl	m03	   <Light>       <Name>S06_Characters_rim03</Name>       <Type>circular spotlight</
cutscenes.vpp_pc	10_in_f.str2_pc > 10_in-lightset.xtbl	10_in-lightset.xtbl	m01	t>      <Light>       <Name>S31_Car_bloom01</Name>       <Type>circular spotlight</
cutscenes.vpp_pc	10_in_f.str2_pc > 10_in-lightset.xtbl	10_in-lightset.xtbl	m01	ight>      <Light>       <Name>S37_ol_rim01</Name>       <Type>omni</Type>       <C
cutscenes.vpp_pc	10_in_f.str2_pc > 10_in-lightset.xtbl	10_in-lightset.xtbl	m01	ight>      <Light>       <Name>S39_ol_rim01</Name>       <Type>omni</Type>       <C
cutscenes.vpp_pc	10_in_f.str2_pc > 10_in-lightset.xtbl	10_in-lightset.xtbl	m02	t>      <Light>       <Name>S31_Car_bloom02</Name>       <Type>circular spotlight</
cutscenes.vpp_pc	10_in_f.str2_pc > 10_in-lightset.xtbl	10_in-lightset.xtbl	m02	ight>      <Light>       <Name>S39_ol_rim02</Name>       <Type>omni</Type>       <C
cutscenes.vpp_pc	MS_SH02_f.str2_pc > ms_sh02-lightset.xtbl	ms_sh02-lightset.xtbl	m01	     <Light>       <Name>S02_zimos_pc_rim01</Name>       <Type>circular spotlight</
cutscenes.vpp_pc	MS_SH02_f.str2_pc > ms_sh02-lightset.xtbl	ms_sh02-lightset.xtbl	m01	     <Light>       <Name>S09_pc_zimos_rim01</Name>       <Type>circular spotlight</
cutscenes.vpp_pc	MS_SH02_f.str2_pc > ms_sh02-lightset.xtbl	ms_sh02-lightset.xtbl	m01	     <Light>       <Name>S09_pc_zimos_rim01_face</Name>       <Type>circular spotli
cutscenes.vpp_pc	MS_SH02_f.str2_pc > ms_sh02-lightset.xtbl	ms_sh02-lightset.xtbl	m01	   <Light>       <Name>XXS07_pc_zimos_rim01</Name>       <Type>circular spotlight</
cutscenes.vpp_pc	MS_SH02_f.str2_pc > ms_sh02-lightset.xtbl	ms_sh02-lightset.xtbl	m02	ight>      <Light>       <Name>S09_pc_rim02</Name>       <Type>circular spotlight</
cutscenes.vpp_pc	17_Out_f.str2_pc > 17_out-lightset.xtbl	17_out-lightset.xtbl	m02	   <Light>       <Name>S06_Characters_rim02</Name>       <Type>circular spotlight</
cutscenes.vpp_pc	17_Out_f.str2_pc > 17_out-lightset.xtbl	17_out-lightset.xtbl	m03	   <Light>       <Name>S06_Characters_rim03</Name>       <Type>circular spotlight</
cutscenes.vpp_pc	02_in_f.str2_pc > 02_in-lightset.xtbl	02_in-lightset.xtbl	m02	 <Ambient_Grid>       <Slate_Name>slate_m02_planeshot</Slate_Name>       <Level_Amb
cutscenes.vpp_pc	16_out_f.str2_pc > 16_out-lightset.xtbl	16_out-lightset.xtbl	m01	Light>       <Name>S1-Bane/Matt_Right_Rim01</Name>       <Type>circular spotlight</
cutscenes.vpp_pc	16_out_f.str2_pc > 16_out-lightset.xtbl	16_out-lightset.xtbl	m01	     <Light>       <Name>S9-Bane_Left_Rim01</Name>       <Type>circular spotlight</
cutscenes.vpp_pc	14_out.str2_pc > 14_out-lightset.xtbl	14_out-lightset.xtbl	m01	ht>      <Light>       <Name>02_Helli_Rim01</Name>       <Type>circular spotlight</
cutscenes.vpp_pc	14_out.str2_pc > 14_out-lightset.xtbl	14_out-lightset.xtbl	m01	t>      <Light>       <Name>07_Helli_Riim01</Name>       <Type>circular spotlight</
cutscenes.vpp_pc	14_out.str2_pc > 14_out-lightset.xtbl	14_out-lightset.xtbl	m01	ht>      <Light>       <Name>09_Helli_Rim01</Name>       <Type>circular spotlight</
cutscenes.vpp_pc	14_out.str2_pc > 14_out-lightset.xtbl	14_out-lightset.xtbl	m01	ht>      <Light>       <Name>10_Helli Rim01</Name>       <Type>circular spotlight</
cutscenes.vpp_pc	14_out.str2_pc > 14_out-lightset.xtbl	14_out-lightset.xtbl	m01	>      <Light>       <Name>10_Shaundi Rim01</Name>       <Type>circular spotlight</
cutscenes.vpp_pc	14_out.str2_pc > 14_out-lightset.xtbl	14_out-lightset.xtbl	m01	ht>      <Light>       <Name>11_Helli Rim01</Name>       <Type>circular spotlight</
cutscenes.vpp_pc	14_out.str2_pc > 14_out-lightset.xtbl	14_out-lightset.xtbl	m02	ht>      <Light>       <Name>02_Helli_Rim02_02</Name>       <Type>circular spotligh
cutscenes.vpp_pc	14_out.str2_pc > 14_out-lightset.xtbl	14_out-lightset.xtbl	m02	ht>      <Light>       <Name>07_Helli_Rim02</Name>       <Type>circular spotlight</
cutscenes.vpp_pc	14_out.str2_pc > 14_out-lightset.xtbl	14_out-lightset.xtbl	m02	ht>      <Light>       <Name>10_Helli_Rim02</Name>       <Type>circular spotlight</
cutscenes.vpp_pc	19_in_f.str2_pc > 19_in-lightset.xtbl	19_in-lightset.xtbl	sh01	>     <Lights>      <Light>       <Name>sh01_ceiling_fill_A</Name>       <Type>circu
cutscenes.vpp_pc	19_in_f.str2_pc > 19_in-lightset.xtbl	19_in-lightset.xtbl	sh01	      </Light>      <Light>       <Name>sh01_ceiling_fill_B</Name>       <Type>circu
cutscenes.vpp_pc	19_in_f.str2_pc > 19_in-lightset.xtbl	19_in-lightset.xtbl	sh01	      </Light>      <Light>       <Name>sh01_pc+viola_neg</Name>       <Type>circula
cutscenes.vpp_pc	19_in_f.str2_pc > 19_in-lightset.xtbl	19_in-lightset.xtbl	sh01	      </Light>      <Light>       <Name>sh01_pc_fill</Name>       <Type>circular spo
cutscenes.vpp_pc	19_in_f.str2_pc > 19_in-lightset.xtbl	19_in-lightset.xtbl	sh01	      </Light>      <Light>       <Name>sh01_pc_key</Name>       <Type>circular spot
cutscenes.vpp_pc	19_in_f.str2_pc > 19_in-lightset.xtbl	19_in-lightset.xtbl	sh01	      </Light>      <Light>       <Name>sh01_pc_rim</Name>       <Type>circular spot
cutscenes.vpp_pc	19_in_f.str2_pc > 19_in-lightset.xtbl	19_in-lightset.xtbl	sh01	      </Light>      <Light>       <Name>sh01_viola_door_rim</Name>       <Type>circu
cutscenes.vpp_pc	19_in_f.str2_pc > 19_in-lightset.xtbl	19_in-lightset.xtbl	sh02	      </Light>      <Light>       <Name>sh02_pc_door_rim</Name>       <Type>circular
cutscenes.vpp_pc	19_in_f.str2_pc > 19_in-lightset.xtbl	19_in-lightset.xtbl	sh02	      </Light>      <Light>       <Name>sh02_pc_neg</Name>       <Type>circular spot
cutscenes.vpp_pc	19_in_f.str2_pc > 19_in-lightset.xtbl	19_in-lightset.xtbl	sh02	      </Light>      <Light>       <Name>sh02_viola_key</Name>       <Type>circular s
cutscenes.vpp_pc	19_in_f.str2_pc > 19_in-lightset.xtbl	19_in-lightset.xtbl	sh02	      </Light>      <Light>       <Name>sh02_viola_rim</Name>       <Type>circular s
cutscenes.vpp_pc	07_In.str2_pc > 07_in-lightset.xtbl	07_in-lightset.xtbl	m01	ght>      <Light>       <Name>S07_car_rim01</Name>       <Type>circular spotlight</
cutscenes.vpp_pc	07_In.str2_pc > 07_in-lightset.xtbl	07_in-lightset.xtbl	m01	<Light>       <Name>S39_killbane_moon_rim01</Name>       <Type>circular spotlight</
cutscenes.vpp_pc	11_out.str2_pc > 11_out-lightset.xtbl	11_out-lightset.xtbl	m01	    <Light>       <Name>S08_commander_rim01</Name>       <Type>circular spotlight</
cutscenes.vpp_pc	11_out.str2_pc > 11_out-lightset.xtbl	11_out-lightset.xtbl	m01	  <Light>       <Name>S08_soldier_blu_rim01</Name>       <Type>circular spotlight</
cutscenes.vpp_pc	11_out.str2_pc > 11_out-lightset.xtbl	11_out-lightset.xtbl	m01	  <Light>       <Name>S09_soldier_blu_rim01</Name>       <Type>circular spotlight</
cutscenes.vpp_pc	11_out.str2_pc > 11_out-lightset.xtbl	11_out-lightset.xtbl	m01	<Light>       <Name>S11_commander_blu_rim01</Name>       <Type>circular spotlight</
cutscenes.vpp_pc	11_out.str2_pc > 11_out-lightset.xtbl	11_out-lightset.xtbl	m01	<Light>       <Name>S12_commander_blu_rim01</Name>       <Type>circular spotlight</
cutscenes.vpp_pc	11_out.str2_pc > 11_out-lightset.xtbl	11_out-lightset.xtbl	m01	  <Light>       <Name>S12_soldier_blu_rim01</Name>       <Type>circular spotlight</
cutscenes.vpp_pc	11_out.str2_pc > 11_out-lightset.xtbl	11_out-lightset.xtbl	m02	  <Light>       <Name>S08_soldier_blu_rim02</Name>       <Type>circular spotlight</
cutscenes.vpp_pc	11_out.str2_pc > 11_out-lightset.xtbl	11_out-lightset.xtbl	m02	  <Light>       <Name>S09_soldier_blu_rim02</Name>       <Type>circular spotlight</
cutscenes.vpp_pc	14_in_f.str2_pc > 14_in-lightset.xtbl	14_in-lightset.xtbl	m14	0</Attenuation>       <Slate_Name>slate_m14_tvstudio</Slate_Name>      </Light>    
cutscenes.vpp_pc	14_in_f.str2_pc > 14_in-lightset.xtbl	14_in-lightset.xtbl	m14	5</Attenuation>       <Slate_Name>slate_m14_tvstudio</Slate_Name>      </Light>    
cutscenes.vpp_pc	14_in_f.str2_pc > 14_in-lightset.xtbl	14_in-lightset.xtbl	m14	5</Attenuation>       <Slate_Name>slate_m14_tvstudio</Slate_Name>      </Light>    
cutscenes.vpp_pc	14_in_f.str2_pc > 14_in-lightset.xtbl	14_in-lightset.xtbl	m14	0</Attenuation>       <Slate_Name>slate_m14_tvstudio</Slate_Name>      </Light>    
cutscenes.vpp_pc	14_in_f.str2_pc > 14_in-lightset.xtbl	14_in-lightset.xtbl	m14	5</Attenuation>       <Slate_Name>slate_m14_tvstudio</Slate_Name>      </Light>    
cutscenes.vpp_pc	14_in_f.str2_pc > 14_in-lightset.xtbl	14_in-lightset.xtbl	m14	0</Attenuation>       <Slate_Name>slate_m14_tvstudio</Slate_Name>      </Light>    
cutscenes.vpp_pc	14_in_f.str2_pc > 14_in-lightset.xtbl	14_in-lightset.xtbl	m14	0</Attenuation>       <Slate_Name>slate_m14_tvstudio</Slate_Name>      </Light>    
cutscenes.vpp_pc	14_in_f.str2_pc > 14_in-lightset.xtbl	14_in-lightset.xtbl	m14	0</Attenuation>       <Slate_Name>slate_m14_tvstudio</Slate_Name>      </Light>    
cutscenes.vpp_pc	14_in_f.str2_pc > 14_in-lightset.xtbl	14_in-lightset.xtbl	m14	5</Attenuation>       <Slate_Name>slate_m14_tvstudio</Slate_Name>      </Light>    
cutscenes.vpp_pc	14_in_f.str2_pc > 14_in-lightset.xtbl	14_in-lightset.xtbl	m14	5</Attenuation>       <Slate_Name>slate_m14_tvstudio</Slate_Name>      </Light>    
cutscenes.vpp_pc	14_in_f.str2_pc > 14_in-lightset.xtbl	14_in-lightset.xtbl	m14	5</Attenuation>       <Slate_Name>slate_m14_tvstudio</Slate_Name>      </Light>    
cutscenes.vpp_pc	14_in_f.str2_pc > 14_in-lightset.xtbl	14_in-lightset.xtbl	m14	5</Attenuation>       <Slate_Name>slate_m14_tvstudio</Slate_Name>      </Light>    
cutscenes.vpp_pc	14_in_f.str2_pc > 14_in-lightset.xtbl	14_in-lightset.xtbl	m14	0</Attenuation>       <Slate_Name>slate_m14_tvstudio</Slate_Name>      </Light>    
cutscenes.vpp_pc	14_in_f.str2_pc > 14_in-lightset.xtbl	14_in-lightset.xtbl	m14	0</Attenuation>       <Slate_Name>slate_m14_tvstudio</Slate_Name>      </Light>    
cutscenes.vpp_pc	14_in_f.str2_pc > 14_in-lightset.xtbl	14_in-lightset.xtbl	m14	0</Attenuation>       <Slate_Name>slate_m14_tvstudio</Slate_Name>      </Light>    
cutscenes.vpp_pc	14_in_f.str2_pc > 14_in-lightset.xtbl	14_in-lightset.xtbl	m14	5</Attenuation>       <Slate_Name>slate_m14_tvstudio</Slate_Name>      </Light>    
cutscenes.vpp_pc	14_in_f.str2_pc > 14_in-lightset.xtbl	14_in-lightset.xtbl	m14	5</Attenuation>       <Slate_Name>slate_m14_tvstudio</Slate_Name>      </Light>    
cutscenes.vpp_pc	14_in_f.str2_pc > 14_in-lightset.xtbl	14_in-lightset.xtbl	m14	5</Attenuation>       <Slate_Name>slate_m14_tvstudio</Slate_Name>      </Light>    
cutscenes.vpp_pc	14_in_f.str2_pc > 14_in-lightset.xtbl	14_in-lightset.xtbl	m14	5</Attenuation>       <Slate_Name>slate_m14_tvstudio</Slate_Name>      </Light>    
cutscenes.vpp_pc	14_in_f.str2_pc > 14_in-lightset.xtbl	14_in-lightset.xtbl	m14	5</Attenuation>       <Slate_Name>slate_m14_tvstudio</Slate_Name>      </Light>    
cutscenes.vpp_pc	14_in_f.str2_pc > 14_in-lightset.xtbl	14_in-lightset.xtbl	m14	5</Attenuation>       <Slate_Name>slate_m14_tvstudio</Slate_Name>      </Light>    
cutscenes.vpp_pc	14_in_f.str2_pc > 14_in-lightset.xtbl	14_in-lightset.xtbl	m14	5</Attenuation>       <Slate_Name>slate_m14_tvstudio</Slate_Name>      </Light>    
cutscenes.vpp_pc	14_in_f.str2_pc > 14_in-lightset.xtbl	14_in-lightset.xtbl	m14	0</Attenuation>       <Slate_Name>slate_m14_tvstudio</Slate_Name>      </Light>    
cutscenes.vpp_pc	14_in_f.str2_pc > 14_in-lightset.xtbl	14_in-lightset.xtbl	m14	5</Attenuation>       <Slate_Name>slate_m14_tvstudio</Slate_Name>      </Light>    
cutscenes.vpp_pc	14_in_f.str2_pc > 14_in-lightset.xtbl	14_in-lightset.xtbl	m14	5</Attenuation>       <Slate_Name>slate_m14_tvstudio</Slate_Name>      </Light>    
cutscenes.vpp_pc	14_in_f.str2_pc > 14_in-lightset.xtbl	14_in-lightset.xtbl	m14	5</Attenuation>       <Slate_Name>slate_m14_tvstudio</Slate_Name>      </Light>    
cutscenes.vpp_pc	14_in_f.str2_pc > 14_in-lightset.xtbl	14_in-lightset.xtbl	m14	5</Attenuation>       <Slate_Name>slate_m14_tvstudio</Slate_Name>      </Light>    
cutscenes.vpp_pc	14_in_f.str2_pc > 14_in-lightset.xtbl	14_in-lightset.xtbl	m14	0</Attenuation>       <Slate_Name>slate_m14_tvstudio</Slate_Name>      </Light>    
cutscenes.vpp_pc	14_in_f.str2_pc > 14_in-lightset.xtbl	14_in-lightset.xtbl	m14	 <Ambient_Grid>       <Slate_Name>slate_m14_tvstudio</Slate_Name>       <Level_Ambi
cutscenes.vpp_pc	09_in.str2_pc > 09_in-lightset.xtbl	09_in-lightset.xtbl	m01	ht>      <Light>       <Name>S09_Ship_Rim01</Name>       <Type>circular spotlight</
cutscenes.vpp_pc	23_out_f.str2_pc > 23_out-lightset.xtbl	23_out-lightset.xtbl	m01	     <Light>       <Name>17_Character_Rim01</Name>       <Type>circular spotlight</
cutscenes.vpp_pc	07_out.str2_pc > 07_out-lightset.xtbl	07_out-lightset.xtbl	m01	      <Light>       <Name>17_Killbane_Rim01</Name>       <Type>circular spotlight</
cutscenes.vpp_pc	02_in.str2_pc > 02_in-lightset.xtbl	02_in-lightset.xtbl	m02	 <Ambient_Grid>       <Slate_Name>slate_m02_planeshot</Slate_Name>       <Level_Amb
cutscenes.vpp_pc	06_Mid_f.str2_pc > 06_mid-lightset.xtbl	06_mid-lightset.xtbl	m01	hts>      <Light>       <Name>S01_red_rim01</Name>       <Type>circular spotlight</
cutscenes.vpp_pc	06_Mid_f.str2_pc > 06_mid-lightset.xtbl	06_mid-lightset.xtbl	m01	    <Light>       <Name>S15_blue_left_rim01</Name>       <Type>circular spotlight</
cutscenes.vpp_pc	06_Mid_f.str2_pc > 06_mid-lightset.xtbl	06_mid-lightset.xtbl	m02	ght>      <Light>       <Name>S01_red_rim02</Name>       <Type>circular spotlight</
cutscenes.vpp_pc	06_Mid_f.str2_pc > 06_mid-lightset.xtbl	06_mid-lightset.xtbl	m02	ht>      <Light>       <Name>S15_blue_rim02</Name>       <Type>circular spotlight</
cutscenes.vpp_pc	06_Mid_f.str2_pc > 06_mid-lightset.xtbl	06_mid-lightset.xtbl	m03	ht>      <Light>       <Name>S15_blue_rim03</Name>       <Type>circular spotlight</
cutscenes.vpp_pc	16_in_f.str2_pc > 16_in-lightset.xtbl	16_in-lightset.xtbl	m01	ht>      <Light>       <Name>S01_ChairRim01</Name>       <Type>circular spotlight</
cutscenes.vpp_pc	16_in_f.str2_pc > 16_in-lightset.xtbl	16_in-lightset.xtbl	m01	t>      <Light>       <Name>Sh02_ChairRim01</Name>       <Type>circular spotlight</
cutscenes.vpp_pc	16_in_f.str2_pc > 16_in-lightset.xtbl	16_in-lightset.xtbl	m01	ight>      <Light>       <Name>Sh02_PCRim01</Name>       <Type>circular spotlight</
cutscenes.vpp_pc	16_in_f.str2_pc > 16_in-lightset.xtbl	16_in-lightset.xtbl	m01	ight>      <Light>       <Name>Sh04_PCRim01</Name>       <Type>circular spotlight</
cutscenes.vpp_pc	16_in_f.str2_pc > 16_in-lightset.xtbl	16_in-lightset.xtbl	m01	ght>      <Light>       <Name>Sh06_KNZRim01</Name>       <Type>circular spotlight</
cutscenes.vpp_pc	16_in_f.str2_pc > 16_in-lightset.xtbl	16_in-lightset.xtbl	m01	>      <Light>       <Name>Sh06_PurplrRim01</Name>       <Type>circular spotlight</
cutscenes.vpp_pc	16_in_f.str2_pc > 16_in-lightset.xtbl	16_in-lightset.xtbl	m01	    <Light>       <Name>Sh08_ChaPurpleRim01</Name>       <Type>circular spotlight</
cutscenes.vpp_pc	16_in_f.str2_pc > 16_in-lightset.xtbl	16_in-lightset.xtbl	m01	ght>      <Light>       <Name>Sh08_KnzRim01</Name>       <Type>circular spotlight</
cutscenes.vpp_pc	16_in_f.str2_pc > 16_in-lightset.xtbl	16_in-lightset.xtbl	m01	ght>      <Light>       <Name>Sh10_KnzRim01</Name>       <Type>circular spotlight</
cutscenes.vpp_pc	16_in_f.str2_pc > 16_in-lightset.xtbl	16_in-lightset.xtbl	m01	    <Light>       <Name>Sh12_ChairBlueRim01</Name>       <Type>circular spotlight</
cutscenes.vpp_pc	16_in_f.str2_pc > 16_in-lightset.xtbl	16_in-lightset.xtbl	m02	ht>      <Light>       <Name>S01_ChairRim02</Name>       <Type>circular spotlight</
cutscenes.vpp_pc	16_in_f.str2_pc > 16_in-lightset.xtbl	16_in-lightset.xtbl	m02	t>      <Light>       <Name>Sh02_ChairRim02</Name>       <Type>circular spotlight</
cutscenes.vpp_pc	16_in_f.str2_pc > 16_in-lightset.xtbl	16_in-lightset.xtbl	m02	ght>      <Light>       <Name>Sh10_KnzRim02</Name>       <Type>circular spotlight</
cutscenes.vpp_pc	17_in.str2_pc > 17_in-lightset.xtbl	17_in-lightset.xtbl	m01	>      <Light>       <Name>S01_Pierce_Rim01</Name>       <Type>circular spotlight</
cutscenes.vpp_pc	17_in.str2_pc > 17_in-lightset.xtbl	17_in-lightset.xtbl	m02	ight>      <Light>       <Name>S01_PC_Rim02</Name>       <Type>circular spotlight</
cutscenes.vpp_pc	07_In_f.str2_pc > 07_in-lightset.xtbl	07_in-lightset.xtbl	m01	ght>      <Light>       <Name>S07_car_rim01</Name>       <Type>circular spotlight</
cutscenes.vpp_pc	07_In_f.str2_pc > 07_in-lightset.xtbl	07_in-lightset.xtbl	m01	<Light>       <Name>S39_killbane_moon_rim01</Name>       <Type>circular spotlight</
cutscenes.vpp_pc	12_Out.str2_pc > 12_out-lightset.xtbl	12_out-lightset.xtbl	m01	t>      <Light>       <Name>S09_Cloth_Rim01</Name>       <Type>circular spotlight</
cutscenes.vpp_pc	12_Out.str2_pc > 12_out-lightset.xtbl	12_out-lightset.xtbl	m01	ht>      <Light>       <Name>S09_STAG_Rim01</Name>       <Type>circular spotlight</
cutscenes.vpp_pc	12_Out.str2_pc > 12_out-lightset.xtbl	12_out-lightset.xtbl	m01	    <Light>       <Name>S10_STAG_Blue_Rim01</Name>       <Type>circular spotlight</
cutscenes.vpp_pc	12_Out.str2_pc > 12_out-lightset.xtbl	12_out-lightset.xtbl	m01	t>      <Light>       <Name>S11_Cyrus_Rim01</Name>       <Type>circular spotlight</
cutscenes.vpp_pc	12_Out.str2_pc > 12_out-lightset.xtbl	12_out-lightset.xtbl	m02	t>      <Light>       <Name>S09_Cyrus_Rim02</Name>       <Type>circular spotlight</
cutscenes.vpp_pc	12_Out.str2_pc > 12_out-lightset.xtbl	12_out-lightset.xtbl	m02	    <Light>       <Name>S10_STAG_Blue_Rim02</Name>       <Type>circular spotlight</
cutscenes.vpp_pc	05_out_f.str2_pc > 05_out-lightset.xtbl	05_out-lightset.xtbl	m01	     <Light>       <Name>S02_Killbane_Rim01</Name>       <Type>circular spotlight</
cutscenes.vpp_pc	05_out_f.str2_pc > 05_out-lightset.xtbl	05_out-lightset.xtbl	m02	     <Light>       <Name>S02_Killbane_Rim02</Name>       <Type>circular spotlight</
cutscenes.vpp_pc	19_in.str2_pc > 19_in-lightset.xtbl	19_in-lightset.xtbl	sh01	>     <Lights>      <Light>       <Name>sh01_ceiling_fill_A</Name>       <Type>circu
cutscenes.vpp_pc	19_in.str2_pc > 19_in-lightset.xtbl	19_in-lightset.xtbl	sh01	      </Light>      <Light>       <Name>sh01_ceiling_fill_B</Name>       <Type>circu
cutscenes.vpp_pc	19_in.str2_pc > 19_in-lightset.xtbl	19_in-lightset.xtbl	sh01	      </Light>      <Light>       <Name>sh01_pc+viola_neg</Name>       <Type>circula
cutscenes.vpp_pc	19_in.str2_pc > 19_in-lightset.xtbl	19_in-lightset.xtbl	sh01	      </Light>      <Light>       <Name>sh01_pc_fill</Name>       <Type>circular spo
cutscenes.vpp_pc	19_in.str2_pc > 19_in-lightset.xtbl	19_in-lightset.xtbl	sh01	      </Light>      <Light>       <Name>sh01_pc_key</Name>       <Type>circular spot
cutscenes.vpp_pc	19_in.str2_pc > 19_in-lightset.xtbl	19_in-lightset.xtbl	sh01	      </Light>      <Light>       <Name>sh01_pc_rim</Name>       <Type>circular spot
cutscenes.vpp_pc	19_in.str2_pc > 19_in-lightset.xtbl	19_in-lightset.xtbl	sh01	      </Light>      <Light>       <Name>sh01_viola_door_rim</Name>       <Type>circu
cutscenes.vpp_pc	19_in.str2_pc > 19_in-lightset.xtbl	19_in-lightset.xtbl	sh02	      </Light>      <Light>       <Name>sh02_pc_door_rim</Name>       <Type>circular
cutscenes.vpp_pc	19_in.str2_pc > 19_in-lightset.xtbl	19_in-lightset.xtbl	sh02	      </Light>      <Light>       <Name>sh02_pc_neg</Name>       <Type>circular spot
cutscenes.vpp_pc	19_in.str2_pc > 19_in-lightset.xtbl	19_in-lightset.xtbl	sh02	      </Light>      <Light>       <Name>sh02_viola_key</Name>       <Type>circular s
cutscenes.vpp_pc	19_in.str2_pc > 19_in-lightset.xtbl	19_in-lightset.xtbl	sh02	      </Light>      <Light>       <Name>sh02_viola_rim</Name>       <Type>circular s
cutscenes.vpp_pc	21_Out.str2_pc > 21_out-lightset.xtbl	21_out-lightset.xtbl	m01	ht>      <Light>       <Name>03_Angel_Rim01</Name>       <Type>circular spotlight</
cutscenes.vpp_pc	21_Out.str2_pc > 21_out-lightset.xtbl	21_out-lightset.xtbl	m01	 </Light>      <Light>       <Name>12_Rim01</Name>       <Type>circular spotlight</
cutscenes.vpp_pc	21_in_f.str2_pc > 21_in-lightset.xtbl	21_in-lightset.xtbl	m01	     <Light>       <Name>08_Character_Rim01</Name>       <Type>circular spotlight</
cutscenes.vpp_pc	21_in_f.str2_pc > 21_in-lightset.xtbl	21_in-lightset.xtbl	m01	t>      <Light>       <Name>09_Player_Rim01</Name>       <Type>circular spotlight</
cutscenes.vpp_pc	21_in_f.str2_pc > 21_in-lightset.xtbl	21_in-lightset.xtbl	m01	ht>      <Light>       <Name>16_Angel_Rim01</Name>       <Type>circular spotlight</
cutscenes.vpp_pc	21_in_f.str2_pc > 21_in-lightset.xtbl	21_in-lightset.xtbl	m01	      <Light>       <Name>19_Killbane_Rim01</Name>       <Type>circular spotlight</
cutscenes.vpp_pc	21_in_f.str2_pc > 21_in-lightset.xtbl	21_in-lightset.xtbl	m02	ht>      <Light>       <Name>18_Angel_Rim02</Name>       <Type>circular spotlight</
da_tables.vpp_pc	_a_dt_dt_03.xtbl	_a_dt_dt_03.xtbl	m05	pawn>        <Buyer_Type>npc_ped_youngfem05_fw</Buyer_Type>        <Offroad_Start>o
da_tables.vpp_pc	_a_dt_ne_01.xtbl	_a_dt_ne_01.xtbl	m05	pawn>        <Buyer_Type>npc_ped_youngfem05_fw</Buyer_Type>        </Deal>       <D
da_tables.vpp_pc	_a_rm_dt_01.xtbl	_a_rm_dt_01.xtbl	m01	Targets</Timer>        <Trigger_Name>Room01_trigger</Trigger_Name>        </Target>
da_tables.vpp_pc	_a_rm_dt_01.xtbl	_a_rm_dt_01.xtbl	m01	t</Target_Type>        <Trigger_Name>Room01_triggerA</Trigger_Name>        <Timer>T
da_tables.vpp_pc	_a_rm_dt_01.xtbl	_a_rm_dt_01.xtbl	m01	t</Target_Type>        <Trigger_Name>Room01_triggerB</Trigger_Name>        <Timer>T
da_tables.vpp_pc	_a_rm_dt_02.xtbl	_a_rm_dt_02.xtbl	m01	>Pop-up</Timer>        <Trigger_Name>Room01 trigger 02</Trigger_Name>        </Targ
da_tables.vpp_pc	_a_rm_dt_02.xtbl	_a_rm_dt_02.xtbl	m01	>Pop-up</Timer>        <Trigger_Name>Room01 trigger 02</Trigger_Name>        </Targ
da_tables.vpp_pc	_a_rm_dt_02.xtbl	_a_rm_dt_02.xtbl	m01	>Pop-up</Timer>        <Trigger_Name>Room01 trigger 04</Trigger_Name>        </Targ
da_tables.vpp_pc	_a_rm_dt_02.xtbl	_a_rm_dt_02.xtbl	m01	t</Target_Type>        <Trigger_Name>Room01 trigger 01a</Trigger_Name>        <Time
da_tables.vpp_pc	_a_rm_dt_02.xtbl	_a_rm_dt_02.xtbl	m01	>Pop-up</Timer>        <Trigger_Name>Room01 trigger 03</Trigger_Name>        </Targ
da_tables.vpp_pc	_a_rm_dt_02.xtbl	_a_rm_dt_02.xtbl	m01	>Pop-up</Timer>        <Trigger_Name>Room01 trigger 03</Trigger_Name>        </Targ
da_tables.vpp_pc	_a_rm_dt_02.xtbl	_a_rm_dt_02.xtbl	m02	>Pop-up</Timer>        <Trigger_Name>Room02_trigger 01</Trigger_Name>        </Targ
da_tables.vpp_pc	_a_rm_dt_02.xtbl	_a_rm_dt_02.xtbl	m02	t</Target_Type>        <Trigger_Name>Room02_trigger 02</Trigger_Name>        <Timer
da_tables.vpp_pc	_a_rm_dt_02.xtbl	_a_rm_dt_02.xtbl	m02	t</Target_Type>        <Trigger_Name>Room02_trigger 03</Trigger_Name>        <Timer
da_tables.vpp_pc	_a_rm_dt_02.xtbl	_a_rm_dt_02.xtbl	m02	>Pop-up</Timer>        <Trigger_Name>Room02_trigger 02</Trigger_Name>        </Targ
da_tables.vpp_pc	_a_rm_dt_02.xtbl	_a_rm_dt_02.xtbl	m02	t</Target_Type>        <Trigger_Name>Room02_trigger 04</Trigger_Name>        <Timer
da_tables.vpp_pc	_a_rm_dt_02.xtbl	_a_rm_dt_02.xtbl	m02	t</Target_Type>        <Trigger_Name>Room02_trigger 05</Trigger_Name>        <Timer
da_tables.vpp_pc	_a_rm_dt_02.xtbl	_a_rm_dt_02.xtbl	m02	t</Target_Type>        <Trigger_Name>Room02_trigger 04</Trigger_Name>        <Timer
da_tables.vpp_pc	_a_rm_dt_02.xtbl	_a_rm_dt_02.xtbl	m03	t</Target_Type>        <Trigger_Name>Room03_trigger 02</Trigger_Name>        <Timer
da_tables.vpp_pc	_a_rm_dt_02.xtbl	_a_rm_dt_02.xtbl	m03	t</Target_Type>        <Trigger_Name>Room03_trigger 03</Trigger_Name>        <Timer
da_tables.vpp_pc	_a_rm_dt_03.xtbl	_a_rm_dt_03.xtbl	m01	 <Fire_Trap>          <Damage_Region>Room01_T01</Damage_Region>          <Script_Na
da_tables.vpp_pc	_a_rm_dt_03.xtbl	_a_rm_dt_03.xtbl	m02	rget_Type>        <Trigger_Name>Last_room02</Trigger_Name>        <Timer>PopUp</Tim
da_tables.vpp_pc	_a_rm_dt_03.xtbl	_a_rm_dt_03.xtbl	m02	rget_Type>        <Trigger_Name>Last_room02</Trigger_Name>        <Timer>PopUp</Tim
da_tables.vpp_pc	_a_rm_dt_03.xtbl	_a_rm_dt_03.xtbl	m02	rget_Type>        <Trigger_Name>Last_room02</Trigger_Name>        <Timer>PopUp</Tim
da_tables.vpp_pc	_a_rm_dt_03.xtbl	_a_rm_dt_03.xtbl	m03	t</Target_Type>        <Trigger_Name>Room03R</Trigger_Name>        <Timer>PopUp</Ti
da_tables.vpp_pc	_a_rm_dt_03.xtbl	_a_rm_dt_03.xtbl	m06	t</Target_Type>        <Trigger_Name>Room06a</Trigger_Name>        <Timer>PopUp</Ti
da_tables.vpp_pc	_a_rm_dt_03.xtbl	_a_rm_dt_03.xtbl	m06	t</Target_Type>        <Trigger_Name>Room06</Trigger_Name>        <Timer>PopUp</Tim
da_tables.vpp_pc	_a_rm_dt_03.xtbl	_a_rm_dt_03.xtbl	m06	t</Target_Type>        <Trigger_Name>Room06</Trigger_Name>        <Timer>PopUp</Tim
da_tables.vpp_pc	_a_rm_dt_03.xtbl	_a_rm_dt_03.xtbl	m06	t</Target_Type>        <Trigger_Name>Room06_hall</Trigger_Name>        <Timer>PopUp
da_tables.vpp_pc	_a_rm_dt_03.xtbl	_a_rm_dt_03.xtbl	m06	t</Target_Type>        <Trigger_Name>Room06</Trigger_Name>        <Timer>PopUp</Tim
da_tables.vpp_pc	_a_rm_sw_01.xtbl	_a_rm_sw_01.xtbl	m01	ectric_Trap>          <Damage_Region>Room01_E01</Damage_Region>          <Script_Na
da_tables.vpp_pc	_a_rm_sw_01.xtbl	_a_rm_sw_01.xtbl	m01	ectric_Trap>          <Damage_Region>Room01_E02</Damage_Region>          <Script_Na
da_tables.vpp_pc	_a_rm_sw_01.xtbl	_a_rm_sw_01.xtbl	m01	ectric_Trap>          <Damage_Region>Room01_E03</Damage_Region>          <Script_Na
da_tables.vpp_pc	_a_rm_sw_01.xtbl	_a_rm_sw_01.xtbl	m02	t</Target_Type>        <Trigger_Name>Room02_target02</Trigger_Name>        <Timer>P
da_tables.vpp_pc	_a_rm_sw_01.xtbl	_a_rm_sw_01.xtbl	m02	t</Target_Type>        <Trigger_Name>Room02_target02</Trigger_Name>        <Timer>P
da_tables.vpp_pc	_a_rm_sw_01.xtbl	_a_rm_sw_01.xtbl	m02	t</Target_Type>        <Trigger_Name>Room02_target01</Trigger_Name>        <Timer>P
da_tables.vpp_pc	_a_rm_sw_01.xtbl	_a_rm_sw_01.xtbl	m02	t</Target_Type>        <Trigger_Name>Room02_target01</Trigger_Name>        <Timer>P
da_tables.vpp_pc	_a_rm_sw_01.xtbl	_a_rm_sw_01.xtbl	m02	t</Target_Type>        <Trigger_Name>Room02_target01</Trigger_Name>        <Timer>P
da_tables.vpp_pc	_a_rm_sw_01.xtbl	_a_rm_sw_01.xtbl	m02	t</Target_Type>        <Trigger_Name>Room02_target01</Trigger_Name>        <Timer>P
da_tables.vpp_pc	_a_tb_nw_01.xtbl	_a_tb_nw_01.xtbl	m16	l_Scale>       <Refract_Situation>cyber_m16</Refract_Situation>       </Screen_Effe
da_tables.vpp_pc	_a_tb_nw_02.xtbl	_a_tb_nw_02.xtbl	m16	l_Scale>       <Refract_Situation>cyber_m16</Refract_Situation>       </Screen_Effe
da_tables.vpp_pc	_a_tb_nw_03.xtbl	_a_tb_nw_03.xtbl	m16	l_Scale>       <Refract_Situation>cyber_m16</Refract_Situation>       </Screen_Effe
da_tables.vpp_pc	sr3_city_challenges.xtbl	sr3_city_challenges.xtbl	m03	  <Unlock_Requirement>     <Unlock_Name>m03</Unlock_Name>     </Unlock_Requirement>
da_tables.vpp_pc	sr3_city_challenges.xtbl	sr3_city_challenges.xtbl	m03	  <Unlock_Requirement>     <Unlock_Name>m03</Unlock_Name>     </Unlock_Requirement>
da_tables.vpp_pc	sr3_city_challenges.xtbl	sr3_city_challenges.xtbl	m03	  <Unlock_Requirement>     <Unlock_Name>m03</Unlock_Name>     </Unlock_Requirement>
da_tables.vpp_pc	sr3_city_challenges.xtbl	sr3_city_challenges.xtbl	m03	  <Unlock_Requirement>     <Unlock_Name>m03</Unlock_Name>     </Unlock_Requirement>
da_tables.vpp_pc	sr3_city_challenges.xtbl	sr3_city_challenges.xtbl	m03	  <Unlock_Requirement>     <Unlock_Name>m03</Unlock_Name>     </Unlock_Requirement>
da_tables.vpp_pc	sr3_city_challenges.xtbl	sr3_city_challenges.xtbl	m03	  <Unlock_Requirement>     <Unlock_Name>m03</Unlock_Name>     </Unlock_Requirement>
da_tables.vpp_pc	sr3_city_challenges.xtbl	sr3_city_challenges.xtbl	m03	  <Unlock_Requirement>     <Unlock_Name>m03</Unlock_Name>     </Unlock_Requirement>
da_tables.vpp_pc	sr3_city_challenges.xtbl	sr3_city_challenges.xtbl	m03	  <Unlock_Requirement>     <Unlock_Name>m03</Unlock_Name>     </Unlock_Requirement>
da_tables.vpp_pc	sr3_city_challenges.xtbl	sr3_city_challenges.xtbl	m03	  <Unlock_Requirement>     <Unlock_Name>m03</Unlock_Name>     </Unlock_Requirement>
da_tables.vpp_pc	sr3_city_challenges.xtbl	sr3_city_challenges.xtbl	m03	  <Unlock_Requirement>     <Unlock_Name>m03</Unlock_Name>     </Unlock_Requirement>
da_tables.vpp_pc	sr3_city_challenges.xtbl	sr3_city_challenges.xtbl	m03	  <Unlock_Requirement>     <Unlock_Name>m03</Unlock_Name>     </Unlock_Requirement>
da_tables.vpp_pc	sr3_city_challenges.xtbl	sr3_city_challenges.xtbl	m03	  <Unlock_Requirement>     <Unlock_Name>m03</Unlock_Name>     </Unlock_Requirement>
da_tables.vpp_pc	sr3_city_challenges.xtbl	sr3_city_challenges.xtbl	m03	  <Unlock_Requirement>     <Unlock_Name>m03</Unlock_Name>     </Unlock_Requirement>
da_tables.vpp_pc	sr3_city_challenges.xtbl	sr3_city_challenges.xtbl	m03	  <Unlock_Requirement>     <Unlock_Name>m03</Unlock_Name>     </Unlock_Requirement>
da_tables.vpp_pc	sr3_city_challenges.xtbl	sr3_city_challenges.xtbl	m03	  <Unlock_Requirement>     <Unlock_Name>m03</Unlock_Name>     </Unlock_Requirement>
da_tables.vpp_pc	sr3_city_challenges.xtbl	sr3_city_challenges.xtbl	m03	  <Unlock_Requirement>     <Unlock_Name>m03</Unlock_Name>     </Unlock_Requirement>
da_tables.vpp_pc	sr3_city_challenges.xtbl	sr3_city_challenges.xtbl	m03	  <Unlock_Requirement>     <Unlock_Name>m03</Unlock_Name>     </Unlock_Requirement>
da_tables.vpp_pc	sr3_city_challenges.xtbl	sr3_city_challenges.xtbl	m03	  <Unlock_Requirement>     <Unlock_Name>m03</Unlock_Name>     </Unlock_Requirement>
da_tables.vpp_pc	sr3_city_challenges.xtbl	sr3_city_challenges.xtbl	m03	  <Unlock_Requirement>     <Unlock_Name>m03</Unlock_Name>     </Unlock_Requirement>
da_tables.vpp_pc	sr3_city_challenges.xtbl	sr3_city_challenges.xtbl	m03	  <Unlock_Requirement>     <Unlock_Name>m03</Unlock_Name>     </Unlock_Requirement>
da_tables.vpp_pc	sr3_city_challenges.xtbl	sr3_city_challenges.xtbl	m03	  <Unlock_Requirement>     <Unlock_Name>m03</Unlock_Name>     </Unlock_Requirement>
da_tables.vpp_pc	sr3_city_challenges.xtbl	sr3_city_challenges.xtbl	m03	  <Unlock_Requirement>     <Unlock_Name>m03</Unlock_Name>     </Unlock_Requirement>
da_tables.vpp_pc	sr3_city_challenges.xtbl	sr3_city_challenges.xtbl	m03	  <Unlock_Requirement>     <Unlock_Name>m03</Unlock_Name>     </Unlock_Requirement>
da_tables.vpp_pc	sr3_city_challenges.xtbl	sr3_city_challenges.xtbl	m03	  <Unlock_Requirement>     <Unlock_Name>m03</Unlock_Name>     </Unlock_Requirement>
da_tables.vpp_pc	sr3_city_challenges.xtbl	sr3_city_challenges.xtbl	m03	  <Unlock_Requirement>     <Unlock_Name>m03</Unlock_Name>     </Unlock_Requirement>
da_tables.vpp_pc	sr3_city_challenges.xtbl	sr3_city_challenges.xtbl	m03	  <Unlock_Requirement>     <Unlock_Name>m03</Unlock_Name>     </Unlock_Requirement>
da_tables.vpp_pc	sr3_city_challenges.xtbl	sr3_city_challenges.xtbl	m03	  <Unlock_Requirement>     <Unlock_Name>m03</Unlock_Name>     </Unlock_Requirement>
da_tables.vpp_pc	sr3_city_challenges.xtbl	sr3_city_challenges.xtbl	m03	  <Unlock_Requirement>     <Unlock_Name>m03</Unlock_Name>     </Unlock_Requirement>
da_tables.vpp_pc	sr3_city_challenges.xtbl	sr3_city_challenges.xtbl	m03	  <Unlock_Requirement>     <Unlock_Name>m03</Unlock_Name>     </Unlock_Requirement>
da_tables.vpp_pc	sr3_city_challenges.xtbl	sr3_city_challenges.xtbl	m03	  <Unlock_Requirement>     <Unlock_Name>m03</Unlock_Name>     </Unlock_Requirement>
da_tables.vpp_pc	sr3_city_challenges.xtbl	sr3_city_challenges.xtbl	m06	  <Unlock_Requirement>     <Unlock_Name>m06</Unlock_Name>     </Unlock_Requirement>
da_tables.vpp_pc	sr3_city_challenges.xtbl	sr3_city_challenges.xtbl	m06	  <Unlock_Requirement>     <Unlock_Name>m06</Unlock_Name>     </Unlock_Requirement>
da_tables.vpp_pc	sr3_city_challenges.xtbl	sr3_city_challenges.xtbl	m06	  <Unlock_Requirement>     <Unlock_Name>m06</Unlock_Name>     </Unlock_Requirement>
da_tables.vpp_pc	sr3_city_challenges.xtbl	sr3_city_challenges.xtbl	m06	  <Unlock_Requirement>     <Unlock_Name>m06</Unlock_Name>     </Unlock_Requirement>
da_tables.vpp_pc	sr3_city_challenges.xtbl	sr3_city_challenges.xtbl	m06	  <Unlock_Requirement>     <Unlock_Name>m06</Unlock_Name>     </Unlock_Requirement>
da_tables.vpp_pc	sr3_city_challenges.xtbl	sr3_city_challenges.xtbl	m06	  <Unlock_Requirement>     <Unlock_Name>m06</Unlock_Name>     </Unlock_Requirement>
da_tables.vpp_pc	sr3_city_challenges.xtbl	sr3_city_challenges.xtbl	m06	  <Unlock_Requirement>     <Unlock_Name>m06</Unlock_Name>     </Unlock_Requirement>
da_tables.vpp_pc	sr3_city_challenges.xtbl	sr3_city_challenges.xtbl	m06	  <Unlock_Requirement>     <Unlock_Name>m06</Unlock_Name>     </Unlock_Requirement>
da_tables.vpp_pc	sr3_city_challenges.xtbl	sr3_city_challenges.xtbl	m06	  <Unlock_Requirement>     <Unlock_Name>m06</Unlock_Name>     </Unlock_Requirement>
da_tables.vpp_pc	sr3_city_challenges.xtbl	sr3_city_challenges.xtbl	m07	  <Unlock_Requirement>     <Unlock_Name>m07</Unlock_Name>     </Unlock_Requirement>
da_tables.vpp_pc	sr3_city_challenges.xtbl	sr3_city_challenges.xtbl	m07	  <Unlock_Requirement>     <Unlock_Name>m07</Unlock_Name>     </Unlock_Requirement>
da_tables.vpp_pc	sr3_city_challenges.xtbl	sr3_city_challenges.xtbl	m07	  <Unlock_Requirement>     <Unlock_Name>m07</Unlock_Name>     </Unlock_Requirement>
da_tables.vpp_pc	sr3_city_challenges.xtbl	sr3_city_challenges.xtbl	m07	  <Unlock_Requirement>     <Unlock_Name>m07</Unlock_Name>     </Unlock_Requirement>
da_tables.vpp_pc	sr3_city_challenges.xtbl	sr3_city_challenges.xtbl	m07	  <Unlock_Requirement>     <Unlock_Name>m07</Unlock_Name>     </Unlock_Requirement>
da_tables.vpp_pc	sr3_city_challenges.xtbl	sr3_city_challenges.xtbl	m07	  <Unlock_Requirement>     <Unlock_Name>m07</Unlock_Name>     </Unlock_Requirement>
da_tables.vpp_pc	sr3_city_challenges.xtbl	sr3_city_challenges.xtbl	m07	  <Unlock_Requirement>     <Unlock_Name>m07</Unlock_Name>     </Unlock_Requirement>
da_tables.vpp_pc	sr3_city_challenges.xtbl	sr3_city_challenges.xtbl	m07	  <Unlock_Requirement>     <Unlock_Name>m07</Unlock_Name>     </Unlock_Requirement>
da_tables.vpp_pc	sr3_city_challenges.xtbl	sr3_city_challenges.xtbl	m07	  <Unlock_Requirement>     <Unlock_Name>m07</Unlock_Name>     </Unlock_Requirement>
da_tables.vpp_pc	sr3_city_challenges.xtbl	sr3_city_challenges.xtbl	m07	  <Unlock_Requirement>     <Unlock_Name>m07</Unlock_Name>     </Unlock_Requirement>
da_tables.vpp_pc	sr3_city_challenges.xtbl	sr3_city_challenges.xtbl	m07	  <Unlock_Requirement>     <Unlock_Name>m07</Unlock_Name>     </Unlock_Requirement>
da_tables.vpp_pc	sr3_city_challenges.xtbl	sr3_city_challenges.xtbl	m07	  <Unlock_Requirement>     <Unlock_Name>m07</Unlock_Name>     </Unlock_Requirement>
da_tables.vpp_pc	sr3_city_challenges.xtbl	sr3_city_challenges.xtbl	m07	  <Unlock_Requirement>     <Unlock_Name>m07</Unlock_Name>     </Unlock_Requirement>
da_tables.vpp_pc	sr3_city_challenges.xtbl	sr3_city_challenges.xtbl	m07	  <Unlock_Requirement>     <Unlock_Name>m07</Unlock_Name>     </Unlock_Requirement>
da_tables.vpp_pc	sr3_city_challenges.xtbl	sr3_city_challenges.xtbl	m07	  <Unlock_Requirement>     <Unlock_Name>m07</Unlock_Name>     </Unlock_Requirement>
da_tables.vpp_pc	sr3_city_challenges.xtbl	sr3_city_challenges.xtbl	m07	  <Unlock_Requirement>     <Unlock_Name>m07</Unlock_Name>     </Unlock_Requirement>
da_tables.vpp_pc	sr3_city_challenges.xtbl	sr3_city_challenges.xtbl	m10	  <Unlock_Requirement>     <Unlock_Name>m10</Unlock_Name>     </Unlock_Requirement>
da_tables.vpp_pc	sr3_city_challenges.xtbl	sr3_city_challenges.xtbl	m10	  <Unlock_Requirement>     <Unlock_Name>m10</Unlock_Name>     </Unlock_Requirement>
da_tables.vpp_pc	sr3_city_challenges.xtbl	sr3_city_challenges.xtbl	m10	  <Unlock_Requirement>     <Unlock_Name>m10</Unlock_Name>     </Unlock_Requirement>
da_tables.vpp_pc	sr3_city_challenges.xtbl	sr3_city_challenges.xtbl	m10	  <Unlock_Requirement>     <Unlock_Name>m10</Unlock_Name>     </Unlock_Requirement>
da_tables.vpp_pc	sr3_city_chop_shop.xtbl	sr3_city_chop_shop.xtbl	m03	ter</Contact>       <Unlock_Requirement>m03</Unlock_Requirement>       </Shop_Info>
da_tables.vpp_pc	sr3_city_chop_shop.xtbl	sr3_city_chop_shop.xtbl	m03	Dae</Contact>       <Unlock_Requirement>m03</Unlock_Requirement>       </Shop_Info>
da_tables.vpp_pc	sr3_city_chop_shop.xtbl	sr3_city_chop_shop.xtbl	m03	ves</Contact>       <Unlock_Requirement>m03</Unlock_Requirement>       </Shop_Info>
da_tables.vpp_pc	sr3_city_chop_shop.xtbl	sr3_city_chop_shop.xtbl	m03	igg</Contact>       <Unlock_Requirement>m03</Unlock_Requirement>       </Shop_Info>
da_tables.vpp_pc	sr3_city_chop_shop.xtbl	sr3_city_chop_shop.xtbl	m10	nes</Contact>       <Unlock_Requirement>m10</Unlock_Requirement>       </Shop_Info>
da_tables.vpp_pc	sr3_city_hitman.xtbl	sr3_city_hitman.xtbl	m03	y>         <Gameplay_Unlock_Requirement>m03</Gameplay_Unlock_Requirement>         <
da_tables.vpp_pc	sr3_city_hitman.xtbl	sr3_city_hitman.xtbl	m03	y>         <Gameplay_Unlock_Requirement>m03</Gameplay_Unlock_Requirement>         <
da_tables.vpp_pc	sr3_city_hitman.xtbl	sr3_city_hitman.xtbl	m03	l>         <Gameplay_Unlock_Requirement>m03</Gameplay_Unlock_Requirement>         <
da_tables.vpp_pc	sr3_city_hitman.xtbl	sr3_city_hitman.xtbl	m03	l>         <Gameplay_Unlock_Requirement>m03</Gameplay_Unlock_Requirement>         <
da_tables.vpp_pc	sr3_city_hitman.xtbl	sr3_city_hitman.xtbl	m05	k>         <Gameplay_Unlock_Requirement>m05</Gameplay_Unlock_Requirement>         <
da_tables.vpp_pc	sr3_city_hitman.xtbl	sr3_city_hitman.xtbl	m07	e>         <Gameplay_Unlock_Requirement>m07</Gameplay_Unlock_Requirement>         <
da_tables.vpp_pc	sr3_city_hitman.xtbl	sr3_city_hitman.xtbl	m07	e>         <Gameplay_Unlock_Requirement>m07</Gameplay_Unlock_Requirement>         <
da_tables.vpp_pc	sr3_city_hitman.xtbl	sr3_city_hitman.xtbl	m07	e>         <Gameplay_Unlock_Requirement>m07</Gameplay_Unlock_Requirement>         <
da_tables.vpp_pc	sr3_city_hitman.xtbl	sr3_city_hitman.xtbl	m07	t>         <Gameplay_Unlock_Requirement>m07</Gameplay_Unlock_Requirement>         <
da_tables.vpp_pc	sr3_city_hitman.xtbl	sr3_city_hitman.xtbl	m07	t>         <Gameplay_Unlock_Requirement>m07</Gameplay_Unlock_Requirement>         <
da_tables.vpp_pc	sr3_city_hitman.xtbl	sr3_city_hitman.xtbl	m07	t>         <Gameplay_Unlock_Requirement>m07</Gameplay_Unlock_Requirement>         <
da_tables.vpp_pc	sr3_city_hitman.xtbl	sr3_city_hitman.xtbl	m07	t>         <Gameplay_Unlock_Requirement>m07</Gameplay_Unlock_Requirement>         <
da_tables.vpp_pc	sr3_city_hitman.xtbl	sr3_city_hitman.xtbl	m07	t>         <Gameplay_Unlock_Requirement>m07</Gameplay_Unlock_Requirement>         <
da_tables.vpp_pc	sr3_city_hitman.xtbl	sr3_city_hitman.xtbl	m07	t>         <Gameplay_Unlock_Requirement>m07</Gameplay_Unlock_Requirement>         <
da_tables.vpp_pc	sr3_city_hitman.xtbl	sr3_city_hitman.xtbl	m10	y>         <Gameplay_Unlock_Requirement>m10</Gameplay_Unlock_Requirement>         <
da_tables.vpp_pc	sr3_city_hitman.xtbl	sr3_city_hitman.xtbl	m10	k>         <Gameplay_Unlock_Requirement>m10</Gameplay_Unlock_Requirement>         <
da_tables.vpp_pc	sr3_city_hitman.xtbl	sr3_city_hitman.xtbl	m17	_Level>         <Gameplay_Forced_Unlock>m17</Gameplay_Forced_Unlock>         <Can_S
da_tables.vpp_pc	sr3_city_hitman.xtbl	sr3_city_hitman.xtbl	m19	e>         <Gameplay_Unlock_Requirement>m19</Gameplay_Unlock_Requirement>         <
da_tables.vpp_pc	sr3_city_hitman.xtbl	sr3_city_hitman.xtbl	m19	e>         <Gameplay_Unlock_Requirement>m19</Gameplay_Unlock_Requirement>         <
da_tables.vpp_pc	sr3_city_hitman.xtbl	sr3_city_hitman.xtbl	m22	rement>         <Gameplay_Forced_Unlock>m22</Gameplay_Forced_Unlock>         </Targ
da_tables.vpp_pc	sr3_city_hitman.xtbl	sr3_city_hitman.xtbl	m22	rement>         <Gameplay_Forced_Unlock>m22</Gameplay_Forced_Unlock>         </Targ
da_tables.vpp_pc	sr3_city_hitman.xtbl	sr3_city_hitman.xtbl	m22	_Delay>         <Gameplay_Forced_Unlock>m22</Gameplay_Forced_Unlock>         </Targ
da_tables.vpp_pc	sr3_city_hitman.xtbl	sr3_city_hitman.xtbl	m22	_Delay>         <Gameplay_Forced_Unlock>m22</Gameplay_Forced_Unlock>         </Targ
da_tables.vpp_pc	sr3_city_hitman.xtbl	sr3_city_hitman.xtbl	m22	_Delay>         <Gameplay_Forced_Unlock>m22</Gameplay_Forced_Unlock>         </Targ
da_tables.vpp_pc	sr3_city_hitman.xtbl	sr3_city_hitman.xtbl	m22	_Delay>         <Gameplay_Forced_Unlock>m22</Gameplay_Forced_Unlock>         </Targ
da_tables.vpp_pc	sr3_city_hitman.xtbl	sr3_city_hitman.xtbl	m22	_Delay>         <Gameplay_Forced_Unlock>m22</Gameplay_Forced_Unlock>         </Targ
da_tables.vpp_pc	sr3_city_hitman.xtbl	sr3_city_hitman.xtbl	m22	_Delay>         <Gameplay_Forced_Unlock>m22</Gameplay_Forced_Unlock>         </Targ
da_tables.vpp_pc	sr3_city_hitman.xtbl	sr3_city_hitman.xtbl	m22	_Delay>         <Gameplay_Forced_Unlock>m22</Gameplay_Forced_Unlock>         </Targ
da_tables.vpp_pc	sr3_city_hitman.xtbl	sr3_city_hitman.xtbl	m22	_Delay>         <Gameplay_Forced_Unlock>m22</Gameplay_Forced_Unlock>         </Targ
da_tables.vpp_pc	sr3_city_hitman.xtbl	sr3_city_hitman.xtbl	m22	_Delay>         <Gameplay_Forced_Unlock>m22</Gameplay_Forced_Unlock>         </Targ
da_tables.vpp_pc	sr3_city_hitman.xtbl	sr3_city_hitman.xtbl	m22	_Delay>         <Gameplay_Forced_Unlock>m22</Gameplay_Forced_Unlock>         </Targ
da_tables.vpp_pc	sr3_city_hitman.xtbl	sr3_city_hitman.xtbl	m22	_Delay>         <Gameplay_Forced_Unlock>m22</Gameplay_Forced_Unlock>         </Targ
da_tables.vpp_pc	sr3_city_hitman.xtbl	sr3_city_hitman.xtbl	m22	_Delay>         <Gameplay_Forced_Unlock>m22</Gameplay_Forced_Unlock>         </Targ
da_tables.vpp_pc	sr3_city_hitman.xtbl	sr3_city_hitman.xtbl	m22	_Delay>         <Gameplay_Forced_Unlock>m22</Gameplay_Forced_Unlock>         </Targ
da_tables.vpp_pc	sr3_city_hitman.xtbl	sr3_city_hitman.xtbl	m22	_Delay>         <Gameplay_Forced_Unlock>m22</Gameplay_Forced_Unlock>         </Targ
da_tables.vpp_pc	sr3_city_hitman.xtbl	sr3_city_hitman.xtbl	m22	_Delay>         <Gameplay_Forced_Unlock>m22</Gameplay_Forced_Unlock>         </Targ
da_tables.vpp_pc	sr3_city_hitman.xtbl	sr3_city_hitman.xtbl	m22	_Delay>         <Gameplay_Forced_Unlock>m22</Gameplay_Forced_Unlock>         </Targ
da_tables.vpp_pc	sr3_city_hitman.xtbl	sr3_city_hitman.xtbl	m22	_Delay>         <Gameplay_Forced_Unlock>m22</Gameplay_Forced_Unlock>         </Targ
da_tables.vpp_pc	sr3_city_hitman.xtbl	sr3_city_hitman.xtbl	m22	_Delay>         <Gameplay_Forced_Unlock>m22</Gameplay_Forced_Unlock>         </Targ
da_tables.vpp_pc	sr3_city_hitman.xtbl	sr3_city_hitman.xtbl	m22	_Delay>         <Gameplay_Forced_Unlock>m22</Gameplay_Forced_Unlock>         </Targ
da_tables.vpp_pc	sr3_city_hitman.xtbl	sr3_city_hitman.xtbl	m22	_Delay>         <Gameplay_Forced_Unlock>m22</Gameplay_Forced_Unlock>         </Targ
da_tables.vpp_pc	sr3_city_hitman.xtbl	sr3_city_hitman.xtbl	m22	_Delay>         <Gameplay_Forced_Unlock>m22</Gameplay_Forced_Unlock>         </Targ
da_tables.vpp_pc	sr3_city_hitman.xtbl	sr3_city_hitman.xtbl	m22	_Delay>         <Gameplay_Forced_Unlock>m22</Gameplay_Forced_Unlock>         </Targ
da_tables.vpp_pc	sr3_city_hitman.xtbl	sr3_city_hitman.xtbl	m22	_Delay>         <Gameplay_Forced_Unlock>m22</Gameplay_Forced_Unlock>         </Targ
da_tables.vpp_pc	sr3_city_hitman.xtbl	sr3_city_hitman.xtbl	m22	_Delay>         <Gameplay_Forced_Unlock>m22</Gameplay_Forced_Unlock>         <Gamep
da_tables.vpp_pc	sr3_city_hitman.xtbl	sr3_city_hitman.xtbl	m22	_Delay>         <Gameplay_Forced_Unlock>m22</Gameplay_Forced_Unlock>         </Targ
da_tables.vpp_pc	sr3_city_hitman.xtbl	sr3_city_hitman.xtbl	m22	_Delay>         <Gameplay_Forced_Unlock>m22</Gameplay_Forced_Unlock>         </Targ
da_tables.vpp_pc	sr3_city_hitman.xtbl	sr3_city_hitman.xtbl	m22	_Delay>         <Gameplay_Forced_Unlock>m22</Gameplay_Forced_Unlock>         </Targ
da_tables.vpp_pc	sr3_city_hitman.xtbl	sr3_city_hitman.xtbl	m22	rement>         <Gameplay_Forced_Unlock>m22</Gameplay_Forced_Unlock>         </Targ
da_tables.vpp_pc	sr3_city_hitman.xtbl	sr3_city_hitman.xtbl	m22	_Delay>         <Gameplay_Forced_Unlock>m22</Gameplay_Forced_Unlock>         <Gamep
da_tables.vpp_pc	sr3_city_survival.xtbl	sr3_city_survival.xtbl	m03	Conversation>       <Unlock_Requirement>m03</Unlock_Requirement>       </Spawn_Info
da_tables.vpp_pc	sr3_city_survival.xtbl	sr3_city_survival.xtbl	m03	Conversation>       <Unlock_Requirement>m03</Unlock_Requirement>       </Spawn_Info
da_tables.vpp_pc	sr3_city_survival.xtbl	sr3_city_survival.xtbl	m03	Conversation>       <Unlock_Requirement>m03</Unlock_Requirement>       </Spawn_Info
da_tables.vpp_pc	sr3_city_survival.xtbl	sr3_city_survival.xtbl	m03	Conversation>       <Unlock_Requirement>m03</Unlock_Requirement>       </Spawn_Info
da_tables.vpp_pc	sr3_city_survival.xtbl	sr3_city_survival.xtbl	m03	Conversation>       <Unlock_Requirement>m03</Unlock_Requirement>       </Spawn_Info
da_tables.vpp_pc	sr3_city_survival.xtbl	sr3_city_survival.xtbl	m03	Conversation>       <Unlock_Requirement>m03</Unlock_Requirement>       </Spawn_Info
da_tables.vpp_pc	sr3_city_survival.xtbl	sr3_city_survival.xtbl	m03	Conversation>       <Unlock_Requirement>m03</Unlock_Requirement>       </Spawn_Info
da_tables.vpp_pc	sr3_city_survival.xtbl	sr3_city_survival.xtbl	m03	Conversation>       <Unlock_Requirement>m03</Unlock_Requirement>       </Spawn_Info
da_tables.vpp_pc	sr3_city_survival.xtbl	sr3_city_survival.xtbl	m03	Conversation>       <Unlock_Requirement>m03</Unlock_Requirement>       </Spawn_Info
da_tables.vpp_pc	sr3_city_survival.xtbl	sr3_city_survival.xtbl	m03	Conversation>       <Unlock_Requirement>m03</Unlock_Requirement>       </Spawn_Info
da_tables.vpp_pc	sr3_city_survival.xtbl	sr3_city_survival.xtbl	m03	Conversation>       <Unlock_Requirement>m03</Unlock_Requirement>       </Spawn_Info
da_tables.vpp_pc	sr3_city_survival.xtbl	sr3_city_survival.xtbl	m03	Conversation>       <Unlock_Requirement>m03</Unlock_Requirement>       </Spawn_Info
da_tables.vpp_pc	sr3_city_survival.xtbl	sr3_city_survival.xtbl	m03	Conversation>       <Unlock_Requirement>m03</Unlock_Requirement>       </Spawn_Info
da_tables.vpp_pc	sr3_city_survival.xtbl	sr3_city_survival.xtbl	m03	Conversation>       <Unlock_Requirement>m03</Unlock_Requirement>       </Spawn_Info
da_tables.vpp_pc	sr3_city_survival.xtbl	sr3_city_survival.xtbl	m03	Conversation>       <Unlock_Requirement>m03</Unlock_Requirement>       </Spawn_Info
da_tables.vpp_pc	sr3_city_survival.xtbl	sr3_city_survival.xtbl	m03	Conversation>       <Unlock_Requirement>m03</Unlock_Requirement>       </Spawn_Info
da_tables.vpp_pc	sr3_city_survival.xtbl	sr3_city_survival.xtbl	m03	Conversation>       <Unlock_Requirement>m03</Unlock_Requirement>       </Spawn_Info
da_tables.vpp_pc	sr3_city_survival.xtbl	sr3_city_survival.xtbl	m03	Conversation>       <Unlock_Requirement>m03</Unlock_Requirement>       </Spawn_Info
da_tables.vpp_pc	sr3_city_survival.xtbl	sr3_city_survival.xtbl	m03	Conversation>       <Unlock_Requirement>m03</Unlock_Requirement>       </Spawn_Info
da_tables.vpp_pc	sr3_city_survival.xtbl	sr3_city_survival.xtbl	m03	Conversation>       <Unlock_Requirement>m03</Unlock_Requirement>       </Spawn_Info
da_tables.vpp_pc	sr3_city_survival.xtbl	sr3_city_survival.xtbl	m03	Conversation>       <Unlock_Requirement>m03</Unlock_Requirement>       </Spawn_Info
da_tables.vpp_pc	sr3_city_survival.xtbl	sr3_city_survival.xtbl	m03	Conversation>       <Unlock_Requirement>m03</Unlock_Requirement>       </Spawn_Info
da_tables.vpp_pc	sr3_city_survival.xtbl	sr3_city_survival.xtbl	m03	Conversation>       <Unlock_Requirement>m03</Unlock_Requirement>       </Spawn_Info
da_tables.vpp_pc	sr3_city_survival.xtbl	sr3_city_survival.xtbl	m03	Conversation>       <Unlock_Requirement>m03</Unlock_Requirement>       </Spawn_Info
da_tables.vpp_pc	sr3_city_survival.xtbl	sr3_city_survival.xtbl	m05	Conversation>       <Unlock_Requirement>m05</Unlock_Requirement>       </Spawn_Info
da_tables.vpp_pc	sr3_city_survival.xtbl	sr3_city_survival.xtbl	m19	Conversation>       <Unlock_Requirement>m19</Unlock_Requirement>       </Spawn_Info
da_tables.vpp_pc	horde_mode.xtbl	horde_mode.xtbl	m02	e>      <Point_Value>       <Name>npc_bum02_fw</Name>       <Value>100</Value>     
da_tables.vpp_pc	horde_mode.xtbl	horde_mode.xtbl	m03	e>      <Point_Value>       <Name>npc_bum03_mb</Name>       <Value>100</Value>     
da_tables.vpp_pc	horde_mode.xtbl	horde_mode.xtbl	m04	e>      <Point_Value>       <Name>npc_bum04_fb</Name>       <Value>100</Value>     
da_tables.vpp_pc	store_weapons.xtbl	store_weapons.xtbl	m06	     </Entry>     <Entry>      <Mission>m06</Mission>      <Weapon>Explosive-Rocket
da_tables.vpp_pc	store_weapons.xtbl	store_weapons.xtbl	m06	<Unlocked>true</Unlocked>      <Mission>m06</Mission>      </Entry>     <Entry>    
da_tables.vpp_pc	store_weapons.xtbl	store_weapons.xtbl	m06	<Unlocked>true</Unlocked>      <Mission>m06</Mission>      </Entry>     <Entry>    
da_tables.vpp_pc	store_weapons.xtbl	store_weapons.xtbl	m06	<Unlocked>true</Unlocked>      <Mission>m06</Mission>      </Entry>     <Entry>    
da_tables.vpp_pc	store_weapons.xtbl	store_weapons.xtbl	m10	<Unlocked>true</Unlocked>      <Mission>m10</Mission>      </Entry>     <Entry>    
da_tables.vpp_pc	store_weapons.xtbl	store_weapons.xtbl	m10	<Unlocked>true</Unlocked>      <Mission>m10</Mission>      </Entry>     <Entry>    
da_tables.vpp_pc	store_weapons.xtbl	store_weapons.xtbl	m16	<Unlocked>true</Unlocked>      <Mission>m16</Mission>      </Entry>     <Entry>    
da_tables.vpp_pc	store_weapons.xtbl	store_weapons.xtbl	m16	<Unlocked>true</Unlocked>      <Mission>m16</Mission>      </Entry>     <Entry>    
da_tables.vpp_pc	store_weapons.xtbl	store_weapons.xtbl	m21	<Unlocked>true</Unlocked>      <Mission>m21</Mission>      </Entry>     <Entry>    
dlc1.vpp_pc	dlc1_homies.xtbl	dlc1_homies.xtbl	m04	d to be checked.</Description>    <Flag>m04</Flag>    <Flag>m05</Flag>    <Flag>mm_
dlc1.vpp_pc	dlc1_homies.xtbl	dlc1_homies.xtbl	m05	scription>    <Flag>m04</Flag>    <Flag>m05</Flag>    <Flag>mm_p_01</Flag>    <Flag
dlc1.vpp_pc	dlc1_homies.xtbl	dlc1_homies.xtbl	m06	07</Flag>    <Flag>sh01</Flag>    <Flag>m06</Flag>    <Flag>m07</Flag>    <Flag>m08
dlc1.vpp_pc	dlc1_homies.xtbl	dlc1_homies.xtbl	m07	h01</Flag>    <Flag>m06</Flag>    <Flag>m07</Flag>    <Flag>m08</Flag>    <Flag>sh0
dlc1.vpp_pc	dlc1_homies.xtbl	dlc1_homies.xtbl	m08	m06</Flag>    <Flag>m07</Flag>    <Flag>m08</Flag>    <Flag>sh02</Flag>    <Flag>m0
dlc1.vpp_pc	dlc1_homies.xtbl	dlc1_homies.xtbl	m09	08</Flag>    <Flag>sh02</Flag>    <Flag>m09</Flag>    <Flag>m10</Flag>    <Flag>m11
dlc1.vpp_pc	dlc1_homies.xtbl	dlc1_homies.xtbl	m10	h02</Flag>    <Flag>m09</Flag>    <Flag>m10</Flag>    <Flag>m11</Flag>    <Flag>m12
dlc1.vpp_pc	dlc1_homies.xtbl	dlc1_homies.xtbl	m11	m09</Flag>    <Flag>m10</Flag>    <Flag>m11</Flag>    <Flag>m12</Flag>    <Flag>m13
dlc1.vpp_pc	dlc1_homies.xtbl	dlc1_homies.xtbl	m12	m10</Flag>    <Flag>m11</Flag>    <Flag>m12</Flag>    <Flag>m13</Flag>    <Flag>m14
dlc1.vpp_pc	dlc1_homies.xtbl	dlc1_homies.xtbl	m13	m11</Flag>    <Flag>m12</Flag>    <Flag>m13</Flag>    <Flag>m14</Flag>    <Flag>m15
dlc1.vpp_pc	dlc1_homies.xtbl	dlc1_homies.xtbl	m14	m12</Flag>    <Flag>m13</Flag>    <Flag>m14</Flag>    <Flag>m15</Flag>    <Flag>sh0
dlc1.vpp_pc	dlc1_homies.xtbl	dlc1_homies.xtbl	m15	m13</Flag>    <Flag>m14</Flag>    <Flag>m15</Flag>    <Flag>sh03</Flag>    <Flag>m1
dlc1.vpp_pc	dlc1_homies.xtbl	dlc1_homies.xtbl	m16	15</Flag>    <Flag>sh03</Flag>    <Flag>m16</Flag>    <Flag>m17</Flag>    <Flag>m18
dlc1.vpp_pc	dlc1_homies.xtbl	dlc1_homies.xtbl	m16	</Flag>    <Flag>m24</Flag>    <Flag>mm_m16_5</Flag>    </Element>   <Element>    <
dlc1.vpp_pc	dlc1_homies.xtbl	dlc1_homies.xtbl	m17	h03</Flag>    <Flag>m16</Flag>    <Flag>m17</Flag>    <Flag>m18</Flag>    <Flag>m19
dlc1.vpp_pc	dlc1_homies.xtbl	dlc1_homies.xtbl	m18	m16</Flag>    <Flag>m17</Flag>    <Flag>m18</Flag>    <Flag>m19</Flag>    <Flag>m20
dlc1.vpp_pc	dlc1_homies.xtbl	dlc1_homies.xtbl	m19	m17</Flag>    <Flag>m18</Flag>    <Flag>m19</Flag>    <Flag>m20</Flag>    <Flag>sh0
dlc1.vpp_pc	dlc1_homies.xtbl	dlc1_homies.xtbl	m20	m18</Flag>    <Flag>m19</Flag>    <Flag>m20</Flag>    <Flag>sh04</Flag>    <Flag>m2
dlc1.vpp_pc	dlc1_homies.xtbl	dlc1_homies.xtbl	m21	20</Flag>    <Flag>sh04</Flag>    <Flag>m21</Flag>    <Flag>m22</Flag>    <Flag>m23
dlc1.vpp_pc	dlc1_homies.xtbl	dlc1_homies.xtbl	m22	h04</Flag>    <Flag>m21</Flag>    <Flag>m22</Flag>    <Flag>m23</Flag>    <Flag>m24
dlc1.vpp_pc	dlc1_homies.xtbl	dlc1_homies.xtbl	m23	m21</Flag>    <Flag>m22</Flag>    <Flag>m23</Flag>    <Flag>m24</Flag>    <Flag>mm_
dlc1.vpp_pc	dlc1_homies.xtbl	dlc1_homies.xtbl	m24	m22</Flag>    <Flag>m23</Flag>    <Flag>m24</Flag>    <Flag>mm_m16_5</Flag>    </El
dlc1.vpp_pc	dlc1_homies.xtbl	dlc1_homies.xtbl	mm_m16_5	m23</Flag>    <Flag>m24</Flag>    <Flag>mm_m16_5</Flag>    </Element>   <Element>    <Na
dlc1.vpp_pc	dlc1_homies.xtbl	dlc1_homies.xtbl	mm_p_01	m04</Flag>    <Flag>m05</Flag>    <Flag>mm_p_01</Flag>    <Flag>mm_p_02</Flag>    <Flag
dlc1.vpp_pc	dlc1_homies.xtbl	dlc1_homies.xtbl	mm_p_02	/Flag>    <Flag>mm_p_01</Flag>    <Flag>mm_p_02</Flag>    <Flag>mm_p_03</Flag>    <Flag
dlc1.vpp_pc	dlc1_homies.xtbl	dlc1_homies.xtbl	mm_p_03	/Flag>    <Flag>mm_p_02</Flag>    <Flag>mm_p_03</Flag>    <Flag>mm_p_04</Flag>    <Flag
dlc1.vpp_pc	dlc1_homies.xtbl	dlc1_homies.xtbl	mm_p_04	/Flag>    <Flag>mm_p_03</Flag>    <Flag>mm_p_04</Flag>    <Flag>mm_p_05</Flag>    <Flag
dlc1.vpp_pc	dlc1_homies.xtbl	dlc1_homies.xtbl	mm_p_05	/Flag>    <Flag>mm_p_04</Flag>    <Flag>mm_p_05</Flag>    <Flag>mm_p_06</Flag>    <Flag
dlc1.vpp_pc	dlc1_homies.xtbl	dlc1_homies.xtbl	mm_p_06	/Flag>    <Flag>mm_p_05</Flag>    <Flag>mm_p_06</Flag>    <Flag>mm_p_07</Flag>    <Flag
dlc1.vpp_pc	dlc1_homies.xtbl	dlc1_homies.xtbl	mm_p_07	/Flag>    <Flag>mm_p_06</Flag>    <Flag>mm_p_07</Flag>    <Flag>sh01</Flag>    <Flag>m0
dlc1.vpp_pc	dlc1_homies.xtbl	dlc1_homies.xtbl	sh01	/Flag>    <Flag>mm_p_07</Flag>    <Flag>sh01</Flag>    <Flag>m06</Flag>    <Flag>m07
dlc1.vpp_pc	dlc1_homies.xtbl	dlc1_homies.xtbl	sh02	m07</Flag>    <Flag>m08</Flag>    <Flag>sh02</Flag>    <Flag>m09</Flag>    <Flag>m10
dlc1.vpp_pc	dlc1_homies.xtbl	dlc1_homies.xtbl	sh03	m14</Flag>    <Flag>m15</Flag>    <Flag>sh03</Flag>    <Flag>m16</Flag>    <Flag>m17
dlc1.vpp_pc	dlc1_homies.xtbl	dlc1_homies.xtbl	sh04	m19</Flag>    <Flag>m20</Flag>    <Flag>sh04</Flag>    <Flag>m21</Flag>    <Flag>m22
dlc2.vpp_pc	dlc2_m02_tod_override.xtbl	dlc2_m02_tod_override.xtbl	dlc2_m02	/exposure_min>        <lut_filename>lut_dlc2_m02</lut_filename>        <desired_brightne
dlc2.vpp_pc	dlc2_m02_tod_override.xtbl	dlc2_m02_tod_override.xtbl	m02	sure_min>        <lut_filename>lut_dlc2_m02</lut_filename>        <desired_brightne
dlc2.vpp_pc	dlc2_customization_outfits.xtbl	dlc2_customization_outfits.xtbl	m02	<Content_Element>      <Item>cm_ap3_msfem02_ear</Item>      <Default_Wear_Option>cm
dlc2.vpp_pc	dlc2_customization_outfits.xtbl	dlc2_customization_outfits.xtbl	m02	m>      <Default_Wear_Option>cm_ap3_msfem02_ear.cmeshx</Default_Wear_Option>      <
dlc2.vpp_pc	dlc2_customization_outfits.xtbl	dlc2_customization_outfits.xtbl	m02	<Content_Element>      <Item>cm_ap3_msfem02_gloves</Item>      <Default_Wear_Option
dlc2.vpp_pc	dlc2_customization_outfits.xtbl	dlc2_customization_outfits.xtbl	m02	m>      <Default_Wear_Option>cm_ap3_msfem02_gloves.cmeshx</Default_Wear_Option>    
dlc2.vpp_pc	dlc2_customization_outfits.xtbl	dlc2_customization_outfits.xtbl	m02	<Content_Element>      <Item>cm_ap3_msfem02_suit_f_bod</Item>      <Default_Wear_Op
dlc2.vpp_pc	dlc2_customization_outfits.xtbl	dlc2_customization_outfits.xtbl	m02	m>      <Default_Wear_Option>cm_ap3_msfem02_suit_f_bod.cmeshx</Default_Wear_Option>
dlc2.vpp_pc	dlc2_customization_outfits.xtbl	dlc2_customization_outfits.xtbl	m02	ant_Element>        <Variant>cF_AP3_MsFem02_EAR_F_Earrings</Variant>        </Varia
dlc2.vpp_pc	dlc2_customization_outfits.xtbl	dlc2_customization_outfits.xtbl	m02	ant_Element>        <Variant>cF_AP3_MsFem02_HAND_F_Gloves</Variant>        </Varian
dlc2.vpp_pc	dlc2_customization_outfits.xtbl	dlc2_customization_outfits.xtbl	m02	ant_Element>        <Variant>cF_AP3_MsFem02_SUIT_F_Body</Variant>        </Variant_
dlc2.vpp_pc	dlc2_explosions.xtbl	dlc2_explosions.xtbl	m02	ect>0       <Sticky_Effect>fire_sticky_sm02</Sticky_Effect>       <Min>2</Min>     
dlc2.vpp_pc	dlc2_explosions.xtbl	dlc2_explosions.xtbl	m02	ect>0       <Sticky_Effect>fire_sticky_sm02</Sticky_Effect>       <Min>2</Min>     
dlc2.vpp_pc	dlc2_m01_tod_override.xtbl	dlc2_m01_tod_override.xtbl	dlc2_m01	lection_gloss>        <lut_filename>lut_dlc2_m01</lut_filename>        </mission_overrid
dlc2.vpp_pc	dlc2_m01_tod_override.xtbl	dlc2_m01_tod_override.xtbl	m01	on_gloss>        <lut_filename>lut_dlc2_m01</lut_filename>        </mission_overrid
dlc2.vpp_pc	dlc2_m03_tod_override.xtbl	dlc2_m03_tod_override.xtbl	dlc2_m03	/exposure_min>        <lut_filename>lut_dlc2_m03</lut_filename>        <desired_brightne
dlc2.vpp_pc	dlc2_m03_tod_override.xtbl	dlc2_m03_tod_override.xtbl	m03	sure_min>        <lut_filename>lut_dlc2_m03</lut_filename>        <desired_brightne
dlc2.vpp_pc	dlc2_cloth_sims.xtbl	dlc2_cloth_sims.xtbl	m02	>    </Sim>   <Sim>    <Name>cf_ap3_msfem02_ear</Name>    <_Editor>     <Category>E
dlc2.vpp_pc	dlc2_cloth_sims.xtbl	dlc2_cloth_sims.xtbl	m02	>    </Sim>   <Sim>    <Name>cf_ap3_msfem02_suit_f_bod</Name>    <_Editor>     <Cat
dlc2.vpp_pc	dlc2_cloth_sims.xtbl	dlc2_cloth_sims.xtbl	m02	>    </Sim>   <Sim>    <Name>cm_ap3_msfem02_ear</Name>    <_Editor>     <Category>E
dlc2.vpp_pc	dlc2_cloth_sims.xtbl	dlc2_cloth_sims.xtbl	m02	>    </Sim>   <Sim>    <Name>cm_ap3_msfem02_suit_f_bod</Name>    <_Editor>     <Cat
dlc2.vpp_pc	dlc2_audio_banks.xtbl	dlc2_audio_banks.xtbl	dlc2_m01	    </NewEntity>   <NewEntity>    <Name>dlc2_m01</Name>    <wwise_id>1367119027</wwise_i
dlc2.vpp_pc	dlc2_audio_banks.xtbl	dlc2_audio_banks.xtbl	m01	/NewEntity>   <NewEntity>    <Name>dlc2_m01</Name>    <wwise_id>1367119027</wwise_i
dlc2.vpp_pc	dlc2_homies.xtbl	dlc2_homies.xtbl	m04	d to be checked.</Description>    <Flag>m04</Flag>    <Flag>m05</Flag>    <Flag>mm_
dlc2.vpp_pc	dlc2_homies.xtbl	dlc2_homies.xtbl	m05	scription>    <Flag>m04</Flag>    <Flag>m05</Flag>    <Flag>mm_p_01</Flag>    <Flag
dlc2.vpp_pc	dlc2_homies.xtbl	dlc2_homies.xtbl	m06	07</Flag>    <Flag>sh01</Flag>    <Flag>m06</Flag>    <Flag>m07</Flag>    <Flag>m08
dlc2.vpp_pc	dlc2_homies.xtbl	dlc2_homies.xtbl	m07	h01</Flag>    <Flag>m06</Flag>    <Flag>m07</Flag>    <Flag>m08</Flag>    <Flag>sh0
dlc2.vpp_pc	dlc2_homies.xtbl	dlc2_homies.xtbl	m08	m06</Flag>    <Flag>m07</Flag>    <Flag>m08</Flag>    <Flag>sh02</Flag>    <Flag>m0
dlc2.vpp_pc	dlc2_homies.xtbl	dlc2_homies.xtbl	m09	08</Flag>    <Flag>sh02</Flag>    <Flag>m09</Flag>    <Flag>m10</Flag>    <Flag>m11
dlc2.vpp_pc	dlc2_homies.xtbl	dlc2_homies.xtbl	m10	h02</Flag>    <Flag>m09</Flag>    <Flag>m10</Flag>    <Flag>m11</Flag>    <Flag>m12
dlc2.vpp_pc	dlc2_homies.xtbl	dlc2_homies.xtbl	m11	m09</Flag>    <Flag>m10</Flag>    <Flag>m11</Flag>    <Flag>m12</Flag>    <Flag>m13
dlc2.vpp_pc	dlc2_homies.xtbl	dlc2_homies.xtbl	m12	m10</Flag>    <Flag>m11</Flag>    <Flag>m12</Flag>    <Flag>m13</Flag>    <Flag>m14
dlc2.vpp_pc	dlc2_homies.xtbl	dlc2_homies.xtbl	m13	m11</Flag>    <Flag>m12</Flag>    <Flag>m13</Flag>    <Flag>m14</Flag>    <Flag>m15
dlc2.vpp_pc	dlc2_homies.xtbl	dlc2_homies.xtbl	m14	m12</Flag>    <Flag>m13</Flag>    <Flag>m14</Flag>    <Flag>m15</Flag>    <Flag>sh0
dlc2.vpp_pc	dlc2_homies.xtbl	dlc2_homies.xtbl	m15	m13</Flag>    <Flag>m14</Flag>    <Flag>m15</Flag>    <Flag>sh03</Flag>    <Flag>m1
dlc2.vpp_pc	dlc2_homies.xtbl	dlc2_homies.xtbl	m16	15</Flag>    <Flag>sh03</Flag>    <Flag>m16</Flag>    <Flag>m17</Flag>    <Flag>m18
dlc2.vpp_pc	dlc2_homies.xtbl	dlc2_homies.xtbl	m16	</Flag>    <Flag>m24</Flag>    <Flag>mm_m16_5</Flag>    </Element>   <Element>    <
dlc2.vpp_pc	dlc2_homies.xtbl	dlc2_homies.xtbl	m17	h03</Flag>    <Flag>m16</Flag>    <Flag>m17</Flag>    <Flag>m18</Flag>    <Flag>m19
dlc2.vpp_pc	dlc2_homies.xtbl	dlc2_homies.xtbl	m18	m16</Flag>    <Flag>m17</Flag>    <Flag>m18</Flag>    <Flag>m19</Flag>    <Flag>m20
dlc2.vpp_pc	dlc2_homies.xtbl	dlc2_homies.xtbl	m19	m17</Flag>    <Flag>m18</Flag>    <Flag>m19</Flag>    <Flag>m20</Flag>    <Flag>sh0
dlc2.vpp_pc	dlc2_homies.xtbl	dlc2_homies.xtbl	m20	m18</Flag>    <Flag>m19</Flag>    <Flag>m20</Flag>    <Flag>sh04</Flag>    <Flag>m2
dlc2.vpp_pc	dlc2_homies.xtbl	dlc2_homies.xtbl	m21	20</Flag>    <Flag>sh04</Flag>    <Flag>m21</Flag>    <Flag>m22</Flag>    <Flag>m23
dlc2.vpp_pc	dlc2_homies.xtbl	dlc2_homies.xtbl	m22	h04</Flag>    <Flag>m21</Flag>    <Flag>m22</Flag>    <Flag>m23</Flag>    <Flag>m24
dlc2.vpp_pc	dlc2_homies.xtbl	dlc2_homies.xtbl	m23	m21</Flag>    <Flag>m22</Flag>    <Flag>m23</Flag>    <Flag>m24</Flag>    <Flag>mm_
dlc2.vpp_pc	dlc2_homies.xtbl	dlc2_homies.xtbl	m24	m22</Flag>    <Flag>m23</Flag>    <Flag>m24</Flag>    <Flag>mm_m16_5</Flag>    </El
dlc2.vpp_pc	dlc2_homies.xtbl	dlc2_homies.xtbl	mm_m16_5	m23</Flag>    <Flag>m24</Flag>    <Flag>mm_m16_5</Flag>    </Element>   <Element>    <Na
dlc2.vpp_pc	dlc2_homies.xtbl	dlc2_homies.xtbl	mm_p_01	m04</Flag>    <Flag>m05</Flag>    <Flag>mm_p_01</Flag>    <Flag>mm_p_02</Flag>    <Flag
dlc2.vpp_pc	dlc2_homies.xtbl	dlc2_homies.xtbl	mm_p_02	/Flag>    <Flag>mm_p_01</Flag>    <Flag>mm_p_02</Flag>    <Flag>mm_p_03</Flag>    <Flag
dlc2.vpp_pc	dlc2_homies.xtbl	dlc2_homies.xtbl	mm_p_03	/Flag>    <Flag>mm_p_02</Flag>    <Flag>mm_p_03</Flag>    <Flag>mm_p_04</Flag>    <Flag
dlc2.vpp_pc	dlc2_homies.xtbl	dlc2_homies.xtbl	mm_p_04	/Flag>    <Flag>mm_p_03</Flag>    <Flag>mm_p_04</Flag>    <Flag>mm_p_05</Flag>    <Flag
dlc2.vpp_pc	dlc2_homies.xtbl	dlc2_homies.xtbl	mm_p_05	/Flag>    <Flag>mm_p_04</Flag>    <Flag>mm_p_05</Flag>    <Flag>mm_p_06</Flag>    <Flag
dlc2.vpp_pc	dlc2_homies.xtbl	dlc2_homies.xtbl	mm_p_06	/Flag>    <Flag>mm_p_05</Flag>    <Flag>mm_p_06</Flag>    <Flag>mm_p_07</Flag>    <Flag
dlc2.vpp_pc	dlc2_homies.xtbl	dlc2_homies.xtbl	mm_p_07	/Flag>    <Flag>mm_p_06</Flag>    <Flag>mm_p_07</Flag>    <Flag>sh01</Flag>    <Flag>m0
dlc2.vpp_pc	dlc2_homies.xtbl	dlc2_homies.xtbl	sh01	/Flag>    <Flag>mm_p_07</Flag>    <Flag>sh01</Flag>    <Flag>m06</Flag>    <Flag>m07
dlc2.vpp_pc	dlc2_homies.xtbl	dlc2_homies.xtbl	sh02	m07</Flag>    <Flag>m08</Flag>    <Flag>sh02</Flag>    <Flag>m09</Flag>    <Flag>m10
dlc2.vpp_pc	dlc2_homies.xtbl	dlc2_homies.xtbl	sh03	m14</Flag>    <Flag>m15</Flag>    <Flag>sh03</Flag>    <Flag>m16</Flag>    <Flag>m17
dlc2.vpp_pc	dlc2_homies.xtbl	dlc2_homies.xtbl	sh04	m19</Flag>    <Flag>m20</Flag>    <Flag>sh04</Flag>    <Flag>m21</Flag>    <Flag>m22
dlc2.vpp_pc	dlc2_customization_items.xtbl	dlc2_customization_items.xtbl	m02	Customization_Item>    <Name>cm_ap3_msfem02_ear</Name>    <DisplayName>CUST_ITEM_MS
dlc2.vpp_pc	dlc2_customization_items.xtbl	dlc2_customization_items.xtbl	m02	h_Filename>        <Filename>cm_ap3_msfem02_ear.cmeshx</Filename>        </Male_Mes
dlc2.vpp_pc	dlc2_customization_items.xtbl	dlc2_customization_items.xtbl	m02	h_Filename>        <Filename>cf_ap3_msfem02_ear.cmeshx</Filename>        </Female_M
dlc2.vpp_pc	dlc2_customization_items.xtbl	dlc2_customization_items.xtbl	m02	m_Filename>        <Filename>cm_ap3_msfem02_ear.simx</Filename>        </Cloth_Sim_
dlc2.vpp_pc	dlc2_customization_items.xtbl	dlc2_customization_items.xtbl	m02	nt_Info>       <Variant_Name>cF_AP3_MsFem02_EAR_F_Earrings</Variant_Name>       <Va
dlc2.vpp_pc	dlc2_customization_items.xtbl	dlc2_customization_items.xtbl	m02	l_Element>         <Material>cF_AP3_MsFem02_EAR_F_Earrings</Material>         <Shad
dlc2.vpp_pc	dlc2_customization_items.xtbl	dlc2_customization_items.xtbl	m02	Customization_Item>    <Name>cm_ap3_msfem02_gloves</Name>    <DisplayName>CUST_ITEM
dlc2.vpp_pc	dlc2_customization_items.xtbl	dlc2_customization_items.xtbl	m02	h_Filename>        <Filename>cm_ap3_msfem02_gloves.cmeshx</Filename>        </Male_
dlc2.vpp_pc	dlc2_customization_items.xtbl	dlc2_customization_items.xtbl	m02	h_Filename>        <Filename>cf_ap3_msfem02_gloves.cmeshx</Filename>        </Femal
dlc2.vpp_pc	dlc2_customization_items.xtbl	dlc2_customization_items.xtbl	m02	nt_Info>       <Variant_Name>cF_AP3_MsFem02_HAND_F_Gloves</Variant_Name>       <Var
dlc2.vpp_pc	dlc2_customization_items.xtbl	dlc2_customization_items.xtbl	m02	l_Element>         <Material>cF_AP3_MsFem02_HAND_F_Gloves</Material>         <Shade
dlc2.vpp_pc	dlc2_customization_items.xtbl	dlc2_customization_items.xtbl	m02	Customization_Item>    <Name>cm_ap3_msfem02_suit_f_bod</Name>    <DisplayName>CUST_
dlc2.vpp_pc	dlc2_customization_items.xtbl	dlc2_customization_items.xtbl	m02	h_Filename>        <Filename>cm_ap3_msfem02_suit_f_bod.cmeshx</Filename>        </M
dlc2.vpp_pc	dlc2_customization_items.xtbl	dlc2_customization_items.xtbl	m02	h_Filename>        <Filename>cf_ap3_msfem02_suit_f_bod.cmeshx</Filename>        </F
dlc2.vpp_pc	dlc2_customization_items.xtbl	dlc2_customization_items.xtbl	m02	m_Filename>        <Filename>cf_ap3_msfem02_suit_f_bod.simx</Filename>        </Clo
dlc2.vpp_pc	dlc2_customization_items.xtbl	dlc2_customization_items.xtbl	m02	nt_Info>       <Variant_Name>cF_AP3_MsFem02_SUIT_F_Body</Variant_Name>       <Varia
dlc2.vpp_pc	dlc2_customization_items.xtbl	dlc2_customization_items.xtbl	m02	l_Element>         <Material>cF_AP3_MsFem02_SUIT_F_Body</Material>         <Shader_
dlc2.vpp_pc	dlc2_m01.str2_pc > dlc2_m01_tod_override.xtbl	dlc2_m01_tod_override.xtbl	dlc2_m01	lection_gloss>        <lut_filename>lut_dlc2_m01</lut_filename>        </mission_overrid
dlc2.vpp_pc	dlc2_m01.str2_pc > dlc2_m01_tod_override.xtbl	dlc2_m01_tod_override.xtbl	m01	on_gloss>        <lut_filename>lut_dlc2_m01</lut_filename>        </mission_overrid
dlc2.vpp_pc	dlc2_m03.str2_pc > dlc2_m03_tod_override.xtbl	dlc2_m03_tod_override.xtbl	dlc2_m03	/exposure_min>        <lut_filename>lut_dlc2_m03</lut_filename>        <desired_brightne
dlc2.vpp_pc	dlc2_m03.str2_pc > dlc2_m03_tod_override.xtbl	dlc2_m03_tod_override.xtbl	m03	sure_min>        <lut_filename>lut_dlc2_m03</lut_filename>        <desired_brightne
dlc2.vpp_pc	dlc2_m02.str2_pc > dlc2_m02_tod_override.xtbl	dlc2_m02_tod_override.xtbl	dlc2_m02	/exposure_min>        <lut_filename>lut_dlc2_m02</lut_filename>        <desired_brightne
dlc2.vpp_pc	dlc2_m02.str2_pc > dlc2_m02_tod_override.xtbl	dlc2_m02_tod_override.xtbl	m02	sure_min>        <lut_filename>lut_dlc2_m02</lut_filename>        <desired_brightne
dlc3.vpp_pc	dlc3_audio_banks.xtbl	dlc3_audio_banks.xtbl	dlc3_m02	    </NewEntity>   <NewEntity>    <Name>dlc3_m02</Name>    <wwise_id>1459094785</wwise_i
dlc3.vpp_pc	dlc3_audio_banks.xtbl	dlc3_audio_banks.xtbl	m02	/NewEntity>   <NewEntity>    <Name>dlc3_m02</Name>    <wwise_id>1459094785</wwise_i
dlc3.vpp_pc	dlc3_m01_tod_override.xtbl	dlc3_m01_tod_override.xtbl	dlc3_m01	lection_gloss>        <lut_filename>lut_dlc3_m01</lut_filename>        <opacity>0.0</opa
dlc3.vpp_pc	dlc3_m01_tod_override.xtbl	dlc3_m01_tod_override.xtbl	m01	on_gloss>        <lut_filename>lut_dlc3_m01</lut_filename>        <opacity>0.0</opa
dlc3.vpp_pc	dlc3_m03_tod_override.xtbl	dlc3_m03_tod_override.xtbl	dlc3_m03	lection_gloss>        <lut_filename>lut_dlc3_m03</lut_filename>        <opacity>0.8</opa
dlc3.vpp_pc	dlc3_m03_tod_override.xtbl	dlc3_m03_tod_override.xtbl	m03	on_gloss>        <lut_filename>lut_dlc3_m03</lut_filename>        <opacity>0.8</opa
dlc3.vpp_pc	dlc3_cutscene.xtbl	dlc3_cutscene.xtbl	dlc3_m03	e>    </Cutscene>   <Cutscene>    <Name>dlc3_m03_bridge</Name>    </Cutscene>   <Cutscen
dlc3.vpp_pc	dlc3_cutscene.xtbl	dlc3_cutscene.xtbl	m03	 </Cutscene>   <Cutscene>    <Name>dlc3_m03_bridge</Name>    </Cutscene>   <Cutscen
dlc3.vpp_pc	dlc3_m02_tod_override.xtbl	dlc3_m02_tod_override.xtbl	dlc3_m02	/exposure_min>        <lut_filename>lut_dlc3_m02</lut_filename>        <desired_brightne
dlc3.vpp_pc	dlc3_m02_tod_override.xtbl	dlc3_m02_tod_override.xtbl	m02	sure_min>        <lut_filename>lut_dlc3_m02</lut_filename>        <desired_brightne
dlc3.vpp_pc	dlc3_homies.xtbl	dlc3_homies.xtbl	m04	d to be checked.</Description>    <Flag>m04</Flag>    <Flag>m05</Flag>    <Flag>mm_
dlc3.vpp_pc	dlc3_homies.xtbl	dlc3_homies.xtbl	m05	scription>    <Flag>m04</Flag>    <Flag>m05</Flag>    <Flag>mm_p_01</Flag>    <Flag
dlc3.vpp_pc	dlc3_homies.xtbl	dlc3_homies.xtbl	m06	07</Flag>    <Flag>sh01</Flag>    <Flag>m06</Flag>    <Flag>m07</Flag>    <Flag>m08
dlc3.vpp_pc	dlc3_homies.xtbl	dlc3_homies.xtbl	m07	h01</Flag>    <Flag>m06</Flag>    <Flag>m07</Flag>    <Flag>m08</Flag>    <Flag>sh0
dlc3.vpp_pc	dlc3_homies.xtbl	dlc3_homies.xtbl	m08	m06</Flag>    <Flag>m07</Flag>    <Flag>m08</Flag>    <Flag>sh02</Flag>    <Flag>m0
dlc3.vpp_pc	dlc3_homies.xtbl	dlc3_homies.xtbl	m09	08</Flag>    <Flag>sh02</Flag>    <Flag>m09</Flag>    <Flag>m10</Flag>    <Flag>m11
dlc3.vpp_pc	dlc3_homies.xtbl	dlc3_homies.xtbl	m10	h02</Flag>    <Flag>m09</Flag>    <Flag>m10</Flag>    <Flag>m11</Flag>    <Flag>m12
dlc3.vpp_pc	dlc3_homies.xtbl	dlc3_homies.xtbl	m11	m09</Flag>    <Flag>m10</Flag>    <Flag>m11</Flag>    <Flag>m12</Flag>    <Flag>m13
dlc3.vpp_pc	dlc3_homies.xtbl	dlc3_homies.xtbl	m12	m10</Flag>    <Flag>m11</Flag>    <Flag>m12</Flag>    <Flag>m13</Flag>    <Flag>m14
dlc3.vpp_pc	dlc3_homies.xtbl	dlc3_homies.xtbl	m13	m11</Flag>    <Flag>m12</Flag>    <Flag>m13</Flag>    <Flag>m14</Flag>    <Flag>m15
dlc3.vpp_pc	dlc3_homies.xtbl	dlc3_homies.xtbl	m14	m12</Flag>    <Flag>m13</Flag>    <Flag>m14</Flag>    <Flag>m15</Flag>    <Flag>sh0
dlc3.vpp_pc	dlc3_homies.xtbl	dlc3_homies.xtbl	m15	m13</Flag>    <Flag>m14</Flag>    <Flag>m15</Flag>    <Flag>sh03</Flag>    <Flag>m1
dlc3.vpp_pc	dlc3_homies.xtbl	dlc3_homies.xtbl	m16	15</Flag>    <Flag>sh03</Flag>    <Flag>m16</Flag>    <Flag>m17</Flag>    <Flag>m18
dlc3.vpp_pc	dlc3_homies.xtbl	dlc3_homies.xtbl	m16	</Flag>    <Flag>m24</Flag>    <Flag>mm_m16_5</Flag>    </Element>   <Element>    <
dlc3.vpp_pc	dlc3_homies.xtbl	dlc3_homies.xtbl	m17	h03</Flag>    <Flag>m16</Flag>    <Flag>m17</Flag>    <Flag>m18</Flag>    <Flag>m19
dlc3.vpp_pc	dlc3_homies.xtbl	dlc3_homies.xtbl	m18	m16</Flag>    <Flag>m17</Flag>    <Flag>m18</Flag>    <Flag>m19</Flag>    <Flag>m20
dlc3.vpp_pc	dlc3_homies.xtbl	dlc3_homies.xtbl	m19	m17</Flag>    <Flag>m18</Flag>    <Flag>m19</Flag>    <Flag>m20</Flag>    <Flag>sh0
dlc3.vpp_pc	dlc3_homies.xtbl	dlc3_homies.xtbl	m20	m18</Flag>    <Flag>m19</Flag>    <Flag>m20</Flag>    <Flag>sh04</Flag>    <Flag>m2
dlc3.vpp_pc	dlc3_homies.xtbl	dlc3_homies.xtbl	m21	20</Flag>    <Flag>sh04</Flag>    <Flag>m21</Flag>    <Flag>m22</Flag>    <Flag>m23
dlc3.vpp_pc	dlc3_homies.xtbl	dlc3_homies.xtbl	m22	h04</Flag>    <Flag>m21</Flag>    <Flag>m22</Flag>    <Flag>m23</Flag>    <Flag>m24
dlc3.vpp_pc	dlc3_homies.xtbl	dlc3_homies.xtbl	m23	m21</Flag>    <Flag>m22</Flag>    <Flag>m23</Flag>    <Flag>m24</Flag>    <Flag>mm_
dlc3.vpp_pc	dlc3_homies.xtbl	dlc3_homies.xtbl	m24	m22</Flag>    <Flag>m23</Flag>    <Flag>m24</Flag>    <Flag>mm_m16_5</Flag>    </El
dlc3.vpp_pc	dlc3_homies.xtbl	dlc3_homies.xtbl	mm_m16_5	m23</Flag>    <Flag>m24</Flag>    <Flag>mm_m16_5</Flag>    </Element>   <Element>    <Na
dlc3.vpp_pc	dlc3_homies.xtbl	dlc3_homies.xtbl	mm_p_01	m04</Flag>    <Flag>m05</Flag>    <Flag>mm_p_01</Flag>    <Flag>mm_p_02</Flag>    <Flag
dlc3.vpp_pc	dlc3_homies.xtbl	dlc3_homies.xtbl	mm_p_02	/Flag>    <Flag>mm_p_01</Flag>    <Flag>mm_p_02</Flag>    <Flag>mm_p_03</Flag>    <Flag
dlc3.vpp_pc	dlc3_homies.xtbl	dlc3_homies.xtbl	mm_p_03	/Flag>    <Flag>mm_p_02</Flag>    <Flag>mm_p_03</Flag>    <Flag>mm_p_04</Flag>    <Flag
dlc3.vpp_pc	dlc3_homies.xtbl	dlc3_homies.xtbl	mm_p_04	/Flag>    <Flag>mm_p_03</Flag>    <Flag>mm_p_04</Flag>    <Flag>mm_p_05</Flag>    <Flag
dlc3.vpp_pc	dlc3_homies.xtbl	dlc3_homies.xtbl	mm_p_05	/Flag>    <Flag>mm_p_04</Flag>    <Flag>mm_p_05</Flag>    <Flag>mm_p_06</Flag>    <Flag
dlc3.vpp_pc	dlc3_homies.xtbl	dlc3_homies.xtbl	mm_p_06	/Flag>    <Flag>mm_p_05</Flag>    <Flag>mm_p_06</Flag>    <Flag>mm_p_07</Flag>    <Flag
dlc3.vpp_pc	dlc3_homies.xtbl	dlc3_homies.xtbl	mm_p_07	/Flag>    <Flag>mm_p_06</Flag>    <Flag>mm_p_07</Flag>    <Flag>sh01</Flag>    <Flag>m0
dlc3.vpp_pc	dlc3_homies.xtbl	dlc3_homies.xtbl	sh01	/Flag>    <Flag>mm_p_07</Flag>    <Flag>sh01</Flag>    <Flag>m06</Flag>    <Flag>m07
dlc3.vpp_pc	dlc3_homies.xtbl	dlc3_homies.xtbl	sh02	m07</Flag>    <Flag>m08</Flag>    <Flag>sh02</Flag>    <Flag>m09</Flag>    <Flag>m10
dlc3.vpp_pc	dlc3_homies.xtbl	dlc3_homies.xtbl	sh03	m14</Flag>    <Flag>m15</Flag>    <Flag>sh03</Flag>    <Flag>m16</Flag>    <Flag>m17
dlc3.vpp_pc	dlc3_homies.xtbl	dlc3_homies.xtbl	sh04	m19</Flag>    <Flag>m20</Flag>    <Flag>sh04</Flag>    <Flag>m21</Flag>    <Flag>m22
dlc3.vpp_pc	dlc3_m01.str2_pc > dlc3_m01_tod_override.xtbl	dlc3_m01_tod_override.xtbl	dlc3_m01	lection_gloss>        <lut_filename>lut_dlc3_m01</lut_filename>        <opacity>0.0</opa
dlc3.vpp_pc	dlc3_m01.str2_pc > dlc3_m01_tod_override.xtbl	dlc3_m01_tod_override.xtbl	m01	on_gloss>        <lut_filename>lut_dlc3_m01</lut_filename>        <opacity>0.0</opa
dlc3.vpp_pc	dlc3_m03.str2_pc > dlc3_m03_tod_override.xtbl	dlc3_m03_tod_override.xtbl	dlc3_m03	lection_gloss>        <lut_filename>lut_dlc3_m03</lut_filename>        <opacity>0.8</opa
dlc3.vpp_pc	dlc3_m03.str2_pc > dlc3_m03_tod_override.xtbl	dlc3_m03_tod_override.xtbl	m03	on_gloss>        <lut_filename>lut_dlc3_m03</lut_filename>        <opacity>0.8</opa
dlc3.vpp_pc	dlc3_m02.str2_pc > dlc3_m02_tod_override.xtbl	dlc3_m02_tod_override.xtbl	dlc3_m02	/exposure_min>        <lut_filename>lut_dlc3_m02</lut_filename>        <desired_brightne
dlc3.vpp_pc	dlc3_m02.str2_pc > dlc3_m02_tod_override.xtbl	dlc3_m02_tod_override.xtbl	m02	sure_min>        <lut_filename>lut_dlc3_m02</lut_filename>        <desired_brightne
misc_tables.vpp_pc	action_node_npcs.xtbl	action_node_npcs.xtbl	m01	 <Model_List>     <Model>npc_ped_youngfem01_fw</Model>     <Model>npc_ped_youngfem0
misc_tables.vpp_pc	action_node_npcs.xtbl	action_node_npcs.xtbl	m01	05_fw</Model>     <Model>npc_ped_youngfem01_fw</Model>     </Model_List>    <Animat
misc_tables.vpp_pc	action_node_npcs.xtbl	action_node_npcs.xtbl	m02	l>npc_bum04_fb</Model>     <Model>npc_bum02_fw</Model>     <Model>npc_bum03_mb</Mod
misc_tables.vpp_pc	action_node_npcs.xtbl	action_node_npcs.xtbl	m02	l>npc_bum04_fb</Model>     <Model>npc_bum02_fw</Model>     <Model>npc_bum03_mb</Mod
misc_tables.vpp_pc	action_node_npcs.xtbl	action_node_npcs.xtbl	m02	04_fa</Model>     <Model>npc_ped_youngfem02_fb</Model>     <Model>npc_ped_youngmale
misc_tables.vpp_pc	action_node_npcs.xtbl	action_node_npcs.xtbl	m02	l>npc_bum04_fb</Model>     <Model>npc_bum02_fw</Model>     <Model>npc_bum03_mb</Mod
misc_tables.vpp_pc	action_node_npcs.xtbl	action_node_npcs.xtbl	m02	l>npc_bum04_fb</Model>     <Model>npc_bum02_fw</Model>     <Model>npc_bum03_mb</Mod
misc_tables.vpp_pc	action_node_npcs.xtbl	action_node_npcs.xtbl	m02	l>npc_bum04_fb</Model>     <Model>npc_bum02_fw</Model>     <Model>npc_bum03_mb</Mod
misc_tables.vpp_pc	action_node_npcs.xtbl	action_node_npcs.xtbl	m02	l>npc_bum04_fb</Model>     <Model>npc_bum02_fw</Model>     <Model>npc_bum03_mb</Mod
misc_tables.vpp_pc	action_node_npcs.xtbl	action_node_npcs.xtbl	m02	l>npc_bum04_fb</Model>     <Model>npc_bum02_fw</Model>     <Model>npc_bum03_mb</Mod
misc_tables.vpp_pc	action_node_npcs.xtbl	action_node_npcs.xtbl	m02	l>npc_bum04_fb</Model>     <Model>npc_bum02_fw</Model>     <Model>npc_bum03_mb</Mod
misc_tables.vpp_pc	action_node_npcs.xtbl	action_node_npcs.xtbl	m02	l>npc_bum04_fb</Model>     <Model>npc_bum02_fw</Model>     <Model>npc_bum03_mb</Mod
misc_tables.vpp_pc	action_node_npcs.xtbl	action_node_npcs.xtbl	m02	03_mh</Model>     <Model>npc_ped_youngfem02_fb</Model>     <Model>npc_ped_old01_mw<
misc_tables.vpp_pc	action_node_npcs.xtbl	action_node_npcs.xtbl	m03	l>npc_bum02_fw</Model>     <Model>npc_bum03_mb</Model>     </Model_List>    <Person
misc_tables.vpp_pc	action_node_npcs.xtbl	action_node_npcs.xtbl	m03	l>npc_bum02_fw</Model>     <Model>npc_bum03_mb</Model>     </Model_List>    <Person
misc_tables.vpp_pc	action_node_npcs.xtbl	action_node_npcs.xtbl	m03	l>npc_bum02_fw</Model>     <Model>npc_bum03_mb</Model>     </Model_List>    <Statio
misc_tables.vpp_pc	action_node_npcs.xtbl	action_node_npcs.xtbl	m03	l>npc_bum02_fw</Model>     <Model>npc_bum03_mb</Model>     </Model_List>    <Statio
misc_tables.vpp_pc	action_node_npcs.xtbl	action_node_npcs.xtbl	m03	ation>    <Model_List>     <Model>npc_bum03_mb</Model>     <Model>npc_bum</Model>  
misc_tables.vpp_pc	action_node_npcs.xtbl	action_node_npcs.xtbl	m03	l>npc_bum02_fw</Model>     <Model>npc_bum03_mb</Model>     </Model_List>    <Person
misc_tables.vpp_pc	action_node_npcs.xtbl	action_node_npcs.xtbl	m03	l>npc_bum02_fw</Model>     <Model>npc_bum03_mb</Model>     </Model_List>    <Person
misc_tables.vpp_pc	action_node_npcs.xtbl	action_node_npcs.xtbl	m03	l>npc_bum02_fw</Model>     <Model>npc_bum03_mb</Model>     </Model_List>    <Animat
misc_tables.vpp_pc	action_node_npcs.xtbl	action_node_npcs.xtbl	m03	l>npc_bum02_fw</Model>     <Model>npc_bum03_mb</Model>     </Model_List>    <Person
misc_tables.vpp_pc	action_node_npcs.xtbl	action_node_npcs.xtbl	m03	l>npc_bum02_fw</Model>     <Model>npc_bum03_mb</Model>     </Model_List>    <Animat
misc_tables.vpp_pc	action_node_npcs.xtbl	action_node_npcs.xtbl	m03	<Model>npc_bum</Model>     <Model>npc_bum03_mb</Model>     <Model>npc_ped_punk01_mw
misc_tables.vpp_pc	action_node_npcs.xtbl	action_node_npcs.xtbl	m03	<Model>npc_bum</Model>     <Model>npc_bum03_mb</Model>     <Model>npc_ped_punk02_mb
misc_tables.vpp_pc	action_node_npcs.xtbl	action_node_npcs.xtbl	m04	<Model>npc_bum</Model>     <Model>npc_bum04_fb</Model>     <Model>npc_bum02_fw</Mod
misc_tables.vpp_pc	action_node_npcs.xtbl	action_node_npcs.xtbl	m04	<Model>npc_bum</Model>     <Model>npc_bum04_fb</Model>     <Model>npc_bum02_fw</Mod
misc_tables.vpp_pc	action_node_npcs.xtbl	action_node_npcs.xtbl	m04	01_fw</Model>     <Model>npc_ped_youngfem04_fa</Model>     <Model>npc_ped_youngfem0
misc_tables.vpp_pc	action_node_npcs.xtbl	action_node_npcs.xtbl	m04	<Model>npc_bum</Model>     <Model>npc_bum04_fb</Model>     <Model>npc_bum02_fw</Mod
misc_tables.vpp_pc	action_node_npcs.xtbl	action_node_npcs.xtbl	m04	<Model>npc_bum</Model>     <Model>npc_bum04_fb</Model>     <Model>npc_bum02_fw</Mod
misc_tables.vpp_pc	action_node_npcs.xtbl	action_node_npcs.xtbl	m04	<Model>npc_bum</Model>     <Model>npc_bum04_fb</Model>     <Model>npc_bum02_fw</Mod
misc_tables.vpp_pc	action_node_npcs.xtbl	action_node_npcs.xtbl	m04	<Model>npc_bum</Model>     <Model>npc_bum04_fb</Model>     <Model>npc_bum02_fw</Mod
misc_tables.vpp_pc	action_node_npcs.xtbl	action_node_npcs.xtbl	m04	<Model>npc_bum</Model>     <Model>npc_bum04_fb</Model>     <Model>npc_bum02_fw</Mod
misc_tables.vpp_pc	action_node_npcs.xtbl	action_node_npcs.xtbl	m04	<Model>npc_bum</Model>     <Model>npc_bum04_fb</Model>     <Model>npc_bum02_fw</Mod
misc_tables.vpp_pc	action_node_npcs.xtbl	action_node_npcs.xtbl	m04	<Model>npc_bum</Model>     <Model>npc_bum04_fb</Model>     <Model>npc_bum02_fw</Mod
misc_tables.vpp_pc	action_node_npcs.xtbl	action_node_npcs.xtbl	m04	 <Model_List>     <Model>npc_ped_youngfem04_fa</Model>     <Model>npc_ped_youngfem0
misc_tables.vpp_pc	action_node_npcs.xtbl	action_node_npcs.xtbl	m05	04_fa</Model>     <Model>npc_ped_youngfem05_fw</Model>     <Model>npc_ped_youngfem0
misc_tables.vpp_pc	action_node_npcs.xtbl	action_node_npcs.xtbl	m05	02_mb</Model>     <Model>npc_ped_youngfem05_fw</Model>     </Model_List>    <Animat
misc_tables.vpp_pc	anim_actions.xtbl	anim_actions.xtbl	m01	r>    </Action>   <Action>    <Name>gat m01 prep</Name>    <_Editor>     <Category>
misc_tables.vpp_pc	anim_actions.xtbl	anim_actions.xtbl	m01	ditor>    </Action>   <Action>    <Name>m01 interrogate entry gat</Name>    <_Edito
misc_tables.vpp_pc	anim_actions.xtbl	anim_actions.xtbl	m01	ditor>    </Action>   <Action>    <Name>m01 interrogate entry victim</Name>    <_Ed
misc_tables.vpp_pc	anim_actions.xtbl	anim_actions.xtbl	m01	ditor>    </Action>   <Action>    <Name>m01 interrogate exit gat</Name>    <_Editor
misc_tables.vpp_pc	anim_actions.xtbl	anim_actions.xtbl	m01	ditor>    </Action>   <Action>    <Name>m01 interrogate exit victim</Name>    <_Edi
misc_tables.vpp_pc	anim_actions.xtbl	anim_actions.xtbl	m01	ditor>    </Action>   <Action>    <Name>m01 interrogate return gat</Name>    <_Edit
misc_tables.vpp_pc	anim_actions.xtbl	anim_actions.xtbl	m01	ditor>    </Action>   <Action>    <Name>m01 interrogate return victim</Name>    <_E
misc_tables.vpp_pc	anim_actions.xtbl	anim_actions.xtbl	m01	ditor>    </Action>   <Action>    <Name>m01 z01 transition</Name>    <_Editor>     
misc_tables.vpp_pc	anim_actions.xtbl	anim_actions.xtbl	m01	  </Action>   <Action>    <Name>shaundi m01 prep</Name>    <_Editor>     <Category>
misc_tables.vpp_pc	anim_actions.xtbl	anim_actions.xtbl	m02	ditor>    </Action>   <Action>    <Name>m02 player mission start</Name>    <_Editor
misc_tables.vpp_pc	anim_actions.xtbl	anim_actions.xtbl	m02	ditor>    </Action>   <Action>    <Name>m02 shnrscu convo a</Name>    <_Editor>    
misc_tables.vpp_pc	anim_actions.xtbl	anim_actions.xtbl	m02	ditor>    </Action>   <Action>    <Name>m02 shnrscu convo b</Name>    <_Editor>    
misc_tables.vpp_pc	anim_actions.xtbl	anim_actions.xtbl	m02	ditor>    </Action>   <Action>    <Name>m02 shnrscu convo chute</Name>    <_Editor>
misc_tables.vpp_pc	anim_actions.xtbl	anim_actions.xtbl	m02	ditor>    </Action>   <Action>    <Name>m02 shnrscu enter a</Name>    <_Editor>    
misc_tables.vpp_pc	anim_actions.xtbl	anim_actions.xtbl	m02	ditor>    </Action>   <Action>    <Name>m02 shnrscu enter b</Name>    <_Editor>    
misc_tables.vpp_pc	anim_actions.xtbl	anim_actions.xtbl	m02	ditor>    </Action>   <Action>    <Name>m02 shootqte attk</Name>    <_Editor>     <
misc_tables.vpp_pc	anim_actions.xtbl	anim_actions.xtbl	m02	ditor>    </Action>   <Action>    <Name>m02 shootqte end a</Name>    <_Editor>     
misc_tables.vpp_pc	anim_actions.xtbl	anim_actions.xtbl	m02	ditor>    </Action>   <Action>    <Name>m02 shootqte end b</Name>    <_Editor>     
misc_tables.vpp_pc	anim_actions.xtbl	anim_actions.xtbl	m02	ditor>    </Action>   <Action>    <Name>m02 shootqte enter a</Name>    <_Editor>   
misc_tables.vpp_pc	anim_actions.xtbl	anim_actions.xtbl	m02	ditor>    </Action>   <Action>    <Name>m02 shootqte enter b</Name>    <_Editor>   
misc_tables.vpp_pc	anim_actions.xtbl	anim_actions.xtbl	m02	ditor>    </Action>   <Action>    <Name>m02 shootqte exit a</Name>    <_Editor>    
misc_tables.vpp_pc	anim_actions.xtbl	anim_actions.xtbl	m02	ditor>    </Action>   <Action>    <Name>m02 shootqte exit b</Name>    <_Editor>    
misc_tables.vpp_pc	anim_actions.xtbl	anim_actions.xtbl	m02	ditor>    </Action>   <Action>    <Name>m02 skyqte3 attk a</Name>    <_Editor>     
misc_tables.vpp_pc	anim_actions.xtbl	anim_actions.xtbl	m02	ditor>    </Action>   <Action>    <Name>m02 skyqte3 attk b</Name>    <_Editor>     
misc_tables.vpp_pc	anim_actions.xtbl	anim_actions.xtbl	m02	ditor>    </Action>   <Action>    <Name>m02 skyqte3 enter a</Name>    <_Editor>    
misc_tables.vpp_pc	anim_actions.xtbl	anim_actions.xtbl	m02	ditor>    </Action>   <Action>    <Name>m02 skyqte3 enter b</Name>    <_Editor>    
misc_tables.vpp_pc	anim_actions.xtbl	anim_actions.xtbl	m02	ditor>    </Action>   <Action>    <Name>m02 skyqte3 exit a</Name>    <_Editor>     
misc_tables.vpp_pc	anim_actions.xtbl	anim_actions.xtbl	m02	ditor>    </Action>   <Action>    <Name>m02 skyqte3 exit b</Name>    <_Editor>     
misc_tables.vpp_pc	anim_actions.xtbl	anim_actions.xtbl	m03	ditor>    </Action>   <Action>    <Name>m03 player mission start</Name>    <_Editor
misc_tables.vpp_pc	anim_actions.xtbl	anim_actions.xtbl	m05	ditor>    </Action>   <Action>    <Name>m05 qte1 end</Name>    <_Editor>     <Categ
misc_tables.vpp_pc	anim_actions.xtbl	anim_actions.xtbl	m05	ditor>    </Action>   <Action>    <Name>m05 qte1 enter</Name>    <_Editor>     <Cat
misc_tables.vpp_pc	anim_actions.xtbl	anim_actions.xtbl	m05	ditor>    </Action>   <Action>    <Name>m05 qte1 exit</Name>    <_Editor>     <Cate
misc_tables.vpp_pc	anim_actions.xtbl	anim_actions.xtbl	m05	ditor>    </Action>   <Action>    <Name>m05 qte2 enter b</Name>    <_Editor>     <C
misc_tables.vpp_pc	anim_actions.xtbl	anim_actions.xtbl	m05	ditor>    </Action>   <Action>    <Name>m05 qte2 exit b</Name>    <_Editor>     <Ca
misc_tables.vpp_pc	anim_actions.xtbl	anim_actions.xtbl	m05	ditor>    </Action>   <Action>    <Name>m05 qte2 seq1 atk b</Name>    <_Editor>    
misc_tables.vpp_pc	anim_actions.xtbl	anim_actions.xtbl	m05	ditor>    </Action>   <Action>    <Name>m05 qte2 seq1 end b</Name>    <_Editor>    
misc_tables.vpp_pc	anim_actions.xtbl	anim_actions.xtbl	m05	ditor>    </Action>   <Action>    <Name>m05 qte2 seq1 esc b</Name>    <_Editor>    
misc_tables.vpp_pc	anim_actions.xtbl	anim_actions.xtbl	m05	ditor>    </Action>   <Action>    <Name>m05 qte2 seq10 start b</Name>    <_Editor> 
misc_tables.vpp_pc	anim_actions.xtbl	anim_actions.xtbl	m05	ditor>    </Action>   <Action>    <Name>m05 qte2 seq2 end b</Name>    <_Editor>    
misc_tables.vpp_pc	anim_actions.xtbl	anim_actions.xtbl	m05	ditor>    </Action>   <Action>    <Name>m05 qte2 seq3 end b</Name>    <_Editor>    
misc_tables.vpp_pc	anim_actions.xtbl	anim_actions.xtbl	m05	ditor>    </Action>   <Action>    <Name>m05 qte2 seq3 start b</Name>    <_Editor>  
misc_tables.vpp_pc	anim_actions.xtbl	anim_actions.xtbl	m05	ditor>    </Action>   <Action>    <Name>m05 qte2 seq4 end b</Name>    <_Editor>    
misc_tables.vpp_pc	anim_actions.xtbl	anim_actions.xtbl	m05	ditor>    </Action>   <Action>    <Name>m05 qte2 seq4 start b</Name>    <_Editor>  
misc_tables.vpp_pc	anim_actions.xtbl	anim_actions.xtbl	m05	ditor>    </Action>   <Action>    <Name>m05 qte2 seq5 end b</Name>    <_Editor>    
misc_tables.vpp_pc	anim_actions.xtbl	anim_actions.xtbl	m05	ditor>    </Action>   <Action>    <Name>m05 qte2 seq5 start b</Name>    <_Editor>  
misc_tables.vpp_pc	anim_actions.xtbl	anim_actions.xtbl	m05	ditor>    </Action>   <Action>    <Name>m05 qte2 seq6 b</Name>    <_Editor>     <Ca
misc_tables.vpp_pc	anim_actions.xtbl	anim_actions.xtbl	m05	ditor>    </Action>   <Action>    <Name>m05 qte2 seq6 end b</Name>    <_Editor>    
misc_tables.vpp_pc	anim_actions.xtbl	anim_actions.xtbl	m05	ditor>    </Action>   <Action>    <Name>m05 qte2 seq6 start b</Name>    <_Editor>  
misc_tables.vpp_pc	anim_actions.xtbl	anim_actions.xtbl	m05	ditor>    </Action>   <Action>    <Name>m05 qte2 seq7 end b</Name>    <_Editor>    
misc_tables.vpp_pc	anim_actions.xtbl	anim_actions.xtbl	m05	ditor>    </Action>   <Action>    <Name>m05 qte2 seq7 start b</Name>    <_Editor>  
misc_tables.vpp_pc	anim_actions.xtbl	anim_actions.xtbl	m05	ditor>    </Action>   <Action>    <Name>m05 qte2 seq8 b</Name>    <_Editor>     <Ca
misc_tables.vpp_pc	anim_actions.xtbl	anim_actions.xtbl	m05	ditor>    </Action>   <Action>    <Name>m05 qte2 seq8 end b</Name>    <_Editor>    
misc_tables.vpp_pc	anim_actions.xtbl	anim_actions.xtbl	m05	ditor>    </Action>   <Action>    <Name>m05 qte2 seq8 start b</Name>    <_Editor>  
misc_tables.vpp_pc	anim_actions.xtbl	anim_actions.xtbl	m05	ditor>    </Action>   <Action>    <Name>m05 qte2 seq9 atk b</Name>    <_Editor>    
misc_tables.vpp_pc	anim_actions.xtbl	anim_actions.xtbl	m05	ditor>    </Action>   <Action>    <Name>m05 qte2 seq9 start b</Name>    <_Editor>  
misc_tables.vpp_pc	anim_actions.xtbl	anim_actions.xtbl	m06	ditor>    </Action>   <Action>    <Name>m06 player mission start</Name>    <_Editor
misc_tables.vpp_pc	anim_actions.xtbl	anim_actions.xtbl	m07	ditor>    </Action>   <Action>    <Name>m07 club owner interrogation player</Name> 
misc_tables.vpp_pc	anim_actions.xtbl	anim_actions.xtbl	m07	ditor>    </Action>   <Action>    <Name>m07 club owner interrogation victim</Name> 
misc_tables.vpp_pc	anim_actions.xtbl	anim_actions.xtbl	m09	ditor>    </Action>   <Action>    <Name>m09 open container</Name>    <_Editor>     
misc_tables.vpp_pc	anim_actions.xtbl	anim_actions.xtbl	m10	ditor>    </Action>   <Action>    <Name>m10 player mission start</Name>    <_Editor
misc_tables.vpp_pc	anim_actions.xtbl	anim_actions.xtbl	m12	ditor>    </Action>   <Action>    <Name>m12_josh_overshoulder_exittocar_a</Name>   
misc_tables.vpp_pc	anim_actions.xtbl	anim_actions.xtbl	m12	ditor>    </Action>   <Action>    <Name>m12_josh_overshoulder_exittocar_b</Name>   
misc_tables.vpp_pc	anim_actions.xtbl	anim_actions.xtbl	m12	ditor>    </Action>   <Action>    <Name>m12_plym_overshoulder_exittocar_a</Name>   
misc_tables.vpp_pc	anim_actions.xtbl	anim_actions.xtbl	m12	ditor>    </Action>   <Action>    <Name>m12_plym_overshoulder_exittocar_b</Name>   
misc_tables.vpp_pc	anim_actions.xtbl	anim_actions.xtbl	m13	ditor>    </Action>   <Action>    <Name>m13_cardswipe</Name>    <_Editor>     <Cate
misc_tables.vpp_pc	anim_actions.xtbl	anim_actions.xtbl	m14	ditor>    </Action>   <Action>    <Name>m14 transmitter in</Name>    <_Editor>     
misc_tables.vpp_pc	anim_actions.xtbl	anim_actions.xtbl	m14	ditor>    </Action>   <Action>    <Name>m14 transmitter out</Name>    <_Editor>    
misc_tables.vpp_pc	anim_actions.xtbl	anim_actions.xtbl	m16	ditor>    </Action>   <Action>    <Name>m16 wqte pa end a</Name>    <_Editor>     <
misc_tables.vpp_pc	anim_actions.xtbl	anim_actions.xtbl	m16	ditor>    </Action>   <Action>    <Name>m16 wqte pa end b</Name>    <_Editor>     <
misc_tables.vpp_pc	anim_actions.xtbl	anim_actions.xtbl	m16	ditor>    </Action>   <Action>    <Name>m16 wqte pa exit a</Name>    <_Editor>     
misc_tables.vpp_pc	anim_actions.xtbl	anim_actions.xtbl	m16	ditor>    </Action>   <Action>    <Name>m16 wqte pa exit b</Name>    <_Editor>     
misc_tables.vpp_pc	anim_actions.xtbl	anim_actions.xtbl	m16	ditor>    </Action>   <Action>    <Name>m16 wqte pa start a</Name>    <_Editor>    
misc_tables.vpp_pc	anim_actions.xtbl	anim_actions.xtbl	m16	ditor>    </Action>   <Action>    <Name>m16 wqte pa start b</Name>    <_Editor>    
misc_tables.vpp_pc	anim_actions.xtbl	anim_actions.xtbl	m16	ditor>    </Action>   <Action>    <Name>m16 wqte pb atk a</Name>    <_Editor>     <
misc_tables.vpp_pc	anim_actions.xtbl	anim_actions.xtbl	m16	ditor>    </Action>   <Action>    <Name>m16 wqte pb atk b</Name>    <_Editor>     <
misc_tables.vpp_pc	anim_actions.xtbl	anim_actions.xtbl	m16	ditor>    </Action>   <Action>    <Name>m16 wqte pb end a</Name>    <_Editor>     <
misc_tables.vpp_pc	anim_actions.xtbl	anim_actions.xtbl	m16	ditor>    </Action>   <Action>    <Name>m16 wqte pb end b</Name>    <_Editor>     <
misc_tables.vpp_pc	anim_actions.xtbl	anim_actions.xtbl	m16	ditor>    </Action>   <Action>    <Name>m16 wqte pb exit a</Name>    <_Editor>     
misc_tables.vpp_pc	anim_actions.xtbl	anim_actions.xtbl	m16	ditor>    </Action>   <Action>    <Name>m16 wqte pb exit b</Name>    <_Editor>     
misc_tables.vpp_pc	anim_actions.xtbl	anim_actions.xtbl	m16	ditor>    </Action>   <Action>    <Name>m16 wqte pb start a</Name>    <_Editor>    
misc_tables.vpp_pc	anim_actions.xtbl	anim_actions.xtbl	m16	ditor>    </Action>   <Action>    <Name>m16 wqte pb start b</Name>    <_Editor>    
misc_tables.vpp_pc	anim_actions.xtbl	anim_actions.xtbl	m18	ditor>    </Action>   <Action>    <Name>m18  open crate</Name>    <_Editor>     <Ca
misc_tables.vpp_pc	anim_actions.xtbl	anim_actions.xtbl	m18	ditor>    </Action>   <Action>    <Name>m18 enter tank</Name>    <_Editor>     <Cat
misc_tables.vpp_pc	anim_actions.xtbl	anim_actions.xtbl	m18	ditor>    </Action>   <Action>    <Name>m18 plane tank collide</Name>    <_Editor> 
misc_tables.vpp_pc	anim_actions.xtbl	anim_actions.xtbl	m18	ditor>    </Action>   <Action>    <Name>m18 player mission start</Name>    <_Editor
misc_tables.vpp_pc	anim_actions.xtbl	anim_actions.xtbl	m19	ditor>    </Action>   <Action>    <Name>m19 open garage door</Name>    <_Editor>   
misc_tables.vpp_pc	anim_actions.xtbl	anim_actions.xtbl	m19	ditor>    </Action>   <Action>    <Name>m19 qte grapple enter a</Name>    <_Editor>
misc_tables.vpp_pc	anim_actions.xtbl	anim_actions.xtbl	m19	ditor>    </Action>   <Action>    <Name>m19 qte grapple enter b</Name>    <_Editor>
misc_tables.vpp_pc	anim_actions.xtbl	anim_actions.xtbl	m19	ditor>    </Action>   <Action>    <Name>m19 qte grapple exit a</Name>    <_Editor> 
misc_tables.vpp_pc	anim_actions.xtbl	anim_actions.xtbl	m19	ditor>    </Action>   <Action>    <Name>m19 qte grapple exit b</Name>    <_Editor> 
misc_tables.vpp_pc	anim_actions.xtbl	anim_actions.xtbl	m19	ditor>    </Action>   <Action>    <Name>m19 qte2 grapple enter a</Name>    <_Editor
misc_tables.vpp_pc	anim_actions.xtbl	anim_actions.xtbl	m19	ditor>    </Action>   <Action>    <Name>m19 qte2 grapple enter b</Name>    <_Editor
misc_tables.vpp_pc	anim_actions.xtbl	anim_actions.xtbl	m19	ditor>    </Action>   <Action>    <Name>m19 qte2 grapple exit a</Name>    <_Editor>
misc_tables.vpp_pc	anim_actions.xtbl	anim_actions.xtbl	m19	ditor>    </Action>   <Action>    <Name>m19 qte2 grapple exit b</Name>    <_Editor>
misc_tables.vpp_pc	anim_actions.xtbl	anim_actions.xtbl	m21	ditor>    </Action>   <Action>    <Name>m21 cheat to tiedup 1</Name>    <_Editor>  
misc_tables.vpp_pc	anim_actions.xtbl	anim_actions.xtbl	m21	ditor>    </Action>   <Action>    <Name>m21 cheat to tiedup 1 a</Name>    <_Editor>
misc_tables.vpp_pc	anim_actions.xtbl	anim_actions.xtbl	m21	ditor>    </Action>   <Action>    <Name>m21 cheat to tiedup 2</Name>    <_Editor>  
misc_tables.vpp_pc	anim_actions.xtbl	anim_actions.xtbl	m21	ditor>    </Action>   <Action>    <Name>m21 cheat to tiedup 2 a</Name>    <_Editor>
misc_tables.vpp_pc	anim_actions.xtbl	anim_actions.xtbl	m21	ditor>    </Action>   <Action>    <Name>m21 tiedup to cheat 1</Name>    <_Editor>  
misc_tables.vpp_pc	anim_actions.xtbl	anim_actions.xtbl	m21	ditor>    </Action>   <Action>    <Name>m21 tiedup to cheat 1 a</Name>    <_Editor>
misc_tables.vpp_pc	anim_actions.xtbl	anim_actions.xtbl	m21	ditor>    </Action>   <Action>    <Name>m21 tiedup to cheat 2</Name>    <_Editor>  
misc_tables.vpp_pc	anim_actions.xtbl	anim_actions.xtbl	m21	ditor>    </Action>   <Action>    <Name>m21 tiedup to cheat 2 a</Name>    <_Editor>
misc_tables.vpp_pc	anim_actions.xtbl	anim_actions.xtbl	m21	ditor>    </Action>   <Action>    <Name>m21 wrestle sequence 1 a</Name>    <_Editor
misc_tables.vpp_pc	anim_actions.xtbl	anim_actions.xtbl	m21	ditor>    </Action>   <Action>    <Name>m21 wrestle sequence 1 b</Name>    <_Editor
misc_tables.vpp_pc	anim_actions.xtbl	anim_actions.xtbl	m21	ditor>    </Action>   <Action>    <Name>m21 wrestle sequence 2 a</Name>    <_Editor
misc_tables.vpp_pc	anim_actions.xtbl	anim_actions.xtbl	m21	ditor>    </Action>   <Action>    <Name>m21 wrestle sequence 2 b</Name>    <_Editor
misc_tables.vpp_pc	anim_actions.xtbl	anim_actions.xtbl	m21	ditor>    </Action>   <Action>    <Name>m21 wrestle sequence 3 a</Name>    <_Editor
misc_tables.vpp_pc	anim_actions.xtbl	anim_actions.xtbl	m21	ditor>    </Action>   <Action>    <Name>m21 wrestle sequence 3 b</Name>    <_Editor
misc_tables.vpp_pc	anim_actions.xtbl	anim_actions.xtbl	m21	ditor>    </Action>   <Action>    <Name>m21 wrestle sequence 6 a</Name>    <_Editor
misc_tables.vpp_pc	anim_actions.xtbl	anim_actions.xtbl	m21	ditor>    </Action>   <Action>    <Name>m21 wrestle sequence 6 b</Name>    <_Editor
misc_tables.vpp_pc	anim_actions.xtbl	anim_actions.xtbl	m21	ditor>    </Action>   <Action>    <Name>m21 wrestle sequence 9 a</Name>    <_Editor
misc_tables.vpp_pc	anim_actions.xtbl	anim_actions.xtbl	m21	ditor>    </Action>   <Action>    <Name>m21 wrestle sequence 9 b</Name>    <_Editor
misc_tables.vpp_pc	anim_actions.xtbl	anim_actions.xtbl	m21	ditor>    </Action>   <Action>    <Name>m21_plym_tagteam_cheer</Name>    <_Editor> 
misc_tables.vpp_pc	anim_actions.xtbl	anim_actions.xtbl	m21	ditor>    </Action>   <Action>    <Name>m21_plym_tagteam_swapa</Name>    <_Editor> 
misc_tables.vpp_pc	anim_actions.xtbl	anim_actions.xtbl	m21	ditor>    </Action>   <Action>    <Name>m21_plym_tagteam_swapb</Name>    <_Editor> 
misc_tables.vpp_pc	anim_actions.xtbl	anim_actions.xtbl	m21	ditor>    </Action>   <Action>    <Name>m21_plym_tagteam_wave</Name>    <_Editor>  
misc_tables.vpp_pc	anim_actions.xtbl	anim_actions.xtbl	m22	    </Action>   <Action>    <Name>killb m22 seq 1</Name>    <_Editor>     <Category
misc_tables.vpp_pc	anim_actions.xtbl	anim_actions.xtbl	m22	    </Action>   <Action>    <Name>killb m22 seq 1 hbutt</Name>    <_Editor>     <Ca
misc_tables.vpp_pc	anim_actions.xtbl	anim_actions.xtbl	m22	    </Action>   <Action>    <Name>killb m22 seq 2</Name>    <_Editor>     <Category
misc_tables.vpp_pc	anim_actions.xtbl	anim_actions.xtbl	m22	    </Action>   <Action>    <Name>killb m22 seq 2 fslam</Name>    <_Editor>     <Ca
misc_tables.vpp_pc	anim_actions.xtbl	anim_actions.xtbl	m22	    </Action>   <Action>    <Name>killb m22 seq 3</Name>    <_Editor>     <Category
misc_tables.vpp_pc	anim_actions.xtbl	anim_actions.xtbl	m22	    </Action>   <Action>    <Name>killb m22 seq 3 snap</Name>    <_Editor>     <Cat
misc_tables.vpp_pc	anim_actions.xtbl	anim_actions.xtbl	m22	ditor>    </Action>   <Action>    <Name>m22 hs fiaj react a</Name>    <_Editor>    
misc_tables.vpp_pc	anim_actions.xtbl	anim_actions.xtbl	m22	ditor>    </Action>   <Action>    <Name>m22 hs fiaj react b</Name>    <_Editor>    
misc_tables.vpp_pc	anim_actions.xtbl	anim_actions.xtbl	m22	>    </Action>   <Action>    <Name>plym m22 seq 1</Name>    <_Editor>     <Category
misc_tables.vpp_pc	anim_actions.xtbl	anim_actions.xtbl	m22	>    </Action>   <Action>    <Name>plym m22 seq 1 hbutt</Name>    <_Editor>     <Ca
misc_tables.vpp_pc	anim_actions.xtbl	anim_actions.xtbl	m22	>    </Action>   <Action>    <Name>plym m22 seq 2</Name>    <_Editor>     <Category
misc_tables.vpp_pc	anim_actions.xtbl	anim_actions.xtbl	m22	>    </Action>   <Action>    <Name>plym m22 seq 2 fslam</Name>    <_Editor>     <Ca
misc_tables.vpp_pc	anim_actions.xtbl	anim_actions.xtbl	m22	>    </Action>   <Action>    <Name>plym m22 seq 3</Name>    <_Editor>     <Category
misc_tables.vpp_pc	anim_actions.xtbl	anim_actions.xtbl	m22	>    </Action>   <Action>    <Name>plym m22 seq 3 snap</Name>    <_Editor>     <Cat
misc_tables.vpp_pc	anim_actions.xtbl	anim_actions.xtbl	m24	ditor>    </Action>   <Action>    <Name>m24 computer hack</Name>    <_Editor>     <
misc_tables.vpp_pc	anim_actions.xtbl	anim_actions.xtbl	m24	ditor>    </Action>   <Action>    <Name>m24 dramatic no</Name>    <_Editor>     <Ca
misc_tables.vpp_pc	anim_actions.xtbl	anim_actions.xtbl	m24	ditor>    </Action>   <Action>    <Name>m24 failed revive a</Name>    <_Editor>    
misc_tables.vpp_pc	anim_actions.xtbl	anim_actions.xtbl	m24	ditor>    </Action>   <Action>    <Name>m24 failed revive b</Name>    <_Editor>    
misc_tables.vpp_pc	anim_actions.xtbl	anim_actions.xtbl	m24	ditor>    </Action>   <Action>    <Name>m24 getup</Name>    <_Editor>     <Category
misc_tables.vpp_pc	anim_actions.xtbl	anim_actions.xtbl	m24	ditor>    </Action>   <Action>    <Name>m24 lava hit</Name>    <_Editor>     <Categ
misc_tables.vpp_pc	anim_actions.xtbl	anim_actions.xtbl	m24	ditor>    </Action>   <Action>    <Name>m24 qte beatdown one a</Name>    <_Editor> 
misc_tables.vpp_pc	anim_actions.xtbl	anim_actions.xtbl	m24	ditor>    </Action>   <Action>    <Name>m24 qte beatdown one b</Name>    <_Editor> 
misc_tables.vpp_pc	anim_actions.xtbl	anim_actions.xtbl	m24	ditor>    </Action>   <Action>    <Name>m24 qte beatdown three a</Name>    <_Editor
misc_tables.vpp_pc	anim_actions.xtbl	anim_actions.xtbl	m24	ditor>    </Action>   <Action>    <Name>m24 qte beatdown three b</Name>    <_Editor
misc_tables.vpp_pc	anim_actions.xtbl	anim_actions.xtbl	m24	ditor>    </Action>   <Action>    <Name>m24 qte beatdown two a</Name>    <_Editor> 
misc_tables.vpp_pc	anim_actions.xtbl	anim_actions.xtbl	m24	ditor>    </Action>   <Action>    <Name>m24 qte beatdown two b</Name>    <_Editor> 
misc_tables.vpp_pc	anim_actions.xtbl	anim_actions.xtbl	sh03	ditor>    </Action>   <Action>    <Name>sh03 kenzie hack enter</Name>    <_Editor>  
misc_tables.vpp_pc	anim_actions.xtbl	anim_actions.xtbl	sh03	ditor>    </Action>   <Action>    <Name>sh03 kenzie hack exit</Name>    <_Editor>   
misc_tables.vpp_pc	anim_actions.xtbl	anim_actions.xtbl	sh03	ditor>    </Action>   <Action>    <Name>sh03 vomit hack</Name>    <_Editor>     <Cat
misc_tables.vpp_pc	anim_auto.xtbl	anim_auto.xtbl	m18	ID>tank roll a</ID><Animation><Filename>m18_tank_roll_a.animx</Filename></Animation
misc_tables.vpp_pc	anim_auto.xtbl	anim_auto.xtbl	m18	ID>tank roll b</ID><Animation><Filename>m18_tank_roll_b.animx</Filename></Animation
misc_tables.vpp_pc	anim_auto.xtbl	anim_auto.xtbl	m18	ID>tank roll c</ID><Animation><Filename>m18_tank_roll_c.animx</Filename></Animation
misc_tables.vpp_pc	anim_auto.xtbl	anim_auto.xtbl	m18	name></Animation></Action>  <Action><ID>m18 enter tank</ID><Animation><Filename>m18
misc_tables.vpp_pc	anim_auto.xtbl	anim_auto.xtbl	m18	m18 enter tank</ID><Animation><Filename>m18_tank_entered.animx</Filename></Animatio
misc_tables.vpp_pc	anim_auto.xtbl	anim_auto.xtbl	m18	name></Animation></Action>  <Action><ID>m18 plane tank collide</ID><Animation><File
misc_tables.vpp_pc	anim_default.xtbl	anim_default.xtbl	m02	lename></Animation></State>  <State><ID>m02 skyqte3 struggle b</ID><Animation><File
misc_tables.vpp_pc	anim_default.xtbl	anim_default.xtbl	m02	te3 struggle b</ID><Animation><Filename>m02_skyqte3_strg_b.animx</Filename></Animat
misc_tables.vpp_pc	anim_default.xtbl	anim_default.xtbl	m02	lename></Animation></State>  <State><ID>m02 player mission start idle</ID><Animatio
misc_tables.vpp_pc	anim_default.xtbl	anim_default.xtbl	m02	ion start idle</ID><Animation><Filename>m02_plym_mission_start_01.animx</Filename><
misc_tables.vpp_pc	anim_default.xtbl	anim_default.xtbl	m02	name></Animation></Action>  <Action><ID>m02 skyqte3 attk b</ID><Animation><Filename
misc_tables.vpp_pc	anim_default.xtbl	anim_default.xtbl	m02	skyqte3 attk b</ID><Animation><Filename>m02_skyqte3_attk_b.animx</Filename></Animat
misc_tables.vpp_pc	anim_default.xtbl	anim_default.xtbl	m02	name></Animation></Action>  <Action><ID>m02 skyqte3 enter b</ID><Animation><Filenam
misc_tables.vpp_pc	anim_default.xtbl	anim_default.xtbl	m02	kyqte3 enter b</ID><Animation><Filename>m02_skyqte3_entr_b.animx</Filename></Animat
misc_tables.vpp_pc	anim_default.xtbl	anim_default.xtbl	m02	name></Animation></Action>  <Action><ID>m02 skyqte3 exit b</ID><Animation><Filename
misc_tables.vpp_pc	anim_default.xtbl	anim_default.xtbl	m02	skyqte3 exit b</ID><Animation><Filename>m02_skyqte3_ext_b.animx</Filename></Animati
misc_tables.vpp_pc	anim_default.xtbl	anim_default.xtbl	m02	name></Animation></Action>  <Action><ID>m02 player mission start</ID><Animation><Fi
misc_tables.vpp_pc	anim_default.xtbl	anim_default.xtbl	m02	 mission start</ID><Animation><Filename>m02_plym_mission_start.animx</Filename></An
misc_tables.vpp_pc	anim_default.xtbl	anim_default.xtbl	m03	lename></Animation></State>  <State><ID>m03 player mission start idle</ID><Animatio
misc_tables.vpp_pc	anim_default.xtbl	anim_default.xtbl	m03	ion start idle</ID><Animation><Filename>m03_plym_mission_start_01.animx</Filename><
misc_tables.vpp_pc	anim_default.xtbl	anim_default.xtbl	m03	name></Animation></Action>  <Action><ID>m03 player mission start</ID><Animation><Fi
misc_tables.vpp_pc	anim_default.xtbl	anim_default.xtbl	m03	 mission start</ID><Animation><Filename>m03_plym_mission_start.animx</Filename></An
misc_tables.vpp_pc	anim_default.xtbl	anim_default.xtbl	m05	lename></Animation></State>  <State><ID>m05 qte2 seq1 a</ID><Animation><Filename>m0
misc_tables.vpp_pc	anim_default.xtbl	anim_default.xtbl	m05	05 qte2 seq1 a</ID><Animation><Filename>m05_qte2_seq1_a.animx</Filename></Animation
misc_tables.vpp_pc	anim_default.xtbl	anim_default.xtbl	m05	lename></Animation></State>  <State><ID>m05 qte2 seq10 a</ID><Animation><Filename>m
misc_tables.vpp_pc	anim_default.xtbl	anim_default.xtbl	m05	5 qte2 seq10 a</ID><Animation><Filename>m05_qte2_seq10_a.animx</Filename></Animatio
misc_tables.vpp_pc	anim_default.xtbl	anim_default.xtbl	m05	lename></Animation></State>  <State><ID>m05 qte2 seq4 a</ID><Animation><Filename>m0
misc_tables.vpp_pc	anim_default.xtbl	anim_default.xtbl	m05	05 qte2 seq4 a</ID><Animation><Filename>m05_qte2_seq4_a.animx</Filename></Animation
misc_tables.vpp_pc	anim_default.xtbl	anim_default.xtbl	m05	lename></Animation></State>  <State><ID>m05 qte2 seq5 a</ID><Animation><Filename>m0
misc_tables.vpp_pc	anim_default.xtbl	anim_default.xtbl	m05	05 qte2 seq5 a</ID><Animation><Filename>m05_qte2_seq5_a.animx</Filename></Animation
misc_tables.vpp_pc	anim_default.xtbl	anim_default.xtbl	m05	lename></Animation></State>  <State><ID>m05 qte2 seq7 a</ID><Animation><Filename>m0
misc_tables.vpp_pc	anim_default.xtbl	anim_default.xtbl	m05	05 qte2 seq7 a</ID><Animation><Filename>m05_qte2_seq7_a.animx</Filename></Animation
misc_tables.vpp_pc	anim_default.xtbl	anim_default.xtbl	m05	lename></Animation></State>  <State><ID>m05 qte2 seq9 a</ID><Animation><Filename>m0
misc_tables.vpp_pc	anim_default.xtbl	anim_default.xtbl	m05	05 qte2 seq9 a</ID><Animation><Filename>m05_qte2_seq9_a.animx</Filename></Animation
misc_tables.vpp_pc	anim_default.xtbl	anim_default.xtbl	m05	lename></Animation></State>  <State><ID>m05 qte2 death state 1</ID><Animation><File
misc_tables.vpp_pc	anim_default.xtbl	anim_default.xtbl	m05	 death state 1</ID><Animation><Filename>m05_qte2_death_st1.animx</Filename></Animat
misc_tables.vpp_pc	anim_default.xtbl	anim_default.xtbl	m06	name></Animation></Action>  <Action><ID>m06 player mission start</ID><Animation><Fi
misc_tables.vpp_pc	anim_default.xtbl	anim_default.xtbl	m06	 mission start</ID><Animation><Filename>m06_plym_missionstart.animx</Filename></Ani
misc_tables.vpp_pc	anim_default.xtbl	anim_default.xtbl	m10	name></Animation></Action>  <Action><ID>m10 player mission start</ID><Animation><Fi
misc_tables.vpp_pc	anim_default.xtbl	anim_default.xtbl	m10	 mission start</ID><Animation><Filename>m10_plym_missionstart.animx</Filename></Ani
misc_tables.vpp_pc	anim_default.xtbl	anim_default.xtbl	m13	name></Animation></Action>  <Action><ID>m13_cardswipe</ID><Animation><Filename>plym
misc_tables.vpp_pc	anim_default.xtbl	anim_default.xtbl	m18	lename></Animation></State>  <State><ID>m18 player mission start idle</ID><Animatio
misc_tables.vpp_pc	anim_default.xtbl	anim_default.xtbl	m18	ion start idle</ID><Animation><Filename>m18_plym_mission_start_01.animx</Filename><
misc_tables.vpp_pc	anim_default.xtbl	anim_default.xtbl	m18	name></Animation></Action>  <Action><ID>m18 player mission start</ID><Animation><Fi
misc_tables.vpp_pc	anim_default.xtbl	anim_default.xtbl	m18	 mission start</ID><Animation><Filename>m18_plym_mission_start.animx</Filename></An
misc_tables.vpp_pc	anim_default.xtbl	anim_default.xtbl	m18	name></Animation></Action>  <Action><ID>m18  open crate</ID><Animation><Filename>ma
misc_tables.vpp_pc	anim_default.xtbl	anim_default.xtbl	m18	name></Animation></Action>  <Action><ID>m18 enter tank</ID><Animation><Filename>m18
misc_tables.vpp_pc	anim_default.xtbl	anim_default.xtbl	m18	m18 enter tank</ID><Animation><Filename>m18_enter_tank.animx</Filename></Animation>
misc_tables.vpp_pc	anim_default.xtbl	anim_default.xtbl	m18	name></Animation></Action>  <Action><ID>m18 plane tank collide</ID><Animation><File
misc_tables.vpp_pc	anim_default.xtbl	anim_default.xtbl	m19	name></Animation></Action>  <Action><ID>m19 open garage door</ID><Animation><Filena
misc_tables.vpp_pc	anim_default.xtbl	anim_default.xtbl	m19	en garage door</ID><Animation><Filename>m19_plym_open_garage.animx</Filename></Anim
misc_tables.vpp_pc	anim_default.xtbl	anim_default.xtbl	m21	lename></Animation></State>  <State><ID>m21 angel beat down a</ID><Animation><Filen
misc_tables.vpp_pc	anim_default.xtbl	anim_default.xtbl	m21	lename></Animation></State>  <State><ID>m21 angel beat down b</ID><Animation><Filen
misc_tables.vpp_pc	anim_default.xtbl	anim_default.xtbl	m21	lename></Animation></State>  <State><ID>m21 angel beat down c</ID><Animation><Filen
misc_tables.vpp_pc	anim_default.xtbl	anim_default.xtbl	m21	lename></Animation></State>  <State><ID>m21 angel beat down d</ID><Animation><Filen
misc_tables.vpp_pc	anim_default.xtbl	anim_default.xtbl	m21	lename></Animation></State>  <State><ID>m21 angel beat down e</ID><Animation><Filen
misc_tables.vpp_pc	anim_default.xtbl	anim_default.xtbl	m21	lename></Animation></State>  <State><ID>m21 cheat 1 a</ID><Animation><Filename>m21_
misc_tables.vpp_pc	anim_default.xtbl	anim_default.xtbl	m21	>m21 cheat 1 a</ID><Animation><Filename>m21_cheat_1_a.animx</Filename></Animation><
misc_tables.vpp_pc	anim_default.xtbl	anim_default.xtbl	m21	lename></Animation></State>  <State><ID>m21 cheat 2 a</ID><Animation><Filename>m21_
misc_tables.vpp_pc	anim_default.xtbl	anim_default.xtbl	m21	>m21 cheat 2 a</ID><Animation><Filename>m21_cheat_2_a.animx</Filename></Animation><
misc_tables.vpp_pc	anim_default.xtbl	anim_default.xtbl	m21	name></Animation></Action>  <Action><ID>m21 wrestle sequence 6 a</ID><Animation><Fi
misc_tables.vpp_pc	anim_default.xtbl	anim_default.xtbl	m21	e sequence 6 a</ID><Animation><Filename>m21_wrestle_seq_6_a.animx</Filename></Anima
misc_tables.vpp_pc	anim_default.xtbl	anim_default.xtbl	m21	name></Animation></Action>  <Action><ID>m21 wrestle sequence 9 a</ID><Animation><Fi
misc_tables.vpp_pc	anim_default.xtbl	anim_default.xtbl	m21	e sequence 9 a</ID><Animation><Filename>m21_wrestle_seq_9_a.animx</Filename></Anima
misc_tables.vpp_pc	anim_default.xtbl	anim_default.xtbl	m21	name></Animation></Action>  <Action><ID>m21 cheat to tiedup 1 a</ID><Animation><Fil
misc_tables.vpp_pc	anim_default.xtbl	anim_default.xtbl	m21	 to tiedup 1 a</ID><Animation><Filename>m21_cheat_to_tied_1_a.animx</Filename></Ani
misc_tables.vpp_pc	anim_default.xtbl	anim_default.xtbl	m21	name></Animation></Action>  <Action><ID>m21 cheat to tiedup 2 a</ID><Animation><Fil
misc_tables.vpp_pc	anim_default.xtbl	anim_default.xtbl	m21	 to tiedup 2 a</ID><Animation><Filename>m21_cheat_to_tied_2_a.animx</Filename></Ani
misc_tables.vpp_pc	anim_default.xtbl	anim_default.xtbl	m21	name></Animation></Action>  <Action><ID>m21 tiedup to cheat 1 a</ID><Animation><Fil
misc_tables.vpp_pc	anim_default.xtbl	anim_default.xtbl	m21	p to cheat 1 a</ID><Animation><Filename>m21_tied_to_cheat_1_a.animx</Filename></Ani
misc_tables.vpp_pc	anim_default.xtbl	anim_default.xtbl	m21	name></Animation></Action>  <Action><ID>m21 tiedup to cheat 2 a</ID><Animation><Fil
misc_tables.vpp_pc	anim_default.xtbl	anim_default.xtbl	m21	p to cheat 2 a</ID><Animation><Filename>m21_tied_to_cheat_2_a.animx</Filename></Ani
misc_tables.vpp_pc	anim_default.xtbl	anim_default.xtbl	m22	></Animation></State>  <State><ID>killb m22 seq 1 hold</ID><Animation><Filename>kil
misc_tables.vpp_pc	anim_default.xtbl	anim_default.xtbl	m22	></Animation></State>  <State><ID>killb m22 seq 2 hold</ID><Animation><Filename>kil
misc_tables.vpp_pc	anim_default.xtbl	anim_default.xtbl	m22	></Animation></State>  <State><ID>killb m22 seq 3 hold</ID><Animation><Filename>kil
misc_tables.vpp_pc	anim_default.xtbl	anim_default.xtbl	m22	e></Animation></State>  <State><ID>plym m22 seq 1 hold</ID><Animation><Filename>ply
misc_tables.vpp_pc	anim_default.xtbl	anim_default.xtbl	m22	e></Animation></State>  <State><ID>plym m22 seq 2 hold</ID><Animation><Filename>ply
misc_tables.vpp_pc	anim_default.xtbl	anim_default.xtbl	m22	e></Animation></State>  <State><ID>plym m22 seq 3 hold</ID><Animation><Filename>ply
misc_tables.vpp_pc	anim_default.xtbl	anim_default.xtbl	m22	/Animation></Action>  <Action><ID>killb m22 seq 1</ID><Animation><Filename>killb_ma
misc_tables.vpp_pc	anim_default.xtbl	anim_default.xtbl	m22	/Animation></Action>  <Action><ID>killb m22 seq 1 hbutt</ID><Animation><Filename>ki
misc_tables.vpp_pc	anim_default.xtbl	anim_default.xtbl	m22	/Animation></Action>  <Action><ID>killb m22 seq 2</ID><Animation><Filename>killb_ma
misc_tables.vpp_pc	anim_default.xtbl	anim_default.xtbl	m22	/Animation></Action>  <Action><ID>killb m22 seq 2 fslam</ID><Animation><Filename>ki
misc_tables.vpp_pc	anim_default.xtbl	anim_default.xtbl	m22	/Animation></Action>  <Action><ID>killb m22 seq 3</ID><Animation><Filename>killb_ma
misc_tables.vpp_pc	anim_default.xtbl	anim_default.xtbl	m22	/Animation></Action>  <Action><ID>killb m22 seq 3 snap</ID><Animation><Filename>kil
misc_tables.vpp_pc	anim_default.xtbl	anim_default.xtbl	m22	</Animation></Action>  <Action><ID>plym m22 seq 1</ID><Animation><Filename>plym_mad
misc_tables.vpp_pc	anim_default.xtbl	anim_default.xtbl	m22	</Animation></Action>  <Action><ID>plym m22 seq 1 hbutt</ID><Animation><Filename>pl
misc_tables.vpp_pc	anim_default.xtbl	anim_default.xtbl	m22	</Animation></Action>  <Action><ID>plym m22 seq 2</ID><Animation><Filename>plym_mad
misc_tables.vpp_pc	anim_default.xtbl	anim_default.xtbl	m22	</Animation></Action>  <Action><ID>plym m22 seq 2 fslam</ID><Animation><Filename>pl
misc_tables.vpp_pc	anim_default.xtbl	anim_default.xtbl	m22	</Animation></Action>  <Action><ID>plym m22 seq 3</ID><Animation><Filename>plym_mad
misc_tables.vpp_pc	anim_default.xtbl	anim_default.xtbl	m22	</Animation></Action>  <Action><ID>plym m22 seq 3 snap</ID><Animation><Filename>ply
misc_tables.vpp_pc	anim_default.xtbl	anim_default.xtbl	m22	name></Animation></Action>  <Action><ID>m22 hs fiaj react a</ID><Animation><Filenam
misc_tables.vpp_pc	anim_default.xtbl	anim_default.xtbl	m22	s fiaj react a</ID><Animation><Filename>m22_hs_fiaj_a.animx</Filename></Animation><
misc_tables.vpp_pc	anim_default.xtbl	anim_default.xtbl	m22	name></Animation></Action>  <Action><ID>m22 hs fiaj react b</ID><Animation><Filenam
misc_tables.vpp_pc	anim_default.xtbl	anim_default.xtbl	m22	s fiaj react b</ID><Animation><Filename>m22_hs_fiaj_b.animx</Filename></Animation><
misc_tables.vpp_pc	anim_default.xtbl	anim_default.xtbl	m24	lename></Animation></State>  <State><ID>m24 suffering</ID><Animation><Filename>m24_
misc_tables.vpp_pc	anim_default.xtbl	anim_default.xtbl	m24	>m24 suffering</ID><Animation><Filename>m24_dieing.animx</Filename></Animation></St
misc_tables.vpp_pc	anim_default.xtbl	anim_default.xtbl	m24	name></Animation></Action>  <Action><ID>m24 failed revive a</ID><Animation><Filenam
misc_tables.vpp_pc	anim_default.xtbl	anim_default.xtbl	m24	ailed revive a</ID><Animation><Filename>m24_dieing_die_a.animx</Filename></Animatio
misc_tables.vpp_pc	anim_default.xtbl	anim_default.xtbl	m24	name></Animation></Action>  <Action><ID>m24 failed revive b</ID><Animation><Filenam
misc_tables.vpp_pc	anim_default.xtbl	anim_default.xtbl	m24	ailed revive b</ID><Animation><Filename>m24_dieing_die.animx</Filename></Animation>
misc_tables.vpp_pc	anim_files.xtbl	anim_files.xtbl	m01	_file><Animation><Filename>mad06_coop_aim01.animx</Filename><Preload>False</Preload
misc_tables.vpp_pc	anim_files.xtbl	anim_files.xtbl	m01	_file><Animation><Filename>mad06_plym_aim01.animx</Filename><Preload>False</Preload
misc_tables.vpp_pc	anim_files.xtbl	anim_files.xtbl	m02	_file>  <Anim_file><Animation><Filename>m02_plym_mission_start.animx</Filename><Pre
misc_tables.vpp_pc	anim_files.xtbl	anim_files.xtbl	m02	_file>  <Anim_file><Animation><Filename>m02_plym_mission_start_01.animx</Filename><
misc_tables.vpp_pc	anim_files.xtbl	anim_files.xtbl	m02	_file>  <Anim_file><Animation><Filename>m02_qte2_shoot_attk_a.animx</Filename><Prel
misc_tables.vpp_pc	anim_files.xtbl	anim_files.xtbl	m02	_file>  <Anim_file><Animation><Filename>m02_qte2_shoot_chute.animx</Filename><Prelo
misc_tables.vpp_pc	anim_files.xtbl	anim_files.xtbl	m02	_file>  <Anim_file><Animation><Filename>m02_qte2_shoot_end_a.animx</Filename><Prelo
misc_tables.vpp_pc	anim_files.xtbl	anim_files.xtbl	m02	_file>  <Anim_file><Animation><Filename>m02_qte2_shoot_end_b.animx</Filename><Prelo
misc_tables.vpp_pc	anim_files.xtbl	anim_files.xtbl	m02	_file>  <Anim_file><Animation><Filename>m02_qte2_shoot_entr_a.animx</Filename><Prel
misc_tables.vpp_pc	anim_files.xtbl	anim_files.xtbl	m02	_file>  <Anim_file><Animation><Filename>m02_qte2_shoot_entr_b.animx</Filename><Prel
misc_tables.vpp_pc	anim_files.xtbl	anim_files.xtbl	m02	_file>  <Anim_file><Animation><Filename>m02_qte2_shoot_ext_a.animx</Filename><Prelo
misc_tables.vpp_pc	anim_files.xtbl	anim_files.xtbl	m02	_file>  <Anim_file><Animation><Filename>m02_qte2_shoot_ext_b.animx</Filename><Prelo
misc_tables.vpp_pc	anim_files.xtbl	anim_files.xtbl	m02	_file>  <Anim_file><Animation><Filename>m02_qte2_shoot_hold_a.animx</Filename><Prel
misc_tables.vpp_pc	anim_files.xtbl	anim_files.xtbl	m02	_file>  <Anim_file><Animation><Filename>m02_qte2_shoot_hold_b.animx</Filename><Prel
misc_tables.vpp_pc	anim_files.xtbl	anim_files.xtbl	m02	_file>  <Anim_file><Animation><Filename>m02_shn_frfall.animx</Filename><Preload>Fal
misc_tables.vpp_pc	anim_files.xtbl	anim_files.xtbl	m02	_file>  <Anim_file><Animation><Filename>m02_shnrscu_chutecnv.animx</Filename><Prelo
misc_tables.vpp_pc	anim_files.xtbl	anim_files.xtbl	m02	_file>  <Anim_file><Animation><Filename>m02_shnrscu_chutectch.animx</Filename><Prel
misc_tables.vpp_pc	anim_files.xtbl	anim_files.xtbl	m02	_file>  <Anim_file><Animation><Filename>m02_shnrscu_chutehold.animx</Filename><Prel
misc_tables.vpp_pc	anim_files.xtbl	anim_files.xtbl	m02	_file>  <Anim_file><Animation><Filename>m02_shnrscu_cnv_a.animx</Filename><Preload>
misc_tables.vpp_pc	anim_files.xtbl	anim_files.xtbl	m02	_file>  <Anim_file><Animation><Filename>m02_shnrscu_cnv_b.animx</Filename><Preload>
misc_tables.vpp_pc	anim_files.xtbl	anim_files.xtbl	m02	_file>  <Anim_file><Animation><Filename>m02_shnrscu_entr_a.animx</Filename><Preload
misc_tables.vpp_pc	anim_files.xtbl	anim_files.xtbl	m02	_file>  <Anim_file><Animation><Filename>m02_shnrscu_entr_b.animx</Filename><Preload
misc_tables.vpp_pc	anim_files.xtbl	anim_files.xtbl	m02	_file>  <Anim_file><Animation><Filename>m02_shnrscu_hold_a.animx</Filename><Preload
misc_tables.vpp_pc	anim_files.xtbl	anim_files.xtbl	m02	_file>  <Anim_file><Animation><Filename>m02_shnrscu_hold_b.animx</Filename><Preload
misc_tables.vpp_pc	anim_files.xtbl	anim_files.xtbl	m02	_file>  <Anim_file><Animation><Filename>m02_skyqte3_attk_a.animx</Filename><Preload
misc_tables.vpp_pc	anim_files.xtbl	anim_files.xtbl	m02	_file>  <Anim_file><Animation><Filename>m02_skyqte3_attk_b.animx</Filename><Preload
misc_tables.vpp_pc	anim_files.xtbl	anim_files.xtbl	m02	_file>  <Anim_file><Animation><Filename>m02_skyqte3_entr_a.animx</Filename><Preload
misc_tables.vpp_pc	anim_files.xtbl	anim_files.xtbl	m02	_file>  <Anim_file><Animation><Filename>m02_skyqte3_entr_b.animx</Filename><Preload
misc_tables.vpp_pc	anim_files.xtbl	anim_files.xtbl	m02	_file>  <Anim_file><Animation><Filename>m02_skyqte3_ext_a.animx</Filename><Preload>
misc_tables.vpp_pc	anim_files.xtbl	anim_files.xtbl	m02	_file>  <Anim_file><Animation><Filename>m02_skyqte3_ext_b.animx</Filename><Preload>
misc_tables.vpp_pc	anim_files.xtbl	anim_files.xtbl	m02	_file>  <Anim_file><Animation><Filename>m02_skyqte3_strg_a.animx</Filename><Preload
misc_tables.vpp_pc	anim_files.xtbl	anim_files.xtbl	m02	_file>  <Anim_file><Animation><Filename>m02_skyqte3_strg_b.animx</Filename><Preload
misc_tables.vpp_pc	anim_files.xtbl	anim_files.xtbl	m02	_file><Animation><Filename>mad06_coop_aim02.animx</Filename><Preload>False</Preload
misc_tables.vpp_pc	anim_files.xtbl	anim_files.xtbl	m02	_file><Animation><Filename>mad06_plym_aim02.animx</Filename><Preload>False</Preload
misc_tables.vpp_pc	anim_files.xtbl	anim_files.xtbl	m03	_file>  <Anim_file><Animation><Filename>m03_plym_mission_start.animx</Filename><Pre
misc_tables.vpp_pc	anim_files.xtbl	anim_files.xtbl	m03	_file>  <Anim_file><Animation><Filename>m03_plym_mission_start_01.animx</Filename><
misc_tables.vpp_pc	anim_files.xtbl	anim_files.xtbl	m03	_file><Animation><Filename>mad06_coop_aim03.animx</Filename><Preload>False</Preload
misc_tables.vpp_pc	anim_files.xtbl	anim_files.xtbl	m03	_file><Animation><Filename>mad06_plym_aim03.animx</Filename><Preload>False</Preload
misc_tables.vpp_pc	anim_files.xtbl	anim_files.xtbl	m04	_file><Animation><Filename>mad06_coop_aim04.animx</Filename><Preload>False</Preload
misc_tables.vpp_pc	anim_files.xtbl	anim_files.xtbl	m04	_file><Animation><Filename>mad06_plym_aim04.animx</Filename><Preload>False</Preload
misc_tables.vpp_pc	anim_files.xtbl	anim_files.xtbl	m05	_file>  <Anim_file><Animation><Filename>m05_qte1_end.animx</Filename><Preload>False
misc_tables.vpp_pc	anim_files.xtbl	anim_files.xtbl	m05	_file>  <Anim_file><Animation><Filename>m05_qte1_entr.animx</Filename><Preload>Fals
misc_tables.vpp_pc	anim_files.xtbl	anim_files.xtbl	m05	_file>  <Anim_file><Animation><Filename>m05_qte1_ext.animx</Filename><Preload>False
misc_tables.vpp_pc	anim_files.xtbl	anim_files.xtbl	m05	_file>  <Anim_file><Animation><Filename>m05_qte1_seq1.animx</Filename><Preload>True
misc_tables.vpp_pc	anim_files.xtbl	anim_files.xtbl	m05	_file>  <Anim_file><Animation><Filename>m05_qte2_death_st1.animx</Filename><Preload
misc_tables.vpp_pc	anim_files.xtbl	anim_files.xtbl	m05	_file>  <Anim_file><Animation><Filename>m05_qte2_entr_a.animx</Filename><Preload>Fa
misc_tables.vpp_pc	anim_files.xtbl	anim_files.xtbl	m05	_file>  <Anim_file><Animation><Filename>m05_qte2_entr_b.animx</Filename><Preload>Fa
misc_tables.vpp_pc	anim_files.xtbl	anim_files.xtbl	m05	_file>  <Anim_file><Animation><Filename>m05_qte2_ext_a.animx</Filename><Preload>Fal
misc_tables.vpp_pc	anim_files.xtbl	anim_files.xtbl	m05	_file>  <Anim_file><Animation><Filename>m05_qte2_ext_b.animx</Filename><Preload>Fal
misc_tables.vpp_pc	anim_files.xtbl	anim_files.xtbl	m05	_file>  <Anim_file><Animation><Filename>m05_qte2_seq10_a.animx</Filename><Preload>F
misc_tables.vpp_pc	anim_files.xtbl	anim_files.xtbl	m05	_file>  <Anim_file><Animation><Filename>m05_qte2_seq10_b.animx</Filename><Preload>T
misc_tables.vpp_pc	anim_files.xtbl	anim_files.xtbl	m05	_file>  <Anim_file><Animation><Filename>m05_qte2_seq10_strt_a.animx</Filename><Prel
misc_tables.vpp_pc	anim_files.xtbl	anim_files.xtbl	m05	_file>  <Anim_file><Animation><Filename>m05_qte2_seq10_strt_b.animx</Filename><Prel
misc_tables.vpp_pc	anim_files.xtbl	anim_files.xtbl	m05	_file>  <Anim_file><Animation><Filename>m05_qte2_seq1_a.animx</Filename><Preload>Fa
misc_tables.vpp_pc	anim_files.xtbl	anim_files.xtbl	m05	_file>  <Anim_file><Animation><Filename>m05_qte2_seq1_attk_b.animx</Filename><Prelo
misc_tables.vpp_pc	anim_files.xtbl	anim_files.xtbl	m05	_file>  <Anim_file><Animation><Filename>m05_qte2_seq1_b.animx</Filename><Preload>Tr
misc_tables.vpp_pc	anim_files.xtbl	anim_files.xtbl	m05	_file>  <Anim_file><Animation><Filename>m05_qte2_seq1_end_a.animx</Filename><Preloa
misc_tables.vpp_pc	anim_files.xtbl	anim_files.xtbl	m05	_file>  <Anim_file><Animation><Filename>m05_qte2_seq1_end_b.animx</Filename><Preloa
misc_tables.vpp_pc	anim_files.xtbl	anim_files.xtbl	m05	_file>  <Anim_file><Animation><Filename>m05_qte2_seq1_esc_a.animx</Filename><Preloa
misc_tables.vpp_pc	anim_files.xtbl	anim_files.xtbl	m05	_file>  <Anim_file><Animation><Filename>m05_qte2_seq1_esc_b.animx</Filename><Preloa
misc_tables.vpp_pc	anim_files.xtbl	anim_files.xtbl	m05	_file>  <Anim_file><Animation><Filename>m05_qte2_seq1_flnch_a.animx</Filename><Prel
misc_tables.vpp_pc	anim_files.xtbl	anim_files.xtbl	m05	_file>  <Anim_file><Animation><Filename>m05_qte2_seq2_b.animx</Filename><Preload>Tr
misc_tables.vpp_pc	anim_files.xtbl	anim_files.xtbl	m05	_file>  <Anim_file><Animation><Filename>m05_qte2_seq2_end_b.animx</Filename><Preloa
misc_tables.vpp_pc	anim_files.xtbl	anim_files.xtbl	m05	_file>  <Anim_file><Animation><Filename>m05_qte2_seq3_end_a.animx</Filename><Preloa
misc_tables.vpp_pc	anim_files.xtbl	anim_files.xtbl	m05	_file>  <Anim_file><Animation><Filename>m05_qte2_seq3_end_b.animx</Filename><Preloa
misc_tables.vpp_pc	anim_files.xtbl	anim_files.xtbl	m05	_file>  <Anim_file><Animation><Filename>m05_qte2_seq3_strt_a.animx</Filename><Prelo
misc_tables.vpp_pc	anim_files.xtbl	anim_files.xtbl	m05	_file>  <Anim_file><Animation><Filename>m05_qte2_seq3_strt_b.animx</Filename><Prelo
misc_tables.vpp_pc	anim_files.xtbl	anim_files.xtbl	m05	_file>  <Anim_file><Animation><Filename>m05_qte2_seq4_a.animx</Filename><Preload>Fa
misc_tables.vpp_pc	anim_files.xtbl	anim_files.xtbl	m05	_file>  <Anim_file><Animation><Filename>m05_qte2_seq4_b.animx</Filename><Preload>Tr
misc_tables.vpp_pc	anim_files.xtbl	anim_files.xtbl	m05	_file>  <Anim_file><Animation><Filename>m05_qte2_seq4_end_a.animx</Filename><Preloa
misc_tables.vpp_pc	anim_files.xtbl	anim_files.xtbl	m05	_file>  <Anim_file><Animation><Filename>m05_qte2_seq4_end_b.animx</Filename><Preloa
misc_tables.vpp_pc	anim_files.xtbl	anim_files.xtbl	m05	_file>  <Anim_file><Animation><Filename>m05_qte2_seq4_strt_a.animx</Filename><Prelo
misc_tables.vpp_pc	anim_files.xtbl	anim_files.xtbl	m05	_file>  <Anim_file><Animation><Filename>m05_qte2_seq4_strt_b.animx</Filename><Prelo
misc_tables.vpp_pc	anim_files.xtbl	anim_files.xtbl	m05	_file>  <Anim_file><Animation><Filename>m05_qte2_seq5_a.animx</Filename><Preload>Fa
misc_tables.vpp_pc	anim_files.xtbl	anim_files.xtbl	m05	_file>  <Anim_file><Animation><Filename>m05_qte2_seq5_b.animx</Filename><Preload>Tr
misc_tables.vpp_pc	anim_files.xtbl	anim_files.xtbl	m05	_file>  <Anim_file><Animation><Filename>m05_qte2_seq5_end_a.animx</Filename><Preloa
misc_tables.vpp_pc	anim_files.xtbl	anim_files.xtbl	m05	_file>  <Anim_file><Animation><Filename>m05_qte2_seq5_end_b.animx</Filename><Preloa
misc_tables.vpp_pc	anim_files.xtbl	anim_files.xtbl	m05	_file>  <Anim_file><Animation><Filename>m05_qte2_seq5_strt_a.animx</Filename><Prelo
misc_tables.vpp_pc	anim_files.xtbl	anim_files.xtbl	m05	_file>  <Anim_file><Animation><Filename>m05_qte2_seq5_strt_b.animx</Filename><Prelo
misc_tables.vpp_pc	anim_files.xtbl	anim_files.xtbl	m05	_file>  <Anim_file><Animation><Filename>m05_qte2_seq6_a.animx</Filename><Preload>Fa
misc_tables.vpp_pc	anim_files.xtbl	anim_files.xtbl	m05	_file>  <Anim_file><Animation><Filename>m05_qte2_seq6_b.animx</Filename><Preload>Fa
misc_tables.vpp_pc	anim_files.xtbl	anim_files.xtbl	m05	_file>  <Anim_file><Animation><Filename>m05_qte2_seq6_end_a.animx</Filename><Preloa
misc_tables.vpp_pc	anim_files.xtbl	anim_files.xtbl	m05	_file>  <Anim_file><Animation><Filename>m05_qte2_seq6_end_b.animx</Filename><Preloa
misc_tables.vpp_pc	anim_files.xtbl	anim_files.xtbl	m05	_file>  <Anim_file><Animation><Filename>m05_qte2_seq6_strt_a.animx</Filename><Prelo
misc_tables.vpp_pc	anim_files.xtbl	anim_files.xtbl	m05	_file>  <Anim_file><Animation><Filename>m05_qte2_seq6_strt_b.animx</Filename><Prelo
misc_tables.vpp_pc	anim_files.xtbl	anim_files.xtbl	m05	_file>  <Anim_file><Animation><Filename>m05_qte2_seq6_strt_c.animx</Filename><Prelo
misc_tables.vpp_pc	anim_files.xtbl	anim_files.xtbl	m05	_file>  <Anim_file><Animation><Filename>m05_qte2_seq7_a.animx</Filename><Preload>Fa
misc_tables.vpp_pc	anim_files.xtbl	anim_files.xtbl	m05	_file>  <Anim_file><Animation><Filename>m05_qte2_seq7_b.animx</Filename><Preload>Tr
misc_tables.vpp_pc	anim_files.xtbl	anim_files.xtbl	m05	_file>  <Anim_file><Animation><Filename>m05_qte2_seq7_end_a.animx</Filename><Preloa
misc_tables.vpp_pc	anim_files.xtbl	anim_files.xtbl	m05	_file>  <Anim_file><Animation><Filename>m05_qte2_seq7_end_b.animx</Filename><Preloa
misc_tables.vpp_pc	anim_files.xtbl	anim_files.xtbl	m05	_file>  <Anim_file><Animation><Filename>m05_qte2_seq7_strt_a.animx</Filename><Prelo
misc_tables.vpp_pc	anim_files.xtbl	anim_files.xtbl	m05	_file>  <Anim_file><Animation><Filename>m05_qte2_seq7_strt_b.animx</Filename><Prelo
misc_tables.vpp_pc	anim_files.xtbl	anim_files.xtbl	m05	_file>  <Anim_file><Animation><Filename>m05_qte2_seq8_a.animx</Filename><Preload>Fa
misc_tables.vpp_pc	anim_files.xtbl	anim_files.xtbl	m05	_file>  <Anim_file><Animation><Filename>m05_qte2_seq8_b.animx</Filename><Preload>Fa
misc_tables.vpp_pc	anim_files.xtbl	anim_files.xtbl	m05	_file>  <Anim_file><Animation><Filename>m05_qte2_seq8_end_a.animx</Filename><Preloa
misc_tables.vpp_pc	anim_files.xtbl	anim_files.xtbl	m05	_file>  <Anim_file><Animation><Filename>m05_qte2_seq8_end_b.animx</Filename><Preloa
misc_tables.vpp_pc	anim_files.xtbl	anim_files.xtbl	m05	_file>  <Anim_file><Animation><Filename>m05_qte2_seq8_strt_a.animx</Filename><Prelo
misc_tables.vpp_pc	anim_files.xtbl	anim_files.xtbl	m05	_file>  <Anim_file><Animation><Filename>m05_qte2_seq8_strt_b.animx</Filename><Prelo
misc_tables.vpp_pc	anim_files.xtbl	anim_files.xtbl	m05	_file>  <Anim_file><Animation><Filename>m05_qte2_seq9_a.animx</Filename><Preload>Fa
misc_tables.vpp_pc	anim_files.xtbl	anim_files.xtbl	m05	_file>  <Anim_file><Animation><Filename>m05_qte2_seq9_attk_a.animx</Filename><Prelo
misc_tables.vpp_pc	anim_files.xtbl	anim_files.xtbl	m05	_file>  <Anim_file><Animation><Filename>m05_qte2_seq9_attk_b.animx</Filename><Prelo
misc_tables.vpp_pc	anim_files.xtbl	anim_files.xtbl	m05	_file>  <Anim_file><Animation><Filename>m05_qte2_seq9_b.animx</Filename><Preload>Tr
misc_tables.vpp_pc	anim_files.xtbl	anim_files.xtbl	m05	_file>  <Anim_file><Animation><Filename>m05_qte2_seq9_strt_a.animx</Filename><Prelo
misc_tables.vpp_pc	anim_files.xtbl	anim_files.xtbl	m05	_file>  <Anim_file><Animation><Filename>m05_qte2_seq9_strt_b.animx</Filename><Prelo
misc_tables.vpp_pc	anim_files.xtbl	anim_files.xtbl	m06	_file>  <Anim_file><Animation><Filename>m06_plym_missionstart.animx</Filename><Prel
misc_tables.vpp_pc	anim_files.xtbl	anim_files.xtbl	m10	_file>  <Anim_file><Animation><Filename>m10_plym_missionstart.animx</Filename><Prel
misc_tables.vpp_pc	anim_files.xtbl	anim_files.xtbl	m10	_file>  <Anim_file><Animation><Filename>m10_viola_elevator_fix.animx</Filename><Pre
misc_tables.vpp_pc	anim_files.xtbl	anim_files.xtbl	m10	_file>  <Anim_file><Animation><Filename>m10_vtol_no_cntrl.animx</Filename><Preload>
misc_tables.vpp_pc	anim_files.xtbl	anim_files.xtbl	m10	_file>  <Anim_file><Animation><Filename>m10_vtol_null.animx</Filename><Preload>True
misc_tables.vpp_pc	anim_files.xtbl	anim_files.xtbl	m16	_file>  <Anim_file><Animation><Filename>m16_wqte_pa_end_a.animx</Filename><Preload>
misc_tables.vpp_pc	anim_files.xtbl	anim_files.xtbl	m16	_file>  <Anim_file><Animation><Filename>m16_wqte_pa_end_b.animx</Filename><Preload>
misc_tables.vpp_pc	anim_files.xtbl	anim_files.xtbl	m16	_file>  <Anim_file><Animation><Filename>m16_wqte_pa_ext_a.animx</Filename><Preload>
misc_tables.vpp_pc	anim_files.xtbl	anim_files.xtbl	m16	_file>  <Anim_file><Animation><Filename>m16_wqte_pa_ext_b.animx</Filename><Preload>
misc_tables.vpp_pc	anim_files.xtbl	anim_files.xtbl	m16	_file>  <Anim_file><Animation><Filename>m16_wqte_pa_strt_a.animx</Filename><Preload
misc_tables.vpp_pc	anim_files.xtbl	anim_files.xtbl	m16	_file>  <Anim_file><Animation><Filename>m16_wqte_pa_strt_b.animx</Filename><Preload
misc_tables.vpp_pc	anim_files.xtbl	anim_files.xtbl	m16	_file>  <Anim_file><Animation><Filename>m16_wqte_pb_atk_a.animx</Filename><Preload>
misc_tables.vpp_pc	anim_files.xtbl	anim_files.xtbl	m16	_file>  <Anim_file><Animation><Filename>m16_wqte_pb_atk_b.animx</Filename><Preload>
misc_tables.vpp_pc	anim_files.xtbl	anim_files.xtbl	m16	_file>  <Anim_file><Animation><Filename>m16_wqte_pb_end_a.animx</Filename><Preload>
misc_tables.vpp_pc	anim_files.xtbl	anim_files.xtbl	m16	_file>  <Anim_file><Animation><Filename>m16_wqte_pb_end_b.animx</Filename><Preload>
misc_tables.vpp_pc	anim_files.xtbl	anim_files.xtbl	m16	_file>  <Anim_file><Animation><Filename>m16_wqte_pb_ext_a.animx</Filename><Preload>
misc_tables.vpp_pc	anim_files.xtbl	anim_files.xtbl	m16	_file>  <Anim_file><Animation><Filename>m16_wqte_pb_ext_b.animx</Filename><Preload>
misc_tables.vpp_pc	anim_files.xtbl	anim_files.xtbl	m16	_file>  <Anim_file><Animation><Filename>m16_wqte_pb_hold_a.animx</Filename><Preload
misc_tables.vpp_pc	anim_files.xtbl	anim_files.xtbl	m16	_file>  <Anim_file><Animation><Filename>m16_wqte_pb_hold_b.animx</Filename><Preload
misc_tables.vpp_pc	anim_files.xtbl	anim_files.xtbl	m16	_file>  <Anim_file><Animation><Filename>m16_wqte_pb_strt_a.animx</Filename><Preload
misc_tables.vpp_pc	anim_files.xtbl	anim_files.xtbl	m16	_file>  <Anim_file><Animation><Filename>m16_wqte_pb_strt_b.animx</Filename><Preload
misc_tables.vpp_pc	anim_files.xtbl	anim_files.xtbl	m18	_file>  <Anim_file><Animation><Filename>m18_enter_tank.animx</Filename><Preload>Fal
misc_tables.vpp_pc	anim_files.xtbl	anim_files.xtbl	m18	_file>  <Anim_file><Animation><Filename>m18_plym_mission_start.animx</Filename><Pre
misc_tables.vpp_pc	anim_files.xtbl	anim_files.xtbl	m18	_file>  <Anim_file><Animation><Filename>m18_plym_mission_start_01.animx</Filename><
misc_tables.vpp_pc	anim_files.xtbl	anim_files.xtbl	m18	_file>  <Anim_file><Animation><Filename>m18_tank_entered.animx</Filename><Preload>F
misc_tables.vpp_pc	anim_files.xtbl	anim_files.xtbl	m18	_file>  <Anim_file><Animation><Filename>m18_tank_roll_a.animx</Filename><Preload>Fa
misc_tables.vpp_pc	anim_files.xtbl	anim_files.xtbl	m18	_file>  <Anim_file><Animation><Filename>m18_tank_roll_b.animx</Filename><Preload>Fa
misc_tables.vpp_pc	anim_files.xtbl	anim_files.xtbl	m18	_file>  <Anim_file><Animation><Filename>m18_tank_roll_c.animx</Filename><Preload>Fa
misc_tables.vpp_pc	anim_files.xtbl	anim_files.xtbl	m18	_file><Animation><Filename>stg_exit_qck_m18.animx</Filename><Preload>False</Preload
misc_tables.vpp_pc	anim_files.xtbl	anim_files.xtbl	m18	file><Animation><Filename>tank_exit_qck_m18.animx</Filename><Preload>False</Preload
misc_tables.vpp_pc	anim_files.xtbl	anim_files.xtbl	m19	_file>  <Anim_file><Animation><Filename>m19_garage_open.animx</Filename><Preload>Tr
misc_tables.vpp_pc	anim_files.xtbl	anim_files.xtbl	m19	_file>  <Anim_file><Animation><Filename>m19_plym_open_garage.animx</Filename><Prelo
misc_tables.vpp_pc	anim_files.xtbl	anim_files.xtbl	m21	_file>  <Anim_file><Animation><Filename>m21_cheat_1_a.animx</Filename><Preload>Fals
misc_tables.vpp_pc	anim_files.xtbl	anim_files.xtbl	m21	_file>  <Anim_file><Animation><Filename>m21_cheat_1_b.animx</Filename><Preload>Fals
misc_tables.vpp_pc	anim_files.xtbl	anim_files.xtbl	m21	_file>  <Anim_file><Animation><Filename>m21_cheat_2_a.animx</Filename><Preload>Fals
misc_tables.vpp_pc	anim_files.xtbl	anim_files.xtbl	m21	_file>  <Anim_file><Animation><Filename>m21_cheat_2_b.animx</Filename><Preload>Fals
misc_tables.vpp_pc	anim_files.xtbl	anim_files.xtbl	m21	_file>  <Anim_file><Animation><Filename>m21_cheat_to_tied_1_a.animx</Filename><Prel
misc_tables.vpp_pc	anim_files.xtbl	anim_files.xtbl	m21	_file>  <Anim_file><Animation><Filename>m21_cheat_to_tied_1_b.animx</Filename><Prel
misc_tables.vpp_pc	anim_files.xtbl	anim_files.xtbl	m21	_file>  <Anim_file><Animation><Filename>m21_cheat_to_tied_2_a.animx</Filename><Prel
misc_tables.vpp_pc	anim_files.xtbl	anim_files.xtbl	m21	_file>  <Anim_file><Animation><Filename>m21_cheat_to_tied_2_b.animx</Filename><Prel
misc_tables.vpp_pc	anim_files.xtbl	anim_files.xtbl	m21	_file>  <Anim_file><Animation><Filename>m21_tied_to_cheat_1_a.animx</Filename><Prel
misc_tables.vpp_pc	anim_files.xtbl	anim_files.xtbl	m21	_file>  <Anim_file><Animation><Filename>m21_tied_to_cheat_1_b.animx</Filename><Prel
misc_tables.vpp_pc	anim_files.xtbl	anim_files.xtbl	m21	_file>  <Anim_file><Animation><Filename>m21_tied_to_cheat_2_a.animx</Filename><Prel
misc_tables.vpp_pc	anim_files.xtbl	anim_files.xtbl	m21	_file>  <Anim_file><Animation><Filename>m21_tied_to_cheat_2_b.animx</Filename><Prel
misc_tables.vpp_pc	anim_files.xtbl	anim_files.xtbl	m21	_file>  <Anim_file><Animation><Filename>m21_wrestle_seq_1_a.animx</Filename><Preloa
misc_tables.vpp_pc	anim_files.xtbl	anim_files.xtbl	m21	_file>  <Anim_file><Animation><Filename>m21_wrestle_seq_1_b.animx</Filename><Preloa
misc_tables.vpp_pc	anim_files.xtbl	anim_files.xtbl	m21	_file>  <Anim_file><Animation><Filename>m21_wrestle_seq_2_a.animx</Filename><Preloa
misc_tables.vpp_pc	anim_files.xtbl	anim_files.xtbl	m21	_file>  <Anim_file><Animation><Filename>m21_wrestle_seq_2_b.animx</Filename><Preloa
misc_tables.vpp_pc	anim_files.xtbl	anim_files.xtbl	m21	_file>  <Anim_file><Animation><Filename>m21_wrestle_seq_3_a.animx</Filename><Preloa
misc_tables.vpp_pc	anim_files.xtbl	anim_files.xtbl	m21	_file>  <Anim_file><Animation><Filename>m21_wrestle_seq_3_b.animx</Filename><Preloa
misc_tables.vpp_pc	anim_files.xtbl	anim_files.xtbl	m21	_file>  <Anim_file><Animation><Filename>m21_wrestle_seq_6_a.animx</Filename><Preloa
misc_tables.vpp_pc	anim_files.xtbl	anim_files.xtbl	m21	_file>  <Anim_file><Animation><Filename>m21_wrestle_seq_6_b.animx</Filename><Preloa
misc_tables.vpp_pc	anim_files.xtbl	anim_files.xtbl	m21	_file>  <Anim_file><Animation><Filename>m21_wrestle_seq_9_a.animx</Filename><Preloa
misc_tables.vpp_pc	anim_files.xtbl	anim_files.xtbl	m21	_file>  <Anim_file><Animation><Filename>m21_wrestle_seq_9_b.animx</Filename><Preloa
misc_tables.vpp_pc	anim_files.xtbl	anim_files.xtbl	m22	_file>  <Anim_file><Animation><Filename>m22_hs_fiaj_a.animx</Filename><Preload>Fals
misc_tables.vpp_pc	anim_files.xtbl	anim_files.xtbl	m22	_file>  <Anim_file><Animation><Filename>m22_hs_fiaj_b.animx</Filename><Preload>Fals
misc_tables.vpp_pc	anim_files.xtbl	anim_files.xtbl	m24	_file>  <Anim_file><Animation><Filename>m24_dieing.animx</Filename><Preload>True</P
misc_tables.vpp_pc	anim_files.xtbl	anim_files.xtbl	m24	_file>  <Anim_file><Animation><Filename>m24_dieing_die.animx</Filename><Preload>Fal
misc_tables.vpp_pc	anim_files.xtbl	anim_files.xtbl	m24	_file>  <Anim_file><Animation><Filename>m24_dieing_die_a.animx</Filename><Preload>F
misc_tables.vpp_pc	anim_files.xtbl	anim_files.xtbl	sh01	><Action>Create</Action><Object>wtr_splash01</Object><Dest>self</Dest><Dest_Tag>-1</
misc_tables.vpp_pc	anim_files.xtbl	anim_files.xtbl	sh01	><Action>Create</Action><Object>wtr_splash01</Object><Dest>self</Dest><Dest_Tag>-1</
misc_tables.vpp_pc	anim_states.xtbl	anim_states.xtbl	m01	ring stand</Name></State>  <State><Name>m01 interrogate gat</Name></State>  <State>
misc_tables.vpp_pc	anim_states.xtbl	anim_states.xtbl	m01	rogate gat</Name></State>  <State><Name>m01 interrogate victim</Name></State>  <Sta
misc_tables.vpp_pc	anim_states.xtbl	anim_states.xtbl	m01	ate victim</Name></State>  <State><Name>m01 z01 stand</Name></State>  <State><Name>
misc_tables.vpp_pc	anim_states.xtbl	anim_states.xtbl	m02	 z01 stand</Name></State>  <State><Name>m02 player mission start idle</Name></State
misc_tables.vpp_pc	anim_states.xtbl	anim_states.xtbl	m02	start idle</Name></State>  <State><Name>m02 shnfreefall</Name></State>  <State><Nam
misc_tables.vpp_pc	anim_states.xtbl	anim_states.xtbl	m02	hnfreefall</Name></State>  <State><Name>m02 shnrscu hold a</Name></State>  <State><
misc_tables.vpp_pc	anim_states.xtbl	anim_states.xtbl	m02	scu hold a</Name></State>  <State><Name>m02 shnrscu hold b</Name></State>  <State><
misc_tables.vpp_pc	anim_states.xtbl	anim_states.xtbl	m02	scu hold b</Name></State>  <State><Name>m02 shootqte hold a</Name></State>  <State>
misc_tables.vpp_pc	anim_states.xtbl	anim_states.xtbl	m02	qte hold a</Name></State>  <State><Name>m02 shootqte hold b</Name></State>  <State>
misc_tables.vpp_pc	anim_states.xtbl	anim_states.xtbl	m02	qte hold b</Name></State>  <State><Name>m02 skyqte3 struggle a</Name></State>  <Sta
misc_tables.vpp_pc	anim_states.xtbl	anim_states.xtbl	m02	struggle a</Name></State>  <State><Name>m02 skyqte3 struggle b</Name></State>  <Sta
misc_tables.vpp_pc	anim_states.xtbl	anim_states.xtbl	m03	struggle b</Name></State>  <State><Name>m03 player mission start idle</Name></State
misc_tables.vpp_pc	anim_states.xtbl	anim_states.xtbl	m05	start idle</Name></State>  <State><Name>m05 qte1 seq1</Name></State>  <State><Name>
misc_tables.vpp_pc	anim_states.xtbl	anim_states.xtbl	m05	 qte1 seq1</Name></State>  <State><Name>m05 qte2 death state 1</Name></State>  <Sta
misc_tables.vpp_pc	anim_states.xtbl	anim_states.xtbl	m05	th state 1</Name></State>  <State><Name>m05 qte2 seq1 a</Name></State>  <State><Nam
misc_tables.vpp_pc	anim_states.xtbl	anim_states.xtbl	m05	te2 seq1 a</Name></State>  <State><Name>m05 qte2 seq1 b</Name></State>  <State><Nam
misc_tables.vpp_pc	anim_states.xtbl	anim_states.xtbl	m05	te2 seq1 b</Name></State>  <State><Name>m05 qte2 seq10 a</Name></State>  <State><Na
misc_tables.vpp_pc	anim_states.xtbl	anim_states.xtbl	m05	e2 seq10 a</Name></State>  <State><Name>m05 qte2 seq10 b</Name></State>  <State><Na
misc_tables.vpp_pc	anim_states.xtbl	anim_states.xtbl	m05	e2 seq10 b</Name></State>  <State><Name>m05 qte2 seq2 b</Name></State>  <State><Nam
misc_tables.vpp_pc	anim_states.xtbl	anim_states.xtbl	m05	te2 seq2 b</Name></State>  <State><Name>m05 qte2 seq4 a</Name></State>  <State><Nam
misc_tables.vpp_pc	anim_states.xtbl	anim_states.xtbl	m05	te2 seq4 a</Name></State>  <State><Name>m05 qte2 seq4 b</Name></State>  <State><Nam
misc_tables.vpp_pc	anim_states.xtbl	anim_states.xtbl	m05	te2 seq4 b</Name></State>  <State><Name>m05 qte2 seq5 a</Name></State>  <State><Nam
misc_tables.vpp_pc	anim_states.xtbl	anim_states.xtbl	m05	te2 seq5 a</Name></State>  <State><Name>m05 qte2 seq5 b</Name></State>  <State><Nam
misc_tables.vpp_pc	anim_states.xtbl	anim_states.xtbl	m05	te2 seq5 b</Name></State>  <State><Name>m05 qte2 seq7 a</Name></State>  <State><Nam
misc_tables.vpp_pc	anim_states.xtbl	anim_states.xtbl	m05	te2 seq7 a</Name></State>  <State><Name>m05 qte2 seq7 b</Name></State>  <State><Nam
misc_tables.vpp_pc	anim_states.xtbl	anim_states.xtbl	m05	te2 seq7 b</Name></State>  <State><Name>m05 qte2 seq9 a</Name></State>  <State><Nam
misc_tables.vpp_pc	anim_states.xtbl	anim_states.xtbl	m05	te2 seq9 a</Name></State>  <State><Name>m05 qte2 seq9 b</Name></State>  <State><Nam
misc_tables.vpp_pc	anim_states.xtbl	anim_states.xtbl	m06	te2 seq9 b</Name></State>  <State><Name>m06 coop aim 01</Name></State>  <State><Nam
misc_tables.vpp_pc	anim_states.xtbl	anim_states.xtbl	m06	oop aim 01</Name></State>  <State><Name>m06 coop aim 02</Name></State>  <State><Nam
misc_tables.vpp_pc	anim_states.xtbl	anim_states.xtbl	m06	oop aim 02</Name></State>  <State><Name>m06 coop aim 03</Name></State>  <State><Nam
misc_tables.vpp_pc	anim_states.xtbl	anim_states.xtbl	m06	oop aim 03</Name></State>  <State><Name>m06 coop aim 04</Name></State>  <State><Nam
misc_tables.vpp_pc	anim_states.xtbl	anim_states.xtbl	m06	oop aim 04</Name></State>  <State><Name>m06 coop aim a</Name></State>  <State><Name
misc_tables.vpp_pc	anim_states.xtbl	anim_states.xtbl	m06	coop aim a</Name></State>  <State><Name>m06 player aim 02</Name></State>  <State><N
misc_tables.vpp_pc	anim_states.xtbl	anim_states.xtbl	m06	yer aim 02</Name></State>  <State><Name>m06 player aim 03</Name></State>  <State><N
misc_tables.vpp_pc	anim_states.xtbl	anim_states.xtbl	m06	yer aim 03</Name></State>  <State><Name>m06 player aim 04</Name></State>  <State><N
misc_tables.vpp_pc	anim_states.xtbl	anim_states.xtbl	m06	yer aim 04</Name></State>  <State><Name>m06 player aim a</Name></State>  <State><Na
misc_tables.vpp_pc	anim_states.xtbl	anim_states.xtbl	m06	ayer aim a</Name></State>  <State><Name>m06 plyaer aim 01</Name></State>  <State><N
misc_tables.vpp_pc	anim_states.xtbl	anim_states.xtbl	m10	aer aim 01</Name></State>  <State><Name>m10_viola_elevator_fix</Name></State>  <Sta
misc_tables.vpp_pc	anim_states.xtbl	anim_states.xtbl	m12	evator_fix</Name></State>  <State><Name>m12_josh_overshoulder_exittocar_c</Name></S
misc_tables.vpp_pc	anim_states.xtbl	anim_states.xtbl	m12	xittocar_c</Name></State>  <State><Name>m12_josh_overshoulder_reload</Name></State>
misc_tables.vpp_pc	anim_states.xtbl	anim_states.xtbl	m12	der_reload</Name></State>  <State><Name>m12_josh_overshoulder_run_back</Name></Stat
misc_tables.vpp_pc	anim_states.xtbl	anim_states.xtbl	m12	r_run_back</Name></State>  <State><Name>m12_josh_overshoulder_run_forward</Name></S
misc_tables.vpp_pc	anim_states.xtbl	anim_states.xtbl	m12	un_forward</Name></State>  <State><Name>m12_josh_overshoulder_run_left</Name></Stat
misc_tables.vpp_pc	anim_states.xtbl	anim_states.xtbl	m12	r_run_left</Name></State>  <State><Name>m12_josh_overshoulder_run_right</Name></Sta
misc_tables.vpp_pc	anim_states.xtbl	anim_states.xtbl	m12	_run_right</Name></State>  <State><Name>m12_josh_overshoulder_stand</Name></State> 
misc_tables.vpp_pc	anim_states.xtbl	anim_states.xtbl	m12	lder_stand</Name></State>  <State><Name>m12_josh_overshoulder_walk_back</Name></Sta
misc_tables.vpp_pc	anim_states.xtbl	anim_states.xtbl	m12	_walk_back</Name></State>  <State><Name>m12_josh_overshoulder_walk_forward</Name></
misc_tables.vpp_pc	anim_states.xtbl	anim_states.xtbl	m12	lk_forward</Name></State>  <State><Name>m12_josh_overshoulder_walk_left</Name></Sta
misc_tables.vpp_pc	anim_states.xtbl	anim_states.xtbl	m12	_walk_left</Name></State>  <State><Name>m12_josh_overshoulder_walk_right</Name></St
misc_tables.vpp_pc	anim_states.xtbl	anim_states.xtbl	m12	walk_right</Name></State>  <State><Name>m12_plym_overshoulder_exittocar_c</Name></S
misc_tables.vpp_pc	anim_states.xtbl	anim_states.xtbl	m12	xittocar_c</Name></State>  <State><Name>m12_plym_overshoulder_reload</Name></State>
misc_tables.vpp_pc	anim_states.xtbl	anim_states.xtbl	m12	der_reload</Name></State>  <State><Name>m12_plym_overshoulder_run_back</Name></Stat
misc_tables.vpp_pc	anim_states.xtbl	anim_states.xtbl	m12	r_run_back</Name></State>  <State><Name>m12_plym_overshoulder_run_forward</Name></S
misc_tables.vpp_pc	anim_states.xtbl	anim_states.xtbl	m12	un_forward</Name></State>  <State><Name>m12_plym_overshoulder_run_left</Name></Stat
misc_tables.vpp_pc	anim_states.xtbl	anim_states.xtbl	m12	r_run_left</Name></State>  <State><Name>m12_plym_overshoulder_run_right</Name></Sta
misc_tables.vpp_pc	anim_states.xtbl	anim_states.xtbl	m12	_run_right</Name></State>  <State><Name>m12_plym_overshoulder_stand</Name></State> 
misc_tables.vpp_pc	anim_states.xtbl	anim_states.xtbl	m12	lder_stand</Name></State>  <State><Name>m12_plym_overshoulder_walk_back</Name></Sta
misc_tables.vpp_pc	anim_states.xtbl	anim_states.xtbl	m12	_walk_back</Name></State>  <State><Name>m12_plym_overshoulder_walk_forward</Name></
misc_tables.vpp_pc	anim_states.xtbl	anim_states.xtbl	m12	lk_forward</Name></State>  <State><Name>m12_plym_overshoulder_walk_left</Name></Sta
misc_tables.vpp_pc	anim_states.xtbl	anim_states.xtbl	m12	_walk_left</Name></State>  <State><Name>m12_plym_overshoulder_walk_right</Name></St
misc_tables.vpp_pc	anim_states.xtbl	anim_states.xtbl	m13	walk_right</Name></State>  <State><Name>m13 hs stand</Name></State>  <State><Name>m
misc_tables.vpp_pc	anim_states.xtbl	anim_states.xtbl	m14	3 hs stand</Name></State>  <State><Name>m14 transmitter idle</Name></State>  <State
misc_tables.vpp_pc	anim_states.xtbl	anim_states.xtbl	m16	itter idle</Name></State>  <State><Name>m16 wqte pb hold a</Name></State>  <State><
misc_tables.vpp_pc	anim_states.xtbl	anim_states.xtbl	m16	 pb hold a</Name></State>  <State><Name>m16 wqte pb hold b</Name></State>  <State><
misc_tables.vpp_pc	anim_states.xtbl	anim_states.xtbl	m18	 pb hold b</Name></State>  <State><Name>m18 player mission start idle</Name></State
misc_tables.vpp_pc	anim_states.xtbl	anim_states.xtbl	m19	start idle</Name></State>  <State><Name>m19 qte grapple struggle a</Name></State>  
misc_tables.vpp_pc	anim_states.xtbl	anim_states.xtbl	m19	struggle a</Name></State>  <State><Name>m19 qte grapple struggle b</Name></State>  
misc_tables.vpp_pc	anim_states.xtbl	anim_states.xtbl	m19	struggle b</Name></State>  <State><Name>m19 qte2 grapple struggle a</Name></State> 
misc_tables.vpp_pc	anim_states.xtbl	anim_states.xtbl	m19	struggle a</Name></State>  <State><Name>m19 qte2 grapple struggle b</Name></State> 
misc_tables.vpp_pc	anim_states.xtbl	anim_states.xtbl	m21	struggle b</Name></State>  <State><Name>m21 angel beat down a</Name></State>  <Stat
misc_tables.vpp_pc	anim_states.xtbl	anim_states.xtbl	m21	eat down a</Name></State>  <State><Name>m21 angel beat down b</Name></State>  <Stat
misc_tables.vpp_pc	anim_states.xtbl	anim_states.xtbl	m21	eat down b</Name></State>  <State><Name>m21 angel beat down c</Name></State>  <Stat
misc_tables.vpp_pc	anim_states.xtbl	anim_states.xtbl	m21	eat down c</Name></State>  <State><Name>m21 angel beat down d</Name></State>  <Stat
misc_tables.vpp_pc	anim_states.xtbl	anim_states.xtbl	m21	eat down d</Name></State>  <State><Name>m21 angel beat down e</Name></State>  <Stat
misc_tables.vpp_pc	anim_states.xtbl	anim_states.xtbl	m21	eat down e</Name></State>  <State><Name>m21 cheat 1</Name></State>  <State><Name>m2
misc_tables.vpp_pc	anim_states.xtbl	anim_states.xtbl	m21	21 cheat 1</Name></State>  <State><Name>m21 cheat 1 a</Name></State>  <State><Name>
misc_tables.vpp_pc	anim_states.xtbl	anim_states.xtbl	m21	 cheat 1 a</Name></State>  <State><Name>m21 cheat 2</Name></State>  <State><Name>m2
misc_tables.vpp_pc	anim_states.xtbl	anim_states.xtbl	m21	21 cheat 2</Name></State>  <State><Name>m21 cheat 2 a</Name></State>  <State><Name>
misc_tables.vpp_pc	anim_states.xtbl	anim_states.xtbl	m21	 cheat 2 a</Name></State>  <State><Name>m21_plym_tageteam_rope_idle</Name></State> 
misc_tables.vpp_pc	anim_states.xtbl	anim_states.xtbl	m22	work</Name></State>  <State><Name>killb m22 seq 1 hold</Name></State>  <State><Name
misc_tables.vpp_pc	anim_states.xtbl	anim_states.xtbl	m22	hold</Name></State>  <State><Name>killb m22 seq 2 hold</Name></State>  <State><Name
misc_tables.vpp_pc	anim_states.xtbl	anim_states.xtbl	m22	hold</Name></State>  <State><Name>killb m22 seq 3 hold</Name></State>  <State><Name
misc_tables.vpp_pc	anim_states.xtbl	anim_states.xtbl	m22	 walk</Name></State>  <State><Name>plym m22 seq 1 hold</Name></State>  <State><Name
misc_tables.vpp_pc	anim_states.xtbl	anim_states.xtbl	m22	 hold</Name></State>  <State><Name>plym m22 seq 2 hold</Name></State>  <State><Name
misc_tables.vpp_pc	anim_states.xtbl	anim_states.xtbl	m22	 hold</Name></State>  <State><Name>plym m22 seq 3 hold</Name></State>  <State><Name
misc_tables.vpp_pc	anim_states.xtbl	anim_states.xtbl	m24	_rope_idle</Name></State>  <State><Name>m24 on ground</Name></State>  <State><Name>
misc_tables.vpp_pc	anim_states.xtbl	anim_states.xtbl	m24	 on ground</Name></State>  <State><Name>m24 suffering</Name></State>  <State><Name>
misc_tables.vpp_pc	anim_states.xtbl	anim_states.xtbl	sh03	 knockoffs</Name></State>  <State><Name>sh03 kenzie hack</Name></State>  <State><Nam
misc_tables.vpp_pc	anim_synced.xtbl	anim_synced.xtbl	m02	</Name>    <AttackerAnim>     <Filename>m02_skyqte3_entr_a.animx</Filename>     </A
misc_tables.vpp_pc	anim_synced.xtbl	anim_synced.xtbl	m02	ckerAnim>    <VictimAnim>     <Filename>m02_skyqte3_entr_b.animx</Filename>     </V
misc_tables.vpp_pc	anim_synced.xtbl	anim_synced.xtbl	m02	</Name>    <AttackerAnim>     <Filename>m02_skyqte3_ext_a.animx</Filename>     </At
misc_tables.vpp_pc	anim_synced.xtbl	anim_synced.xtbl	m02	ckerAnim>    <VictimAnim>     <Filename>m02_skyqte3_ext_b.animx</Filename>     </Vi
misc_tables.vpp_pc	anim_synced.xtbl	anim_synced.xtbl	m02	</Name>    <AttackerAnim>     <Filename>m02_skyqte3_strg_a.animx</Filename>     </A
misc_tables.vpp_pc	anim_synced.xtbl	anim_synced.xtbl	m02	ckerAnim>    <VictimAnim>     <Filename>m02_skyqte3_strg_b.animx</Filename>     </V
misc_tables.vpp_pc	anim_synced.xtbl	anim_synced.xtbl	m02	</Name>    <AttackerAnim>     <Filename>m02_skyqte3_attk_a.animx</Filename>     </A
misc_tables.vpp_pc	anim_synced.xtbl	anim_synced.xtbl	m02	ckerAnim>    <VictimAnim>     <Filename>m02_skyqte3_attk_b.animx</Filename>     </V
misc_tables.vpp_pc	anim_synced.xtbl	anim_synced.xtbl	m21	Offset>    <AttackerAnim>     <Filename>m21_wrestle_seq_1_b.animx</Filename>     </
misc_tables.vpp_pc	anim_synced.xtbl	anim_synced.xtbl	m21	ckerAnim>    <VictimAnim>     <Filename>m21_wrestle_seq_1_a.animx</Filename>     </
misc_tables.vpp_pc	anim_synced.xtbl	anim_synced.xtbl	m21	Offset>    <AttackerAnim>     <Filename>m21_wrestle_seq_2_b.animx</Filename>     </
misc_tables.vpp_pc	anim_synced.xtbl	anim_synced.xtbl	m21	ckerAnim>    <VictimAnim>     <Filename>m21_wrestle_seq_2_a.animx</Filename>     </
misc_tables.vpp_pc	anim_synced.xtbl	anim_synced.xtbl	m21	Offset>    <AttackerAnim>     <Filename>m21_wrestle_seq_3_b.animx</Filename>     </
misc_tables.vpp_pc	anim_synced.xtbl	anim_synced.xtbl	m21	ckerAnim>    <VictimAnim>     <Filename>m21_wrestle_seq_3_a.animx</Filename>     </
misc_tables.vpp_pc	anim_synced.xtbl	anim_synced.xtbl	m21	Offset>    <AttackerAnim>     <Filename>m21_wrestle_seq_6_b.animx</Filename>     </
misc_tables.vpp_pc	anim_synced.xtbl	anim_synced.xtbl	m21	ckerAnim>    <VictimAnim>     <Filename>m21_wrestle_seq_6_a.animx</Filename>     </
misc_tables.vpp_pc	anim_synced.xtbl	anim_synced.xtbl	m21	Offset>    <AttackerAnim>     <Filename>m21_wrestle_seq_9_b.animx</Filename>     </
misc_tables.vpp_pc	anim_synced.xtbl	anim_synced.xtbl	m21	ckerAnim>    <VictimAnim>     <Filename>m21_wrestle_seq_9_a.animx</Filename>     </
misc_tables.vpp_pc	anim_synced.xtbl	anim_synced.xtbl	m21	</Name>    <AttackerAnim>     <Filename>m21_tied_to_cheat_1_b.animx</Filename>     
misc_tables.vpp_pc	anim_synced.xtbl	anim_synced.xtbl	m21	ckerAnim>    <VictimAnim>     <Filename>m21_tied_to_cheat_1_a.animx</Filename>     
misc_tables.vpp_pc	anim_synced.xtbl	anim_synced.xtbl	m21	</Name>    <AttackerAnim>     <Filename>m21_cheat_to_tied_1_b.animx</Filename>     
misc_tables.vpp_pc	anim_synced.xtbl	anim_synced.xtbl	m21	ckerAnim>    <VictimAnim>     <Filename>m21_cheat_to_tied_1_a.animx</Filename>     
misc_tables.vpp_pc	anim_synced.xtbl	anim_synced.xtbl	m21	</Name>    <AttackerAnim>     <Filename>m21_tied_to_cheat_2_b.animx</Filename>     
misc_tables.vpp_pc	anim_synced.xtbl	anim_synced.xtbl	m21	ckerAnim>    <VictimAnim>     <Filename>m21_tied_to_cheat_2_a.animx</Filename>     
misc_tables.vpp_pc	anim_synced.xtbl	anim_synced.xtbl	m21	</Name>    <AttackerAnim>     <Filename>m21_cheat_to_tied_2_b.animx</Filename>     
misc_tables.vpp_pc	anim_synced.xtbl	anim_synced.xtbl	m21	ckerAnim>    <VictimAnim>     <Filename>m21_cheat_to_tied_2_a.animx</Filename>     
misc_tables.vpp_pc	anim_synced.xtbl	anim_synced.xtbl	m21	</Name>    <AttackerAnim>     <Filename>m21_cheat_2_b.animx</Filename>     </Attack
misc_tables.vpp_pc	anim_synced.xtbl	anim_synced.xtbl	m21	ckerAnim>    <VictimAnim>     <Filename>m21_cheat_2_a.animx</Filename>     </Victim
misc_tables.vpp_pc	anim_synced.xtbl	anim_synced.xtbl	m21	</Name>    <AttackerAnim>     <Filename>m21_cheat_1_b.animx</Filename>     </Attack
misc_tables.vpp_pc	anim_synced.xtbl	anim_synced.xtbl	m21	ckerAnim>    <VictimAnim>     <Filename>m21_cheat_1_a.animx</Filename>     </Victim
misc_tables.vpp_pc	anim_synced.xtbl	anim_synced.xtbl	m22	Offset>    <AttackerAnim>     <Filename>m22_hs_fiaj_a.animx</Filename>     </Attack
misc_tables.vpp_pc	anim_synced.xtbl	anim_synced.xtbl	m22	ckerAnim>    <VictimAnim>     <Filename>m22_hs_fiaj_b.animx</Filename>     </Victim
misc_tables.vpp_pc	anim_synced.xtbl	anim_synced.xtbl	m24	  </SyncedMove>   <SyncedMove>    <Name>m24 beatdown 1</Name>    <_Editor>     <Cat
misc_tables.vpp_pc	anim_synced.xtbl	anim_synced.xtbl	m24	  </SyncedMove>   <SyncedMove>    <Name>m24 beatdown 2</Name>    <_Editor>     <Cat
misc_tables.vpp_pc	anim_synced.xtbl	anim_synced.xtbl	m24	  </SyncedMove>   <SyncedMove>    <Name>m24 beatdown 3</Name>    <_Editor>     <Cat
misc_tables.vpp_pc	anim_synced.xtbl	anim_synced.xtbl	m24	</Name>    <AttackerAnim>     <Filename>m24_dieing_die.animx</Filename>     </Attac
misc_tables.vpp_pc	anim_synced.xtbl	anim_synced.xtbl	m24	ckerAnim>    <VictimAnim>     <Filename>m24_dieing_die_a.animx</Filename>     </Vic
misc_tables.vpp_pc	audio_banks.xtbl	audio_banks.xtbl	m01	  </NewEntity>    <NewEntity>     <Name>m01</Name>     <wwise_id>1836997635</wwise_
misc_tables.vpp_pc	audio_banks.xtbl	audio_banks.xtbl	m02	  </NewEntity>    <NewEntity>     <Name>m02</Name>     <wwise_id>1836997632</wwise_
misc_tables.vpp_pc	audio_banks.xtbl	audio_banks.xtbl	m03	  </NewEntity>    <NewEntity>     <Name>m03</Name>     <wwise_id>1836997633</wwise_
misc_tables.vpp_pc	audio_banks.xtbl	audio_banks.xtbl	m04	  </NewEntity>    <NewEntity>     <Name>m04</Name>     <wwise_id>1836997638</wwise_
misc_tables.vpp_pc	audio_banks.xtbl	audio_banks.xtbl	m05	  </NewEntity>    <NewEntity>     <Name>m05</Name>     <wwise_id>1836997639</wwise_
misc_tables.vpp_pc	audio_banks.xtbl	audio_banks.xtbl	m06	  </NewEntity>    <NewEntity>     <Name>m06</Name>     <wwise_id>1836997636</wwise_
misc_tables.vpp_pc	audio_banks.xtbl	audio_banks.xtbl	m07	  </NewEntity>    <NewEntity>     <Name>m07</Name>     <wwise_id>1836997637</wwise_
misc_tables.vpp_pc	audio_banks.xtbl	audio_banks.xtbl	m08	  </NewEntity>    <NewEntity>     <Name>m08</Name>     <wwise_id>1836997642</wwise_
misc_tables.vpp_pc	audio_banks.xtbl	audio_banks.xtbl	m09	  </NewEntity>    <NewEntity>     <Name>m09</Name>     <wwise_id>1836997643</wwise_
misc_tables.vpp_pc	audio_banks.xtbl	audio_banks.xtbl	m10	  </NewEntity>    <NewEntity>     <Name>m10</Name>     <wwise_id>1853775349</wwise_
misc_tables.vpp_pc	audio_banks.xtbl	audio_banks.xtbl	m11	  </NewEntity>    <NewEntity>     <Name>m11</Name>     <wwise_id>1853775348</wwise_
misc_tables.vpp_pc	audio_banks.xtbl	audio_banks.xtbl	m12	  </NewEntity>    <NewEntity>     <Name>m12</Name>     <wwise_id>1853775351</wwise_
misc_tables.vpp_pc	audio_banks.xtbl	audio_banks.xtbl	m13	  </NewEntity>    <NewEntity>     <Name>m13</Name>     <wwise_id>1853775350</wwise_
misc_tables.vpp_pc	audio_banks.xtbl	audio_banks.xtbl	m14	  </NewEntity>    <NewEntity>     <Name>m14</Name>     <wwise_id>1853775345</wwise_
misc_tables.vpp_pc	audio_banks.xtbl	audio_banks.xtbl	m15	  </NewEntity>    <NewEntity>     <Name>m15</Name>     <wwise_id>1853775344</wwise_
misc_tables.vpp_pc	audio_banks.xtbl	audio_banks.xtbl	m16	  </NewEntity>    <NewEntity>     <Name>m16</Name>     <wwise_id>1853775347</wwise_
misc_tables.vpp_pc	audio_banks.xtbl	audio_banks.xtbl	m17	  </NewEntity>    <NewEntity>     <Name>m17</Name>     <wwise_id>1853775346</wwise_
misc_tables.vpp_pc	audio_banks.xtbl	audio_banks.xtbl	m18	  </NewEntity>    <NewEntity>     <Name>m18</Name>     <wwise_id>1853775357</wwise_
misc_tables.vpp_pc	audio_banks.xtbl	audio_banks.xtbl	m19	  </NewEntity>    <NewEntity>     <Name>m19</Name>     <wwise_id>1853775356</wwise_
misc_tables.vpp_pc	audio_banks.xtbl	audio_banks.xtbl	m20	  </NewEntity>    <NewEntity>     <Name>m20</Name>     <wwise_id>1803442492</wwise_
misc_tables.vpp_pc	audio_banks.xtbl	audio_banks.xtbl	m21	  </NewEntity>    <NewEntity>     <Name>m21</Name>     <wwise_id>1803442493</wwise_
misc_tables.vpp_pc	audio_banks.xtbl	audio_banks.xtbl	m22	  </NewEntity>    <NewEntity>     <Name>m22</Name>     <wwise_id>1803442494</wwise_
misc_tables.vpp_pc	audio_banks.xtbl	audio_banks.xtbl	m23	  </NewEntity>    <NewEntity>     <Name>m23</Name>     <wwise_id>1803442495</wwise_
misc_tables.vpp_pc	audio_banks.xtbl	audio_banks.xtbl	m24	  </NewEntity>    <NewEntity>     <Name>m24</Name>     <wwise_id>1803442488</wwise_
misc_tables.vpp_pc	audio_banks.xtbl	audio_banks.xtbl	sh01	  </NewEntity>    <NewEntity>     <Name>sh01</Name>     <wwise_id>3623610605</wwise_
misc_tables.vpp_pc	audio_banks.xtbl	audio_banks.xtbl	sh02	  </NewEntity>    <NewEntity>     <Name>sh02</Name>     <wwise_id>3623610606</wwise_
misc_tables.vpp_pc	audio_banks.xtbl	audio_banks.xtbl	sh03	  </NewEntity>    <NewEntity>     <Name>sh03</Name>     <wwise_id>3623610607</wwise_
misc_tables.vpp_pc	audio_banks.xtbl	audio_banks.xtbl	sh04	  </NewEntity>    <NewEntity>     <Name>sh04</Name>     <wwise_id>3623610600</wwise_
misc_tables.vpp_pc	avatar.xtbl	avatar.xtbl	m16	lename></Animation></State>  <State><ID>m16 wqte pb hold a</ID><Animation><Filename
misc_tables.vpp_pc	avatar.xtbl	avatar.xtbl	m16	wqte pb hold a</ID><Animation><Filename>m16_wqte_pb_hold_a.animx</Filename></Animat
misc_tables.vpp_pc	avatar.xtbl	avatar.xtbl	m16	name></Animation></Action>  <Action><ID>m16 wqte pa end a</ID><Animation><Filename>
misc_tables.vpp_pc	avatar.xtbl	avatar.xtbl	m16	 wqte pa end a</ID><Animation><Filename>m16_wqte_pa_end_a.animx</Filename></Animati
misc_tables.vpp_pc	avatar.xtbl	avatar.xtbl	m16	name></Animation></Action>  <Action><ID>m16 wqte pa exit a</ID><Animation><Filename
misc_tables.vpp_pc	avatar.xtbl	avatar.xtbl	m16	wqte pa exit a</ID><Animation><Filename>m16_wqte_pa_ext_a.animx</Filename></Animati
misc_tables.vpp_pc	avatar.xtbl	avatar.xtbl	m16	name></Animation></Action>  <Action><ID>m16 wqte pa start a</ID><Animation><Filenam
misc_tables.vpp_pc	avatar.xtbl	avatar.xtbl	m16	qte pa start a</ID><Animation><Filename>m16_wqte_pa_strt_a.animx</Filename></Animat
misc_tables.vpp_pc	avatar.xtbl	avatar.xtbl	m16	name></Animation></Action>  <Action><ID>m16 wqte pb atk a</ID><Animation><Filename>
misc_tables.vpp_pc	avatar.xtbl	avatar.xtbl	m16	 wqte pb atk a</ID><Animation><Filename>m16_wqte_pb_atk_a.animx</Filename></Animati
misc_tables.vpp_pc	avatar.xtbl	avatar.xtbl	m16	name></Animation></Action>  <Action><ID>m16 wqte pb end a</ID><Animation><Filename>
misc_tables.vpp_pc	avatar.xtbl	avatar.xtbl	m16	 wqte pb end a</ID><Animation><Filename>m16_wqte_pb_end_a.animx</Filename></Animati
misc_tables.vpp_pc	avatar.xtbl	avatar.xtbl	m16	name></Animation></Action>  <Action><ID>m16 wqte pb exit a</ID><Animation><Filename
misc_tables.vpp_pc	avatar.xtbl	avatar.xtbl	m16	wqte pb exit a</ID><Animation><Filename>m16_wqte_pb_ext_a.animx</Filename></Animati
misc_tables.vpp_pc	avatar.xtbl	avatar.xtbl	m16	name></Animation></Action>  <Action><ID>m16 wqte pb start a</ID><Animation><Filenam
misc_tables.vpp_pc	avatar.xtbl	avatar.xtbl	m16	qte pb start a</ID><Animation><Filename>m16_wqte_pb_strt_a.animx</Filename></Animat
misc_tables.vpp_pc	brute.xtbl	brute.xtbl	m24	lename></Animation></State>  <State><ID>m24 on ground</ID><Animation><Filename>kban
misc_tables.vpp_pc	brute.xtbl	brute.xtbl	m24	name></Animation></Action>  <Action><ID>m24 getup</ID><Animation><Filename>kbane_ge
misc_tables.vpp_pc	brute.xtbl	brute.xtbl	m24	name></Animation></Action>  <Action><ID>m24 lava hit</ID><Animation><Filename>kbane
misc_tables.vpp_pc	brute.xtbl	brute.xtbl	m24	name></Animation></Action>  <Action><ID>m24 qte beatdown one b</ID><Animation><File
misc_tables.vpp_pc	brute.xtbl	brute.xtbl	m24	name></Animation></Action>  <Action><ID>m24 qte beatdown three b</ID><Animation><Fi
misc_tables.vpp_pc	brute.xtbl	brute.xtbl	m24	name></Animation></Action>  <Action><ID>m24 qte beatdown two b</ID><Animation><File
misc_tables.vpp_pc	camera_shake.xtbl	camera_shake.xtbl	m01	Camera_Shake>   <Camera_Shake>    <Name>m01_vault_ride</Name>    <Wobble>     <Pitc
misc_tables.vpp_pc	camera_shake.xtbl	camera_shake.xtbl	m18	Camera_Shake>   <Camera_Shake>    <Name>m18_plane_crash</Name>    <Wobble>     <Pit
misc_tables.vpp_pc	camera_shake.xtbl	camera_shake.xtbl	m24	Camera_Shake>   <Camera_Shake>    <Name>m24_marsquake</Name>    <Wobble>     <Pitch
misc_tables.vpp_pc	character.xtbl	character.xtbl	m01	cter>   <Character><Name>npc_ped_youngfem01_fw</Name><_Editor><Category>Entries:Ped
misc_tables.vpp_pc	character.xtbl	character.xtbl	m02	r></Character>   <Character><Name>npc_bum02_fw</Name><_Editor><Category>Entries:Ped
misc_tables.vpp_pc	character.xtbl	character.xtbl	m02	cter>   <Character><Name>npc_ped_youngfem02_fb</Name><_Editor><Category>Entries:Ped
misc_tables.vpp_pc	character.xtbl	character.xtbl	m03	r></Character>   <Character><Name>npc_bum03_mb</Name><_Editor><Category>Entries:Ped
misc_tables.vpp_pc	character.xtbl	character.xtbl	m03	cter>   <Character><Name>npc_ped_youngfem03_fh</Name><_Editor><Category>Entries:Ped
misc_tables.vpp_pc	character.xtbl	character.xtbl	m04	r></Character>   <Character><Name>npc_bum04_fb</Name><_Editor><Category>Entries:Ped
misc_tables.vpp_pc	character.xtbl	character.xtbl	m04	cter>   <Character><Name>npc_ped_youngfem04_fa</Name><_Editor><Category>Entries:Ped
misc_tables.vpp_pc	character.xtbl	character.xtbl	m05	>   <Character><Name>npc_morningstar_lt_m05</Name><_Editor><Category>Entries:Syndic
misc_tables.vpp_pc	character.xtbl	character.xtbl	m05	cter>   <Character><Name>npc_ped_youngfem05_fw</Name><_Editor><Category>Entries:Ped
misc_tables.vpp_pc	character.xtbl	character.xtbl	m06	cter>   <Character><Name>npc_ped_youngfem06_fb</Name><_Editor><Category>Entries:Old
misc_tables.vpp_pc	commercials.xtbl	commercials.xtbl	m02	ategory>     </_Editor>    <EnableEvent>m02</EnableEvent>    <DisableEvent>m17</Dis
misc_tables.vpp_pc	commercials.xtbl	commercials.xtbl	m02	ategory>     </_Editor>    <EnableEvent>m02</EnableEvent>    <DisableEvent>m17</Dis
misc_tables.vpp_pc	commercials.xtbl	commercials.xtbl	m02	ategory>     </_Editor>    <EnableEvent>m02</EnableEvent>    <DisableEvent>m06</Dis
misc_tables.vpp_pc	commercials.xtbl	commercials.xtbl	m02	ategory>     </_Editor>    <EnableEvent>m02</EnableEvent>    <DisableEvent>m06</Dis
misc_tables.vpp_pc	commercials.xtbl	commercials.xtbl	m02	ategory>     </_Editor>    <EnableEvent>m02</EnableEvent>    <DisableEvent>m06</Dis
misc_tables.vpp_pc	commercials.xtbl	commercials.xtbl	m02	ategory>     </_Editor>    <EnableEvent>m02</EnableEvent>    <DisableEvent>m17</Dis
misc_tables.vpp_pc	commercials.xtbl	commercials.xtbl	m06	vent>m02</EnableEvent>    <DisableEvent>m06</DisableEvent>    </Commercial>   <Comm
misc_tables.vpp_pc	commercials.xtbl	commercials.xtbl	m06	vent>m02</EnableEvent>    <DisableEvent>m06</DisableEvent>    </Commercial>   <Comm
misc_tables.vpp_pc	commercials.xtbl	commercials.xtbl	m06	vent>m02</EnableEvent>    <DisableEvent>m06</DisableEvent>    </Commercial>   <Comm
misc_tables.vpp_pc	commercials.xtbl	commercials.xtbl	m06	ent>sh01</EnableEvent>    <DisableEvent>m06</DisableEvent>    </Commercial>   <Comm
misc_tables.vpp_pc	commercials.xtbl	commercials.xtbl	m10	ategory>     </_Editor>    <EnableEvent>m10</EnableEvent>    <DisableEvent>m23</Dis
misc_tables.vpp_pc	commercials.xtbl	commercials.xtbl	m10	ategory>     </_Editor>    <EnableEvent>m10</EnableEvent>    </Commercial>   <Comme
misc_tables.vpp_pc	commercials.xtbl	commercials.xtbl	m10	ategory>     </_Editor>    <EnableEvent>m10</EnableEvent>    <DisableEvent>m23</Dis
misc_tables.vpp_pc	commercials.xtbl	commercials.xtbl	m10	ategory>     </_Editor>    <EnableEvent>m10</EnableEvent>    <DisableEvent>m17</Dis
misc_tables.vpp_pc	commercials.xtbl	commercials.xtbl	m10	ategory>     </_Editor>    <EnableEvent>m10</EnableEvent>    <DisableEvent>m17</Dis
misc_tables.vpp_pc	commercials.xtbl	commercials.xtbl	m10	ent>sh02</EnableEvent>    <DisableEvent>m10</DisableEvent>    </Commercial>   <Comm
misc_tables.vpp_pc	commercials.xtbl	commercials.xtbl	m10	Disabled</InitialState>    <EnableEvent>m10</EnableEvent>    <DisableEvent>m24</Dis
misc_tables.vpp_pc	commercials.xtbl	commercials.xtbl	m10	Disabled</InitialState>    <EnableEvent>m10</EnableEvent>    <DisableEvent>m24</Dis
misc_tables.vpp_pc	commercials.xtbl	commercials.xtbl	m10	Disabled</InitialState>    <EnableEvent>m10</EnableEvent>    <DisableEvent>m24</Dis
misc_tables.vpp_pc	commercials.xtbl	commercials.xtbl	m10	Disabled</InitialState>    <EnableEvent>m10</EnableEvent>    <DisableEvent>m24</Dis
misc_tables.vpp_pc	commercials.xtbl	commercials.xtbl	m10	Disabled</InitialState>    <EnableEvent>m10</EnableEvent>    <DisableEvent>m24</Dis
misc_tables.vpp_pc	commercials.xtbl	commercials.xtbl	m10	Disabled</InitialState>    <EnableEvent>m10</EnableEvent>    <DisableEvent>m24</Dis
misc_tables.vpp_pc	commercials.xtbl	commercials.xtbl	m10	Disabled</InitialState>    <EnableEvent>m10</EnableEvent>    <DisableEvent>m24</Dis
misc_tables.vpp_pc	commercials.xtbl	commercials.xtbl	m10	Disabled</InitialState>    <EnableEvent>m10</EnableEvent>    <DisableEvent>m24</Dis
misc_tables.vpp_pc	commercials.xtbl	commercials.xtbl	m10	ategory>     </_Editor>    <EnableEvent>m10</EnableEvent>    </Commercial>   <Comme
misc_tables.vpp_pc	commercials.xtbl	commercials.xtbl	m10	ategory>     </_Editor>    <EnableEvent>m10</EnableEvent>    </Commercial>   <Comme
misc_tables.vpp_pc	commercials.xtbl	commercials.xtbl	m10	ategory>     </_Editor>    <EnableEvent>m10</EnableEvent>    <DisableEvent>m24</Dis
misc_tables.vpp_pc	commercials.xtbl	commercials.xtbl	m10	ategory>     </_Editor>    <EnableEvent>m10</EnableEvent>    <DisableEvent>m24</Dis
misc_tables.vpp_pc	commercials.xtbl	commercials.xtbl	m14	ategory>     </_Editor>    <EnableEvent>m14</EnableEvent>    <DisableEvent>m16</Dis
misc_tables.vpp_pc	commercials.xtbl	commercials.xtbl	m14	ategory>     </_Editor>    <EnableEvent>m14</EnableEvent>    <DisableEvent>m24</Dis
misc_tables.vpp_pc	commercials.xtbl	commercials.xtbl	m16	vent>m14</EnableEvent>    <DisableEvent>m16</DisableEvent>    </Commercial>   <Comm
misc_tables.vpp_pc	commercials.xtbl	commercials.xtbl	m16	ent>sh03</EnableEvent>    <DisableEvent>m16</DisableEvent>    </Commercial>   <Comm
misc_tables.vpp_pc	commercials.xtbl	commercials.xtbl	m17	vent>m02</EnableEvent>    <DisableEvent>m17</DisableEvent>    </Commercial>   <Comm
misc_tables.vpp_pc	commercials.xtbl	commercials.xtbl	m17	vent>m02</EnableEvent>    <DisableEvent>m17</DisableEvent>    </Commercial>   <Comm
misc_tables.vpp_pc	commercials.xtbl	commercials.xtbl	m17	ategory>     </_Editor>    <EnableEvent>m17</EnableEvent>    </Commercial>   <Comme
misc_tables.vpp_pc	commercials.xtbl	commercials.xtbl	m17	ategory>     </_Editor>    <EnableEvent>m17</EnableEvent>    </Commercial>   <Comme
misc_tables.vpp_pc	commercials.xtbl	commercials.xtbl	m17	ategory>     </_Editor>    <EnableEvent>m17</EnableEvent>    <DisableEvent>m23</Dis
misc_tables.vpp_pc	commercials.xtbl	commercials.xtbl	m17	ategory>     </_Editor>    <EnableEvent>m17</EnableEvent>    <DisableEvent>m23</Dis
misc_tables.vpp_pc	commercials.xtbl	commercials.xtbl	m17	vent>m10</EnableEvent>    <DisableEvent>m17</DisableEvent>    </Commercial>   <Comm
misc_tables.vpp_pc	commercials.xtbl	commercials.xtbl	m17	vent>m10</EnableEvent>    <DisableEvent>m17</DisableEvent>    </Commercial>   <Comm
misc_tables.vpp_pc	commercials.xtbl	commercials.xtbl	m17	vent>m02</EnableEvent>    <DisableEvent>m17</DisableEvent>    </Commercial>   <Comm
misc_tables.vpp_pc	commercials.xtbl	commercials.xtbl	m21	ent>sh04</EnableEvent>    <DisableEvent>m21</DisableEvent>    </Commercial>   <Comm
misc_tables.vpp_pc	commercials.xtbl	commercials.xtbl	m23	vent>m10</EnableEvent>    <DisableEvent>m23</DisableEvent>    </Commercial>   <Comm
misc_tables.vpp_pc	commercials.xtbl	commercials.xtbl	m23	vent>m10</EnableEvent>    <DisableEvent>m23</DisableEvent>    </Commercial>   <Comm
misc_tables.vpp_pc	commercials.xtbl	commercials.xtbl	m23	vent>m17</EnableEvent>    <DisableEvent>m23</DisableEvent>    </Commercial>   <Comm
misc_tables.vpp_pc	commercials.xtbl	commercials.xtbl	m23	vent>m17</EnableEvent>    <DisableEvent>m23</DisableEvent>    </Commercial>   <Comm
misc_tables.vpp_pc	commercials.xtbl	commercials.xtbl	m24	vent>m14</EnableEvent>    <DisableEvent>m24</DisableEvent>    </Commercial>   <Comm
misc_tables.vpp_pc	commercials.xtbl	commercials.xtbl	m24	vent>m10</EnableEvent>    <DisableEvent>m24</DisableEvent>    <Length>43501</Length
misc_tables.vpp_pc	commercials.xtbl	commercials.xtbl	m24	vent>m10</EnableEvent>    <DisableEvent>m24</DisableEvent>    <Length>63708</Length
misc_tables.vpp_pc	commercials.xtbl	commercials.xtbl	m24	vent>m10</EnableEvent>    <DisableEvent>m24</DisableEvent>    <Length>47957</Length
misc_tables.vpp_pc	commercials.xtbl	commercials.xtbl	m24	vent>m10</EnableEvent>    <DisableEvent>m24</DisableEvent>    <Length>68920</Length
misc_tables.vpp_pc	commercials.xtbl	commercials.xtbl	m24	vent>m10</EnableEvent>    <DisableEvent>m24</DisableEvent>    <Length>49024</Length
misc_tables.vpp_pc	commercials.xtbl	commercials.xtbl	m24	vent>m10</EnableEvent>    <DisableEvent>m24</DisableEvent>    <Length>51752</Length
misc_tables.vpp_pc	commercials.xtbl	commercials.xtbl	m24	vent>m10</EnableEvent>    <DisableEvent>m24</DisableEvent>    <Length>91178</Length
misc_tables.vpp_pc	commercials.xtbl	commercials.xtbl	m24	vent>m10</EnableEvent>    <DisableEvent>m24</DisableEvent>    <Length>58384</Length
misc_tables.vpp_pc	commercials.xtbl	commercials.xtbl	m24	vent>m10</EnableEvent>    <DisableEvent>m24</DisableEvent>    </Commercial>   <Comm
misc_tables.vpp_pc	commercials.xtbl	commercials.xtbl	m24	vent>m10</EnableEvent>    <DisableEvent>m24</DisableEvent>    </Commercial>   <Comm
misc_tables.vpp_pc	commercials.xtbl	commercials.xtbl	sh01	ategory>     </_Editor>    <EnableEvent>sh01</EnableEvent>    <DisableEvent>m06</Dis
misc_tables.vpp_pc	commercials.xtbl	commercials.xtbl	sh02	ategory>     </_Editor>    <EnableEvent>sh02</EnableEvent>    <DisableEvent>m10</Dis
misc_tables.vpp_pc	commercials.xtbl	commercials.xtbl	sh03	ategory>     </_Editor>    <EnableEvent>sh03</EnableEvent>    <DisableEvent>m16</Dis
misc_tables.vpp_pc	commercials.xtbl	commercials.xtbl	sh04	ategory>     </_Editor>    <EnableEvent>sh04</EnableEvent>    <DisableEvent>m21</Dis
misc_tables.vpp_pc	commercial_events.xtbl	commercial_events.xtbl	m01	<root>  <Table>   <Event>    <Name>m01</Name>    <EventValue>1</EventValue>    <_Ed
misc_tables.vpp_pc	commercial_events.xtbl	commercial_events.xtbl	m02	_Editor>    </Event>   <Event>    <Name>m02</Name>    <EventValue>2</EventValue>   
misc_tables.vpp_pc	commercial_events.xtbl	commercial_events.xtbl	m06	_Editor>    </Event>   <Event>    <Name>m06</Name>    <EventValue>6</EventValue>   
misc_tables.vpp_pc	commercial_events.xtbl	commercial_events.xtbl	m10	_Editor>    </Event>   <Event>    <Name>m10</Name>    <EventValue>10</EventValue>  
misc_tables.vpp_pc	commercial_events.xtbl	commercial_events.xtbl	m13	_Editor>    </Event>   <Event>    <Name>m13</Name>    <EventValue>13</EventValue>  
misc_tables.vpp_pc	commercial_events.xtbl	commercial_events.xtbl	m14	_Editor>    </Event>   <Event>    <Name>m14</Name>    <EventValue>14</EventValue>  
misc_tables.vpp_pc	commercial_events.xtbl	commercial_events.xtbl	m16	_Editor>    </Event>   <Event>    <Name>m16</Name>    <EventValue>16</EventValue>  
misc_tables.vpp_pc	commercial_events.xtbl	commercial_events.xtbl	m17	_Editor>    </Event>   <Event>    <Name>m17</Name>    <EventValue>17</EventValue>  
misc_tables.vpp_pc	commercial_events.xtbl	commercial_events.xtbl	m21	_Editor>    </Event>   <Event>    <Name>m21</Name>    <EventValue>21</EventValue>  
misc_tables.vpp_pc	commercial_events.xtbl	commercial_events.xtbl	m23	_Editor>    </Event>   <Event>    <Name>m23</Name>    <EventValue>23</EventValue>  
misc_tables.vpp_pc	commercial_events.xtbl	commercial_events.xtbl	m24	_Editor>    </Event>   <Event>    <Name>m24</Name>    <EventValue>24</EventValue>  
misc_tables.vpp_pc	commercial_events.xtbl	commercial_events.xtbl	sh01	_Editor>    </Event>   <Event>    <Name>sh01</Name>    <EventValue>25</EventValue>  
misc_tables.vpp_pc	commercial_events.xtbl	commercial_events.xtbl	sh02	_Editor>    </Event>   <Event>    <Name>sh02</Name>    <EventValue>26</EventValue>  
misc_tables.vpp_pc	commercial_events.xtbl	commercial_events.xtbl	sh03	_Editor>    </Event>   <Event>    <Name>sh03</Name>    <EventValue>27</EventValue>  
misc_tables.vpp_pc	commercial_events.xtbl	commercial_events.xtbl	sh04	_Editor>    </Event>   <Event>    <Name>sh04</Name>    <EventValue>28</EventValue>  
misc_tables.vpp_pc	cop.xtbl	cop.xtbl	m01	lename></Animation></State>  <State><ID>m01 interrogate gat</ID><Animation><Filenam
misc_tables.vpp_pc	cop.xtbl	cop.xtbl	m01	lename></Animation></State>  <State><ID>m01 interrogate victim</ID><Animation><File
misc_tables.vpp_pc	cop.xtbl	cop.xtbl	m01	name></Animation></Action>  <Action><ID>m01 interrogate entry gat</ID><Animation><F
misc_tables.vpp_pc	cop.xtbl	cop.xtbl	m01	name></Animation></Action>  <Action><ID>m01 interrogate entry victim</ID><Animation
misc_tables.vpp_pc	cop.xtbl	cop.xtbl	m01	name></Animation></Action>  <Action><ID>m01 interrogate exit gat</ID><Animation><Fi
misc_tables.vpp_pc	cop.xtbl	cop.xtbl	m01	name></Animation></Action>  <Action><ID>m01 interrogate exit victim</ID><Animation>
misc_tables.vpp_pc	cop.xtbl	cop.xtbl	m01	></Animation></Action>  <Action><ID>gat m01 prep</ID><Animation><Filename>gang_rfl_
misc_tables.vpp_pc	cop.xtbl	cop.xtbl	m01	name></Animation></Action>  <Action><ID>m01 interrogate return gat</ID><Animation><
misc_tables.vpp_pc	cop.xtbl	cop.xtbl	m01	name></Animation></Action>  <Action><ID>m01 interrogate return victim</ID><Animatio
misc_tables.vpp_pc	cop.xtbl	cop.xtbl	m02	lename></Animation></State>  <State><ID>m02 shnfreefall</ID><Animation><Filename>m0
misc_tables.vpp_pc	cop.xtbl	cop.xtbl	m02	02 shnfreefall</ID><Animation><Filename>m02_shn_frfall.animx</Filename></Animation>
misc_tables.vpp_pc	cop.xtbl	cop.xtbl	m02	lename></Animation></State>  <State><ID>m02 shnfreefall</ID><Animation><Filename>m0
misc_tables.vpp_pc	cop.xtbl	cop.xtbl	m02	02 shnfreefall</ID><Animation><Filename>m02_shn_frfall.animx</Filename></Animation>
misc_tables.vpp_pc	cop.xtbl	cop.xtbl	m12	lename></Animation></State>  <State><ID>m12_josh_overshoulder_exittocar_c</ID><Anim
misc_tables.vpp_pc	cop.xtbl	cop.xtbl	m12	name></Animation></Action>  <Action><ID>m12_josh_overshoulder_exittocar_a</ID><Anim
misc_tables.vpp_pc	cop.xtbl	cop.xtbl	m12	name></Animation></Action>  <Action><ID>m12_josh_overshoulder_exittocar_b</ID><Anim
misc_tables.vpp_pc	customization_compositing.xtbl	customization_compositing.xtbl	sh01	diffuse>     <Filename>makeup_cheeks_blush01.tga</Filename>     </diffuse>    <Slot>
misc_tables.vpp_pc	customization_compositing.xtbl	customization_compositing.xtbl	sh01	iffuse>     <Filename>makeup_cheeks_Sblush01.tga</Filename>     </diffuse>    <Slot>
misc_tables.vpp_pc	customization_items.xtbl	customization_items.xtbl	m01	Male_Mesh_Filename><Filename>cm_ear_f_gem01.cmeshx</Filename></Male_Mesh_Filename><
misc_tables.vpp_pc	customization_items.xtbl	customization_items.xtbl	m01	male_Mesh_Filename><Filename>cf_ear_f_gem01.cmeshx</Filename></Female_Mesh_Filename
misc_tables.vpp_pc	customization_items.xtbl	customization_items.xtbl	m01	Cloth_Sim_Filename><Filename>cm_ear_f_gem01.simx</Filename></Cloth_Sim_Filename></M
misc_tables.vpp_pc	customization_items.xtbl	customization_items.xtbl	m01	ale_Mesh_Filename><Filename>cm_udwr_f_nlm01.cmeshx</Filename></Male_Mesh_Filename><
misc_tables.vpp_pc	customization_items.xtbl	customization_items.xtbl	m01	ale_Mesh_Filename><Filename>cf_udwr_f_nlm01.cmeshx</Filename></Female_Mesh_Filename
misc_tables.vpp_pc	customization_items.xtbl	customization_items.xtbl	m01	Male_Mesh_Filename><Filename>cm_bra_f_nlm01.cmeshx</Filename></Male_Mesh_Filename><
misc_tables.vpp_pc	customization_items.xtbl	customization_items.xtbl	m01	male_Mesh_Filename><Filename>cf_bra_f_nlm01.cmeshx</Filename></Female_Mesh_Filename
misc_tables.vpp_pc	customization_items.xtbl	customization_items.xtbl	m02	ale_Mesh_Filename><Filename>cm_udwr_f_nlm02.cmeshx</Filename></Male_Mesh_Filename><
misc_tables.vpp_pc	customization_items.xtbl	customization_items.xtbl	m02	ale_Mesh_Filename><Filename>cf_udwr_f_nlm02.cmeshx</Filename></Female_Mesh_Filename
misc_tables.vpp_pc	customization_items.xtbl	customization_items.xtbl	m02	Male_Mesh_Filename><Filename>cm_bra_f_nlm02.cmeshx</Filename></Male_Mesh_Filename><
misc_tables.vpp_pc	customization_items.xtbl	customization_items.xtbl	m02	male_Mesh_Filename><Filename>cf_bra_f_nlm02.cmeshx</Filename></Female_Mesh_Filename
misc_tables.vpp_pc	customization_items.xtbl	customization_items.xtbl	m03	ale_Mesh_Filename><Filename>cm_udwr_f_nlm03.cmeshx</Filename></Male_Mesh_Filename><
misc_tables.vpp_pc	customization_items.xtbl	customization_items.xtbl	m03	ale_Mesh_Filename><Filename>cf_udwr_f_nlm03.cmeshx</Filename></Female_Mesh_Filename
misc_tables.vpp_pc	customization_items.xtbl	customization_items.xtbl	m03	Male_Mesh_Filename><Filename>cm_ear_f_nlm03.cmeshx</Filename></Male_Mesh_Filename><
misc_tables.vpp_pc	customization_items.xtbl	customization_items.xtbl	m03	male_Mesh_Filename><Filename>cf_ear_f_nlm03.cmeshx</Filename></Female_Mesh_Filename
misc_tables.vpp_pc	customization_items.xtbl	customization_items.xtbl	m03	Cloth_Sim_Filename><Filename>cm_ear_f_nlm03.simx</Filename></Cloth_Sim_Filename></M
misc_tables.vpp_pc	customization_items.xtbl	customization_items.xtbl	m04	Male_Mesh_Filename><Filename>cm_ear_f_nlm04.cmeshx</Filename></Male_Mesh_Filename><
misc_tables.vpp_pc	customization_items.xtbl	customization_items.xtbl	m04	male_Mesh_Filename><Filename>cf_ear_f_nlm04.cmeshx</Filename></Female_Mesh_Filename
misc_tables.vpp_pc	customization_items.xtbl	customization_items.xtbl	m04	Cloth_Sim_Filename><Filename>cm_ear_f_nlm04.simx</Filename></Cloth_Sim_Filename></M
misc_tables.vpp_pc	customization_items.xtbl	customization_items.xtbl	m06	Male_Mesh_Filename><Filename>cm_ear_f_nlm06.cmeshx</Filename></Male_Mesh_Filename><
misc_tables.vpp_pc	customization_items.xtbl	customization_items.xtbl	m06	male_Mesh_Filename><Filename>cf_ear_f_nlm06.cmeshx</Filename></Female_Mesh_Filename
misc_tables.vpp_pc	cutscene.xtbl	cutscene.xtbl	m03	_CTE</Name></Cutscene>  <Cutscene><Name>m03_cte_01</Name></Cutscene>  <Cutscene><Na
misc_tables.vpp_pc	cutscene.xtbl	cutscene.xtbl	m04	7_In</Name></Cutscene>  <Cutscene><Name>m04_cte_01</Name></Cutscene>  <Cutscene><Na
misc_tables.vpp_pc	cutscene.xtbl	cutscene.xtbl	m08	_Z02</Name></Cutscene>  <Cutscene><Name>m08_cte_01</Name></Cutscene>  <Cutscene><Na
misc_tables.vpp_pc	cutscene.xtbl	cutscene.xtbl	m09	_mid</Name></Cutscene>  <Cutscene><Name>m09_cte_01</Name></Cutscene>  <Cutscene><Na
misc_tables.vpp_pc	cutscene.xtbl	cutscene.xtbl	m16	e_03</Name></Cutscene>  <Cutscene><Name>m16_cte_01</Name></Cutscene>  <Cutscene><Na
misc_tables.vpp_pc	cutscene.xtbl	cutscene.xtbl	m19	_Z01</Name></Cutscene>  <Cutscene><Name>m19_cte_01</Name></Cutscene>  <Cutscene><Na
misc_tables.vpp_pc	cutscene.xtbl	cutscene.xtbl	m19	e_01</Name></Cutscene>  <Cutscene><Name>m19_cte_02</Name></Cutscene>  <Cutscene><Na
misc_tables.vpp_pc	cutscene.xtbl	cutscene.xtbl	m21	e_01</Name></Cutscene>  <Cutscene><Name>m21_cte_01</Name></Cutscene>  <Cutscene><Na
misc_tables.vpp_pc	cutscene.xtbl	cutscene.xtbl	m22	_Z02</Name></Cutscene>  <Cutscene><Name>m22_cte_01</Name></Cutscene>  <Cutscene><Na
misc_tables.vpp_pc	cutscene.xtbl	cutscene.xtbl	m22	e_01</Name></Cutscene>  <Cutscene><Name>m22_cte_02</Name></Cutscene>  <Cutscene><Na
misc_tables.vpp_pc	cutscene.xtbl	cutscene.xtbl	m22	e_02</Name></Cutscene>  <Cutscene><Name>m22_cte_03</Name></Cutscene>  <Cutscene><Na
misc_tables.vpp_pc	cutscene.xtbl	cutscene.xtbl	m24	_z01</Name></Cutscene>  <Cutscene><Name>m24_cte_01</Name></Cutscene>  <Cutscene><Na
misc_tables.vpp_pc	cutscene.xtbl	cutscene.xtbl	m24	_out</Name></Cutscene>  <Cutscene><Name>m24_cte_02</Name></Cutscene>  <Cutscene><Na
misc_tables.vpp_pc	cutscene.xtbl	cutscene.xtbl	sh01	e_01</Name></Cutscene>  <Cutscene><Name>sh01_cte_01</Name></Cutscene>  <Cutscene><Na
misc_tables.vpp_pc	cutscene.xtbl	cutscene.xtbl	sh01	t</Name></Cutscene>  <Cutscene><Name>ld_sh01</Name></Cutscene>  <Cutscene><Name>10_i
misc_tables.vpp_pc	cutscene.xtbl	cutscene.xtbl	sh02	e_01</Name></Cutscene>  <Cutscene><Name>sh02_cte_01</Name></Cutscene>  <Cutscene><Na
misc_tables.vpp_pc	difficulty_levels.xtbl	difficulty_levels.xtbl	m05	 <Rank4>0.00</Rank4>      <Mission_Name>m05</Mission_Name>      </Rank_Occurrence_E
misc_tables.vpp_pc	difficulty_levels.xtbl	difficulty_levels.xtbl	m05	 <Rank4>0.00</Rank4>      <Mission_Name>m05</Mission_Name>      </Rank_Occurrence_E
misc_tables.vpp_pc	difficulty_levels.xtbl	difficulty_levels.xtbl	m10	  <Rank4>0.2</Rank4>      <Mission_Name>m10</Mission_Name>      </Rank_Occurrence_E
misc_tables.vpp_pc	difficulty_levels.xtbl	difficulty_levels.xtbl	m10	  <Rank4>0.2</Rank4>      <Mission_Name>m10</Mission_Name>      </Rank_Occurrence_E
misc_tables.vpp_pc	difficulty_levels.xtbl	difficulty_levels.xtbl	m17	  <Rank4>0.7</Rank4>      <Mission_Name>m17</Mission_Name>      </Rank_Occurrence_E
misc_tables.vpp_pc	difficulty_levels.xtbl	difficulty_levels.xtbl	m17	  <Rank4>0.7</Rank4>      <Mission_Name>m17</Mission_Name>      </Rank_Occurrence_E
misc_tables.vpp_pc	effects.xtbl	effects.xtbl	m02	ect>   <Effect>    <Name>GP_BarrellFire_m02</Name>    <visual>GP_BarrellFire_m02</v
misc_tables.vpp_pc	effects.xtbl	effects.xtbl	m02	re_m02</Name>    <visual>GP_BarrellFire_m02</visual>    <restart_sound_at_loop>Fals
misc_tables.vpp_pc	effects.xtbl	effects.xtbl	m02	ffect>   <Effect>    <Name>Fire_Sticky_Sm02</Name>    <visual>Fire_Sticky_Sm02</vis
misc_tables.vpp_pc	effects.xtbl	effects.xtbl	m02	cky_Sm02</Name>    <visual>Fire_Sticky_Sm02</visual>    <restart_sound_at_loop>Fals
misc_tables.vpp_pc	effects.xtbl	effects.xtbl	m06	or>    </Effect>   <Effect>    <Name>gp_m06_DustPlumes</Name>    <visual>gp_m06_Dus
misc_tables.vpp_pc	effects.xtbl	effects.xtbl	m06	>gp_m06_DustPlumes</Name>    <visual>gp_m06_DustPlumes</visual>    <restart_sound_a
misc_tables.vpp_pc	effects.xtbl	effects.xtbl	m23	ditor>    </Effect>   <Effect>    <Name>m23_daedalus_cannon_exp</Name>    <visual>V
misc_tables.vpp_pc	effects.xtbl	effects.xtbl	sh01	  </Effect>   <Effect>    <Name>wtr_splash01</Name>    <visual>wtr_splash01</visual>
misc_tables.vpp_pc	effects.xtbl	effects.xtbl	sh01	>wtr_splash01</Name>    <visual>wtr_splash01</visual>    <restart_sound_at_loop>Fals
misc_tables.vpp_pc	effects.xtbl	effects.xtbl	sh01	_splash_shark</Name>    <visual>wtr_splash01</visual>    <restart_sound_at_loop>Fals
misc_tables.vpp_pc	effects.xtbl	effects.xtbl	sh02	   </Effect>   <Effect>    <Name>car_crash02</Name>    <visual>car_crash02</visual> 
misc_tables.vpp_pc	effects.xtbl	effects.xtbl	sh02	me>car_crash02</Name>    <visual>car_crash02</visual>    <restart_sound_at_loop>Fals
misc_tables.vpp_pc	effects.xtbl	effects.xtbl	sh03	   </Effect>   <Effect>    <Name>car_crash03</Name>    <visual>car_crash03</visual> 
misc_tables.vpp_pc	effects.xtbl	effects.xtbl	sh03	me>car_crash03</Name>    <visual>car_crash03</visual>    <restart_sound_at_loop>Fals
misc_tables.vpp_pc	explosions.xtbl	explosions.xtbl	m02	   <Effect>0<Sticky_Effect>fire_sticky_sm02</Sticky_Effect>       <Min>2</Min>     
misc_tables.vpp_pc	explosions.xtbl	explosions.xtbl	m02	   <Effect>0<Sticky_Effect>fire_sticky_sm02</Sticky_Effect>       <Min>3</Min>     
misc_tables.vpp_pc	explosions.xtbl	explosions.xtbl	m02	   <Effect>0<Sticky_Effect>fire_sticky_sm02</Sticky_Effect>       <Min>3</Min>     
misc_tables.vpp_pc	explosions.xtbl	explosions.xtbl	m02	   <Effect>0<Sticky_Effect>fire_sticky_sm02</Sticky_Effect>       <Min>2</Min>     
misc_tables.vpp_pc	explosions.xtbl	explosions.xtbl	m02	   <Effect>0<Sticky_Effect>fire_sticky_sm02</Sticky_Effect>       <Min>3</Min>     
misc_tables.vpp_pc	explosions.xtbl	explosions.xtbl	m02	   <Effect>0<Sticky_Effect>fire_sticky_sm02</Sticky_Effect>       <Min>1</Min>     
misc_tables.vpp_pc	explosions.xtbl	explosions.xtbl	m02	   <Effect>0<Sticky_Effect>Fire_Sticky_Sm02</Sticky_Effect>       <Min>2</Min>     
misc_tables.vpp_pc	explosions.xtbl	explosions.xtbl	m02	   <Effect>0<Sticky_Effect>fire_sticky_sm02</Sticky_Effect>       <Min>2</Min>     
misc_tables.vpp_pc	explosions.xtbl	explosions.xtbl	m02	   <Effect>0<Sticky_Effect>fire_sticky_sm02</Sticky_Effect>       <Min>2</Min>     
misc_tables.vpp_pc	explosions.xtbl	explosions.xtbl	m02	   <Effect>0<Sticky_Effect>fire_sticky_sm02</Sticky_Effect>       <Min>8</Min>     
misc_tables.vpp_pc	explosions.xtbl	explosions.xtbl	m02	   <Effect>0<Sticky_Effect>fire_sticky_sm02</Sticky_Effect>       <Min>2</Min>     
misc_tables.vpp_pc	explosions.xtbl	explosions.xtbl	m02	   <Effect>0<Sticky_Effect>fire_sticky_sm02</Sticky_Effect>       <Min>3</Min>     
misc_tables.vpp_pc	explosions.xtbl	explosions.xtbl	m02	   <Effect>0<Sticky_Effect>fire_sticky_sm02</Sticky_Effect>       <Min>3</Min>     
misc_tables.vpp_pc	explosions.xtbl	explosions.xtbl	m02	   <Effect>0<Sticky_Effect>fire_sticky_sm02</Sticky_Effect>       <Min>2</Min>     
misc_tables.vpp_pc	explosions.xtbl	explosions.xtbl	m02	   <Effect>0<Sticky_Effect>fire_sticky_sm02</Sticky_Effect>       <Min>2</Min>     
misc_tables.vpp_pc	explosions.xtbl	explosions.xtbl	m02	   <Effect>0<Sticky_Effect>fire_sticky_sm02</Sticky_Effect>       <Min>2</Min>     
misc_tables.vpp_pc	explosions.xtbl	explosions.xtbl	m02	   <Effect>0<Sticky_Effect>Fire_Sticky_Sm02</Sticky_Effect>       <Min>2</Min>     
misc_tables.vpp_pc	explosions.xtbl	explosions.xtbl	m02	   <Effect>0<Sticky_Effect>fire_sticky_sm02</Sticky_Effect>       <Min>2</Min>     
misc_tables.vpp_pc	explosions.xtbl	explosions.xtbl	m02	   <Effect>0<Sticky_Effect>fire_sticky_sm02</Sticky_Effect>       <Min>2</Min>     
misc_tables.vpp_pc	explosions.xtbl	explosions.xtbl	m02	   <Effect>0<Sticky_Effect>fire_sticky_sm02</Sticky_Effect>       <Min>3</Min>     
misc_tables.vpp_pc	explosions.xtbl	explosions.xtbl	m02	   <Effect>0<Sticky_Effect>fire_sticky_sm02</Sticky_Effect>       <Min>3</Min>     
misc_tables.vpp_pc	explosions.xtbl	explosions.xtbl	m02	   <Effect>0<Sticky_Effect>fire_sticky_sm02</Sticky_Effect>       <Min>2</Min>     
misc_tables.vpp_pc	explosions.xtbl	explosions.xtbl	m02	   <Effect>0<Sticky_Effect>fire_sticky_sm02</Sticky_Effect>       <Min>2</Min>     
misc_tables.vpp_pc	explosions.xtbl	explosions.xtbl	m02	   <Effect>0<Sticky_Effect>Fire_Sticky_Sm02</Sticky_Effect>       <Min>2</Min>     
misc_tables.vpp_pc	explosions.xtbl	explosions.xtbl	m23	n>    <Impulse>0.0</Impulse>    <Effect>m23_daedalus_cannon_exp</Effect>    <_Edito
misc_tables.vpp_pc	gangf.xtbl	gangf.xtbl	m01	nimation></Action>  <Action><ID>shaundi m01 prep</ID><Animation><Filename>gangf_rfl
misc_tables.vpp_pc	gangf.xtbl	gangf.xtbl	m02	lename></Animation></State>  <State><ID>m02 shnrscu hold b</ID><Animation><Filename
misc_tables.vpp_pc	gangf.xtbl	gangf.xtbl	m02	shnrscu hold b</ID><Animation><Filename>m02_shnrscu_hold_b.animx</Filename></Animat
misc_tables.vpp_pc	gangf.xtbl	gangf.xtbl	m02	lename></Animation></State>  <State><ID>m02 shootqte hold b</ID><Animation><Filenam
misc_tables.vpp_pc	gangf.xtbl	gangf.xtbl	m02	hootqte hold b</ID><Animation><Filename>m02_qte2_shoot_hold_b.animx</Filename></Ani
misc_tables.vpp_pc	gangf.xtbl	gangf.xtbl	m02	lename></Animation></State>  <State><ID>m02 shnfreefall</ID><Animation><Filename>m0
misc_tables.vpp_pc	gangf.xtbl	gangf.xtbl	m02	02 shnfreefall</ID><Animation><Filename>m02_shn_frfall.animx</Filename></Animation>
misc_tables.vpp_pc	gangf.xtbl	gangf.xtbl	m02	State>  </States><Actions>  <Action><ID>m02 shnrscu enter b</ID><Animation><Filenam
misc_tables.vpp_pc	gangf.xtbl	gangf.xtbl	m02	hnrscu enter b</ID><Animation><Filename>m02_shnrscu_entr_b.animx</Filename></Animat
misc_tables.vpp_pc	gangf.xtbl	gangf.xtbl	m02	name></Animation></Action>  <Action><ID>m02 shootqte end b</ID><Animation><Filename
misc_tables.vpp_pc	gangf.xtbl	gangf.xtbl	m02	shootqte end b</ID><Animation><Filename>m02_qte2_shoot_end_b.animx</Filename></Anim
misc_tables.vpp_pc	gangf.xtbl	gangf.xtbl	m02	name></Animation></Action>  <Action><ID>m02 shootqte enter b</ID><Animation><Filena
misc_tables.vpp_pc	gangf.xtbl	gangf.xtbl	m02	ootqte enter b</ID><Animation><Filename>m02_qte2_shoot_entr_b.animx</Filename></Ani
misc_tables.vpp_pc	gangf.xtbl	gangf.xtbl	m02	name></Animation></Action>  <Action><ID>m02 shootqte exit b</ID><Animation><Filenam
misc_tables.vpp_pc	gangf.xtbl	gangf.xtbl	m02	hootqte exit b</ID><Animation><Filename>m02_qte2_shoot_ext_b.animx</Filename></Anim
misc_tables.vpp_pc	gangf.xtbl	gangf.xtbl	m02	name></Animation></Action>  <Action><ID>m02 shnrscu convo b</ID><Animation><Filenam
misc_tables.vpp_pc	gangf.xtbl	gangf.xtbl	m02	hnrscu convo b</ID><Animation><Filename>m02_shnrscu_cnv_b.animx</Filename></Animati
misc_tables.vpp_pc	gangf.xtbl	gangf.xtbl	m10	lename></Animation></State>  <State><ID>m10_viola_elevator_fix</ID><Animation><File
misc_tables.vpp_pc	gangf.xtbl	gangf.xtbl	m10	a_elevator_fix</ID><Animation><Filename>m10_viola_elevator_fix.animx</Filename></An
misc_tables.vpp_pc	gangf.xtbl	gangf.xtbl	sh03	lename></Animation></State>  <State><ID>sh03 kenzie hack</ID><Animation><Filename>sh
misc_tables.vpp_pc	gangf.xtbl	gangf.xtbl	sh03	name></Animation></Action>  <Action><ID>sh03 kenzie hack enter</ID><Animation><Filen
misc_tables.vpp_pc	gangf.xtbl	gangf.xtbl	sh03	name></Animation></Action>  <Action><ID>sh03 kenzie hack exit</ID><Animation><Filena
misc_tables.vpp_pc	gds_crc_maps.xtbl	gds_crc_maps.xtbl	cutscene_titles	   <Name>cutscene_test</Name>     <Name>cutscene_titles</Name>     <Name>cutscene_tv</Name>    
misc_tables.vpp_pc	gds_crc_maps.xtbl	gds_crc_maps.xtbl	m01	LD_FAILURE_CANCEL_TEXT</Name>     <Name>m01_failure_gat_died</Name>     <Name>m01_f
misc_tables.vpp_pc	gds_crc_maps.xtbl	gds_crc_maps.xtbl	m01	e>m01_failure_gat_died</Name>     <Name>m01_failure_shaundi_died</Name>     <Name>m
misc_tables.vpp_pc	gds_crc_maps.xtbl	gds_crc_maps.xtbl	m01	1_failure_shaundi_died</Name>     <Name>m01_failure_josh_died</Name>     <Name>m02_
misc_tables.vpp_pc	gds_crc_maps.xtbl	gds_crc_maps.xtbl	m01	ion_Names</MapName>    <List>     <Name>m01</Name>     <Name>m02</Name>     <Name>m
misc_tables.vpp_pc	gds_crc_maps.xtbl	gds_crc_maps.xtbl	m02	 <Name>int_dt_rj_2</Name>     <Name>int_m02_plane_vfx</Name>     <Name>int_m02_plan
misc_tables.vpp_pc	gds_crc_maps.xtbl	gds_crc_maps.xtbl	m02	>int_m02_plane_vfx</Name>     <Name>int_m02_plane</Name>     <Name>int_ne_psaints</
misc_tables.vpp_pc	gds_crc_maps.xtbl	gds_crc_maps.xtbl	m02	>m01_failure_josh_died</Name>     <Name>m02_failure_shaundi_died</Name>     <Name>m
misc_tables.vpp_pc	gds_crc_maps.xtbl	gds_crc_maps.xtbl	m02	  <List>     <Name>m01</Name>     <Name>m02</Name>     <Name>m03</Name>     <Name>m
misc_tables.vpp_pc	gds_crc_maps.xtbl	gds_crc_maps.xtbl	m03	2_failure_shaundi_died</Name>     <Name>m03_failure_bomb_destroyed</Name>     <Name
misc_tables.vpp_pc	gds_crc_maps.xtbl	gds_crc_maps.xtbl	m03	failure_bomb_destroyed</Name>     <Name>m03_failure_heli_destroyed</Name>     <Name
misc_tables.vpp_pc	gds_crc_maps.xtbl	gds_crc_maps.xtbl	m03	failure_heli_destroyed</Name>     <Name>m03_failure_pierce_destroyed</Name>     <Na
misc_tables.vpp_pc	gds_crc_maps.xtbl	gds_crc_maps.xtbl	m03	ilure_pierce_destroyed</Name>     <Name>m03_failure_shaundi_killed</Name>     <Name
misc_tables.vpp_pc	gds_crc_maps.xtbl	gds_crc_maps.xtbl	m03	failure_shaundi_killed</Name>     <Name>m03_failure_homie_dismissed</Name>     <Nam
misc_tables.vpp_pc	gds_crc_maps.xtbl	gds_crc_maps.xtbl	m03	1</Name>     <Name>m02</Name>     <Name>m03</Name>     <Name>m04</Name>     <Name>m
misc_tables.vpp_pc	gds_crc_maps.xtbl	gds_crc_maps.xtbl	m04	ailure_homie_dismissed</Name>     <Name>m04_failure_pierce_died</Name>     <Name>m0
misc_tables.vpp_pc	gds_crc_maps.xtbl	gds_crc_maps.xtbl	m04	04_failure_pierce_died</Name>     <Name>m04_failure_abandon_pierce</Name>     <Name
misc_tables.vpp_pc	gds_crc_maps.xtbl	gds_crc_maps.xtbl	m04	failure_abandon_pierce</Name>     <Name>m04_failure_car_destroyed</Name>     <Name>
misc_tables.vpp_pc	gds_crc_maps.xtbl	gds_crc_maps.xtbl	m04	2</Name>     <Name>m03</Name>     <Name>m04</Name>     <Name>m05</Name>     <Name>m
misc_tables.vpp_pc	gds_crc_maps.xtbl	gds_crc_maps.xtbl	m05	_failure_car_destroyed</Name>     <Name>m05_fail_left</Name>     <Name>m05_fail_tim
misc_tables.vpp_pc	gds_crc_maps.xtbl	gds_crc_maps.xtbl	m05	   <Name>m05_fail_left</Name>     <Name>m05_fail_time</Name>     <Name>m12_failure_
misc_tables.vpp_pc	gds_crc_maps.xtbl	gds_crc_maps.xtbl	m05	12_failure_cover_blown</Name>     <Name>m05_fail_chase</Name>     <Name>m06_failure
misc_tables.vpp_pc	gds_crc_maps.xtbl	gds_crc_maps.xtbl	m05	3</Name>     <Name>m04</Name>     <Name>m05</Name>     <Name>m06</Name>     <Name>m
misc_tables.vpp_pc	gds_crc_maps.xtbl	gds_crc_maps.xtbl	m06	  <Name>m05_fail_chase</Name>     <Name>m06_failure_destroy_bomb</Name>     <Name>m
misc_tables.vpp_pc	gds_crc_maps.xtbl	gds_crc_maps.xtbl	m06	6_failure_destroy_bomb</Name>     <Name>m06_failure_pierce_died</Name>     <Name>m0
misc_tables.vpp_pc	gds_crc_maps.xtbl	gds_crc_maps.xtbl	m06	06_failure_pierce_died</Name>     <Name>m06_failure_shaundi_died</Name>     <Name>m
misc_tables.vpp_pc	gds_crc_maps.xtbl	gds_crc_maps.xtbl	m06	6_failure_shaundi_died</Name>     <Name>m06_failure_oleg_died</Name>     <Name>m06_
misc_tables.vpp_pc	gds_crc_maps.xtbl	gds_crc_maps.xtbl	m06	>m06_failure_oleg_died</Name>     <Name>m06_failure_homie_dismissed</Name>     <Nam
misc_tables.vpp_pc	gds_crc_maps.xtbl	gds_crc_maps.xtbl	m06	4</Name>     <Name>m05</Name>     <Name>m06</Name>     <Name>m07</Name>     <Name>m
misc_tables.vpp_pc	gds_crc_maps.xtbl	gds_crc_maps.xtbl	m07	ailure_homie_dismissed</Name>     <Name>m07_failure_oleg_died</Name>     <Name>m07_
misc_tables.vpp_pc	gds_crc_maps.xtbl	gds_crc_maps.xtbl	m07	>m07_failure_oleg_died</Name>     <Name>m07_failure_zimos_died</Name>     <Name>m07
misc_tables.vpp_pc	gds_crc_maps.xtbl	gds_crc_maps.xtbl	m07	m07_failure_zimos_died</Name>     <Name>m07_failure_angel_died</Name>     <Name>m07
misc_tables.vpp_pc	gds_crc_maps.xtbl	gds_crc_maps.xtbl	m07	m07_failure_angel_died</Name>     <Name>m07_failure_pierce_died</Name>     <Name>m0
misc_tables.vpp_pc	gds_crc_maps.xtbl	gds_crc_maps.xtbl	m07	07_failure_pierce_died</Name>     <Name>m07_failure_kinzie_died</Name>     <Name>m0
misc_tables.vpp_pc	gds_crc_maps.xtbl	gds_crc_maps.xtbl	m07	07_failure_kinzie_died</Name>     <Name>m07_failure_shaundi_died</Name>     <Name>m
misc_tables.vpp_pc	gds_crc_maps.xtbl	gds_crc_maps.xtbl	m07	7_failure_shaundi_died</Name>     <Name>m07_failure_club_owner_died</Name>     <Nam
misc_tables.vpp_pc	gds_crc_maps.xtbl	gds_crc_maps.xtbl	m07	5</Name>     <Name>m06</Name>     <Name>m07</Name>     <Name>m08</Name>     <Name>m
misc_tables.vpp_pc	gds_crc_maps.xtbl	gds_crc_maps.xtbl	m08	ailure_club_owner_died</Name>     <Name>m08_failure_zimos_died</Name>     <Name>m08
misc_tables.vpp_pc	gds_crc_maps.xtbl	gds_crc_maps.xtbl	m08	m08_failure_zimos_died</Name>     <Name>m08_failure_pierce_died</Name>     <Name>m0
misc_tables.vpp_pc	gds_crc_maps.xtbl	gds_crc_maps.xtbl	m08	6</Name>     <Name>m07</Name>     <Name>m08</Name>     <Name>m09</Name>     <Name>m
misc_tables.vpp_pc	gds_crc_maps.xtbl	gds_crc_maps.xtbl	m09	08_failure_pierce_died</Name>     <Name>m09_failure_zimos_died</Name>     <Name>m09
misc_tables.vpp_pc	gds_crc_maps.xtbl	gds_crc_maps.xtbl	m09	m09_failure_zimos_died</Name>     <Name>m09_failure_zimos_abandoned</Name>     <Nam
misc_tables.vpp_pc	gds_crc_maps.xtbl	gds_crc_maps.xtbl	m09	ailure_zimos_abandoned</Name>     <Name>m09_failure_girls_heli</Name>     <Name>m09
misc_tables.vpp_pc	gds_crc_maps.xtbl	gds_crc_maps.xtbl	m09	m09_failure_girls_heli</Name>     <Name>m09_failure_girls_truck</Name>     <Name>m0
misc_tables.vpp_pc	gds_crc_maps.xtbl	gds_crc_maps.xtbl	m09	09_failure_girls_truck</Name>     <Name>m09_failure_ship_abandoned</Name>     <Name
misc_tables.vpp_pc	gds_crc_maps.xtbl	gds_crc_maps.xtbl	m09	7</Name>     <Name>m08</Name>     <Name>m09</Name>     <Name>m10</Name>     <Name>m
misc_tables.vpp_pc	gds_crc_maps.xtbl	gds_crc_maps.xtbl	m10	t_dt_ms_sh_01</Name>     <Name>__int_nw_m10_strip</Name>     <Name>_a_rm_dt</Name> 
misc_tables.vpp_pc	gds_crc_maps.xtbl	gds_crc_maps.xtbl	m10	failure_ship_abandoned</Name>     <Name>m10_failure_oleg_died</Name>     <Name>m10_
misc_tables.vpp_pc	gds_crc_maps.xtbl	gds_crc_maps.xtbl	m10	>m10_failure_oleg_died</Name>     <Name>m10_failure_viola_died</Name>     <Name>m10
misc_tables.vpp_pc	gds_crc_maps.xtbl	gds_crc_maps.xtbl	m10	m10_failure_viola_died</Name>     <Name>m10_failure_oleg_dismissed</Name>     <Name
misc_tables.vpp_pc	gds_crc_maps.xtbl	gds_crc_maps.xtbl	m10	failure_oleg_dismissed</Name>     <Name>m10_failure_viola_dismissed</Name>     <Nam
misc_tables.vpp_pc	gds_crc_maps.xtbl	gds_crc_maps.xtbl	m10	8</Name>     <Name>m09</Name>     <Name>m10</Name>     <Name>m11</Name>     <Name>m
misc_tables.vpp_pc	gds_crc_maps.xtbl	gds_crc_maps.xtbl	m11	ailure_viola_dismissed</Name>     <Name>m11_fail_convoy</Name>     <Name>m11_fail_o
misc_tables.vpp_pc	gds_crc_maps.xtbl	gds_crc_maps.xtbl	m11	 <Name>m11_fail_convoy</Name>     <Name>m11_fail_oleg</Name>     <Name>m11_fail_sta
misc_tables.vpp_pc	gds_crc_maps.xtbl	gds_crc_maps.xtbl	m11	   <Name>m11_fail_oleg</Name>     <Name>m11_fail_stag</Name>     <Name>m12_failure_
misc_tables.vpp_pc	gds_crc_maps.xtbl	gds_crc_maps.xtbl	m11	9</Name>     <Name>m10</Name>     <Name>m11</Name>     <Name>m12</Name>     <Name>m
misc_tables.vpp_pc	gds_crc_maps.xtbl	gds_crc_maps.xtbl	m12	   <Name>m05_fail_time</Name>     <Name>m12_failure_cover_blown</Name>     <Name>m0
misc_tables.vpp_pc	gds_crc_maps.xtbl	gds_crc_maps.xtbl	m12	   <Name>m11_fail_stag</Name>     <Name>m12_failure_suko_died</Name>     <Name>m12_
misc_tables.vpp_pc	gds_crc_maps.xtbl	gds_crc_maps.xtbl	m12	>m12_failure_suko_died</Name>     <Name>m12_failure_josh_died</Name>     <Name>m12_
misc_tables.vpp_pc	gds_crc_maps.xtbl	gds_crc_maps.xtbl	m12	>m12_failure_josh_died</Name>     <Name>m12_failure_cover_blown</Name>     <Name>m1
misc_tables.vpp_pc	gds_crc_maps.xtbl	gds_crc_maps.xtbl	m12	12_failure_cover_blown</Name>     <Name>m12_failure_josh_abandoned</Name>     <Name
misc_tables.vpp_pc	gds_crc_maps.xtbl	gds_crc_maps.xtbl	m12	failure_josh_abandoned</Name>     <Name>m12_failure_suko_abandoned</Name>     <Name
misc_tables.vpp_pc	gds_crc_maps.xtbl	gds_crc_maps.xtbl	m12	0</Name>     <Name>m11</Name>     <Name>m12</Name>     <Name>m13</Name>     <Name>m
misc_tables.vpp_pc	gds_crc_maps.xtbl	gds_crc_maps.xtbl	m13	    <Name>lets_pretend</Name>     <Name>m13int</Name>     <Name>m18_plane_vfx</Name
misc_tables.vpp_pc	gds_crc_maps.xtbl	gds_crc_maps.xtbl	m13	failure_suko_abandoned</Name>     <Name>m13_failure_viola_died</Name>     <Name>m13
misc_tables.vpp_pc	gds_crc_maps.xtbl	gds_crc_maps.xtbl	m13	m13_failure_viola_died</Name>     <Name>m13_failure_viola_abandoned</Name>     <Nam
misc_tables.vpp_pc	gds_crc_maps.xtbl	gds_crc_maps.xtbl	m13	ailure_viola_abandoned</Name>     <Name>m13_failure_oleg_died</Name>     <Name>m13_
misc_tables.vpp_pc	gds_crc_maps.xtbl	gds_crc_maps.xtbl	m13	>m13_failure_oleg_died</Name>     <Name>m13_failure_pierce_died</Name>     <Name>m1
misc_tables.vpp_pc	gds_crc_maps.xtbl	gds_crc_maps.xtbl	m13	13_failure_pierce_died</Name>     <Name>m13_failure_pierce_abandoned</Name>     <Na
misc_tables.vpp_pc	gds_crc_maps.xtbl	gds_crc_maps.xtbl	m13	ilure_pierce_abandoned</Name>     <Name>m13_failure_saints_hq_abandoned</Name>     
misc_tables.vpp_pc	gds_crc_maps.xtbl	gds_crc_maps.xtbl	m13	re_saints_hq_abandoned</Name>     <Name>m13_failure_josh_died</Name>     <Name>m13_
misc_tables.vpp_pc	gds_crc_maps.xtbl	gds_crc_maps.xtbl	m13	>m13_failure_josh_died</Name>     <Name>m13_failure_failed_to_escape</Name>     <Na
misc_tables.vpp_pc	gds_crc_maps.xtbl	gds_crc_maps.xtbl	m13	1</Name>     <Name>m12</Name>     <Name>m13</Name>     <Name>m14</Name>     <Name>m
misc_tables.vpp_pc	gds_crc_maps.xtbl	gds_crc_maps.xtbl	m14	ilure_failed_to_escape</Name>     <Name>m14_failure_van_destroyed</Name>     <Name>
misc_tables.vpp_pc	gds_crc_maps.xtbl	gds_crc_maps.xtbl	m14	_failure_van_destroyed</Name>     <Name>m14_failure_heli_destroyed</Name>     <Name
misc_tables.vpp_pc	gds_crc_maps.xtbl	gds_crc_maps.xtbl	m14	failure_heli_destroyed</Name>     <Name>m14_failure_shaundi_died</Name>     <Name>m
misc_tables.vpp_pc	gds_crc_maps.xtbl	gds_crc_maps.xtbl	m14	4_failure_shaundi_died</Name>     <Name>m14_failure_shaundi_abandoned</Name>     <N
misc_tables.vpp_pc	gds_crc_maps.xtbl	gds_crc_maps.xtbl	m14	lure_shaundi_abandoned</Name>     <Name>m14_failure_heli_unreachable</Name>     <Na
misc_tables.vpp_pc	gds_crc_maps.xtbl	gds_crc_maps.xtbl	m14	ilure_heli_unreachable</Name>     <Name>m14_failure_heli_abandoned</Name>     <Name
misc_tables.vpp_pc	gds_crc_maps.xtbl	gds_crc_maps.xtbl	m14	failure_heli_abandoned</Name>     <Name>m14_failure_jane_died</Name>     <Name>m14_
misc_tables.vpp_pc	gds_crc_maps.xtbl	gds_crc_maps.xtbl	m14	>m14_failure_jane_died</Name>     <Name>m14_failure_killbane_escaped</Name>     <Na
misc_tables.vpp_pc	gds_crc_maps.xtbl	gds_crc_maps.xtbl	m14	2</Name>     <Name>m13</Name>     <Name>m14</Name>     <Name>m15</Name>     <Name>m
misc_tables.vpp_pc	gds_crc_maps.xtbl	gds_crc_maps.xtbl	m15	ilure_killbane_escaped</Name>     <Name>m15_failure_pierce_died</Name>     <Name>m1
misc_tables.vpp_pc	gds_crc_maps.xtbl	gds_crc_maps.xtbl	m15	15_failure_pierce_died</Name>     <Name>m15_failure_pierce_dismissed</Name>     <Na
misc_tables.vpp_pc	gds_crc_maps.xtbl	gds_crc_maps.xtbl	m15	ilure_pierce_dismissed</Name>     <Name>m15_failure_truck_deckers_hq</Name>     <Na
misc_tables.vpp_pc	gds_crc_maps.xtbl	gds_crc_maps.xtbl	m15	ilure_truck_deckers_hq</Name>     <Name>m15_failure_truck_destroyed</Name>     <Nam
misc_tables.vpp_pc	gds_crc_maps.xtbl	gds_crc_maps.xtbl	m15	ailure_truck_destroyed</Name>     <Name>m15_failure_truck_crushed</Name>     <Name>
misc_tables.vpp_pc	gds_crc_maps.xtbl	gds_crc_maps.xtbl	m15	3</Name>     <Name>m14</Name>     <Name>m15</Name>     <Name>m16</Name>     <Name>m
misc_tables.vpp_pc	gds_crc_maps.xtbl	gds_crc_maps.xtbl	m16	e>cut_brdrm</Name>     <Name>cyberspace_m16</Name>     <Name>daed_ext</Name>     <N
misc_tables.vpp_pc	gds_crc_maps.xtbl	gds_crc_maps.xtbl	m16	_failure_truck_crushed</Name>     <Name>m16_failure_tank_destroyed</Name>     <Name
misc_tables.vpp_pc	gds_crc_maps.xtbl	gds_crc_maps.xtbl	m16	4</Name>     <Name>m15</Name>     <Name>m16</Name>     <Name>m17</Name>     <Name>m
misc_tables.vpp_pc	gds_crc_maps.xtbl	gds_crc_maps.xtbl	m17	failure_tank_destroyed</Name>     <Name>m17_failure_follow</Name>     <Name>m17_fai
misc_tables.vpp_pc	gds_crc_maps.xtbl	gds_crc_maps.xtbl	m17	ame>m17_failure_follow</Name>     <Name>m17_failure_escape</Name>     <Name>m17_fai
misc_tables.vpp_pc	gds_crc_maps.xtbl	gds_crc_maps.xtbl	m17	ame>m17_failure_escape</Name>     <Name>m17_failure_pierce_died</Name>     <Name>m1
misc_tables.vpp_pc	gds_crc_maps.xtbl	gds_crc_maps.xtbl	m17	17_failure_pierce_died</Name>     <Name>m17_failure_shaundi_died</Name>     <Name>m
misc_tables.vpp_pc	gds_crc_maps.xtbl	gds_crc_maps.xtbl	m17	7_failure_shaundi_died</Name>     <Name>m17_failure_viola_died</Name>     <Name>m17
misc_tables.vpp_pc	gds_crc_maps.xtbl	gds_crc_maps.xtbl	m17	m17_failure_viola_died</Name>     <Name>m17_failure_homie_abandoned</Name>     <Nam
misc_tables.vpp_pc	gds_crc_maps.xtbl	gds_crc_maps.xtbl	m17	5</Name>     <Name>m16</Name>     <Name>m17</Name>     <Name>m18</Name>     <Name>m
misc_tables.vpp_pc	gds_crc_maps.xtbl	gds_crc_maps.xtbl	m18	</MapName>    <List>     <Name>__int_dt_m18_plane</Name>     <Name>__int_dt_ms_sh_0
misc_tables.vpp_pc	gds_crc_maps.xtbl	gds_crc_maps.xtbl	m18	Name>     <Name>m13int</Name>     <Name>m18_plane_vfx</Name>     <Name>m21_murderbr
misc_tables.vpp_pc	gds_crc_maps.xtbl	gds_crc_maps.xtbl	m18	6</Name>     <Name>m17</Name>     <Name>m18</Name>     <Name>m19</Name>     <Name>m
misc_tables.vpp_pc	gds_crc_maps.xtbl	gds_crc_maps.xtbl	m19	ailure_homie_abandoned</Name>     <Name>m19_failure_suko_died</Name>     <Name>m19_
misc_tables.vpp_pc	gds_crc_maps.xtbl	gds_crc_maps.xtbl	m19	>m19_failure_suko_died</Name>     <Name>m19_failure_suko_abandoned</Name>     <Name
misc_tables.vpp_pc	gds_crc_maps.xtbl	gds_crc_maps.xtbl	m19	failure_suko_abandoned</Name>     <Name>m19_failure_container_destroyed</Name>     
misc_tables.vpp_pc	gds_crc_maps.xtbl	gds_crc_maps.xtbl	m19	re_container_destroyed</Name>     <Name>m19_failure_rimjobs_timer</Name>     <Name>
misc_tables.vpp_pc	gds_crc_maps.xtbl	gds_crc_maps.xtbl	m19	7</Name>     <Name>m18</Name>     <Name>m19</Name>     <Name>m20</Name>     <Name>m
misc_tables.vpp_pc	gds_crc_maps.xtbl	gds_crc_maps.xtbl	m20	_failure_rimjobs_timer</Name>     <Name>m20_failure_angel_heli_destroyed</Name>    
misc_tables.vpp_pc	gds_crc_maps.xtbl	gds_crc_maps.xtbl	m20	e_angel_heli_destroyed</Name>     <Name>m20_failure_rc_too_late</Name>     <Name>m2
misc_tables.vpp_pc	gds_crc_maps.xtbl	gds_crc_maps.xtbl	m20	20_failure_rc_too_late</Name>     <Name>m20_failure_rc_heli_destroyed</Name>     <N
misc_tables.vpp_pc	gds_crc_maps.xtbl	gds_crc_maps.xtbl	m20	lure_rc_heli_destroyed</Name>     <Name>m20_failure_premature_hijackulation</Name> 
misc_tables.vpp_pc	gds_crc_maps.xtbl	gds_crc_maps.xtbl	m20	remature_hijackulation</Name>     <Name>m20_failure_no_tanks_to_you</Name>     <Nam
misc_tables.vpp_pc	gds_crc_maps.xtbl	gds_crc_maps.xtbl	m20	ailure_no_tanks_to_you</Name>     <Name>m20_failure_vehicle_exit</Name>     <Name>m
misc_tables.vpp_pc	gds_crc_maps.xtbl	gds_crc_maps.xtbl	m20	0_failure_vehicle_exit</Name>     <Name>m20_failure_ctc_destroyed</Name>     <Name>
misc_tables.vpp_pc	gds_crc_maps.xtbl	gds_crc_maps.xtbl	m20	_failure_ctc_destroyed</Name>     <Name>m20_failure_ctb_destroyed</Name>     <Name>
misc_tables.vpp_pc	gds_crc_maps.xtbl	gds_crc_maps.xtbl	m20	8</Name>     <Name>m19</Name>     <Name>m20</Name>     <Name>m21</Name>     <Name>m
misc_tables.vpp_pc	gds_crc_maps.xtbl	gds_crc_maps.xtbl	m21	   <Name>m18_plane_vfx</Name>     <Name>m21_murderbrawl</Name>     <Name>m24_mars</
misc_tables.vpp_pc	gds_crc_maps.xtbl	gds_crc_maps.xtbl	m21	_failure_ctb_destroyed</Name>     <Name>m21_obj_angel_died</Name>     <Name>m22_fai
misc_tables.vpp_pc	gds_crc_maps.xtbl	gds_crc_maps.xtbl	m21	9</Name>     <Name>m20</Name>     <Name>m21</Name>     <Name>m22</Name>     <Name>m
misc_tables.vpp_pc	gds_crc_maps.xtbl	gds_crc_maps.xtbl	m22	ame>m21_obj_angel_died</Name>     <Name>m22_failure_oleg_died</Name>     <Name>m22_
misc_tables.vpp_pc	gds_crc_maps.xtbl	gds_crc_maps.xtbl	m22	>m22_failure_oleg_died</Name>     <Name>m22_failure_pierce_died</Name>     <Name>m2
misc_tables.vpp_pc	gds_crc_maps.xtbl	gds_crc_maps.xtbl	m22	22_failure_pierce_died</Name>     <Name>m22_failure_pierce_abandoned</Name>     <Na
misc_tables.vpp_pc	gds_crc_maps.xtbl	gds_crc_maps.xtbl	m22	ilure_pierce_abandoned</Name>     <Name>m22_failure_statue_blown_up</Name>     <Nam
misc_tables.vpp_pc	gds_crc_maps.xtbl	gds_crc_maps.xtbl	m22	ailure_statue_blown_up</Name>     <Name>m22_failure_statue_blown_up</Name>     <Nam
misc_tables.vpp_pc	gds_crc_maps.xtbl	gds_crc_maps.xtbl	m22	ailure_statue_blown_up</Name>     <Name>m22_failure_statue_blown_up</Name>     <Nam
misc_tables.vpp_pc	gds_crc_maps.xtbl	gds_crc_maps.xtbl	m22	ailure_statue_blown_up</Name>     <Name>m22_failure_shaundi_died</Name>     <Name>m
misc_tables.vpp_pc	gds_crc_maps.xtbl	gds_crc_maps.xtbl	m22	2_failure_shaundi_died</Name>     <Name>m22_failure_killbane_escaped</Name>     <Na
misc_tables.vpp_pc	gds_crc_maps.xtbl	gds_crc_maps.xtbl	m22	0</Name>     <Name>m21</Name>     <Name>m22</Name>     <Name>m23</Name>     <Name>m
misc_tables.vpp_pc	gds_crc_maps.xtbl	gds_crc_maps.xtbl	m23	ilure_killbane_escaped</Name>     <Name>m23_failure_cyrus_escaped</Name>     <Name>
misc_tables.vpp_pc	gds_crc_maps.xtbl	gds_crc_maps.xtbl	m23	1</Name>     <Name>m22</Name>     <Name>m23</Name>     <Name>m24</Name>     <Name>M
misc_tables.vpp_pc	gds_crc_maps.xtbl	gds_crc_maps.xtbl	m24	 <Name>m21_murderbrawl</Name>     <Name>m24_mars</Name>     <Name>mars_studio</Name
misc_tables.vpp_pc	gds_crc_maps.xtbl	gds_crc_maps.xtbl	m24	_failure_cyrus_escaped</Name>     <Name>m24_failure_killed_in_blast</Name>     <Nam
misc_tables.vpp_pc	gds_crc_maps.xtbl	gds_crc_maps.xtbl	m24	2</Name>     <Name>m23</Name>     <Name>m24</Name>     <Name>MM_A_01</Name>     <Na
misc_tables.vpp_pc	gds_crc_maps.xtbl	gds_crc_maps.xtbl	main_menu_load	<Name>main_menu_extras</Name>     <Name>main_menu_load</Name>     <Name>main_menu_new_game</Na
misc_tables.vpp_pc	gds_crc_maps.xtbl	gds_crc_maps.xtbl	mm_p_01	ame>     <Name>MM_M1_5</Name>     <Name>mm_p_01</Name>     <Name>mm_p_02</Name>     <Na
misc_tables.vpp_pc	gds_crc_maps.xtbl	gds_crc_maps.xtbl	mm_p_02	ame>     <Name>mm_p_01</Name>     <Name>mm_p_02</Name>     <Name>mm_p_03</Name>     <Na
misc_tables.vpp_pc	gds_crc_maps.xtbl	gds_crc_maps.xtbl	mm_p_03	ailure_killed_in_blast</Name>     <Name>mm_p_03_fail_fp</Name>     <Name>mm_p_03_pierce
misc_tables.vpp_pc	gds_crc_maps.xtbl	gds_crc_maps.xtbl	mm_p_03	 <Name>mm_p_03_fail_fp</Name>     <Name>mm_p_03_pierce_died</Name>     <Name>mm_p_03_pi
misc_tables.vpp_pc	gds_crc_maps.xtbl	gds_crc_maps.xtbl	mm_p_03	me>mm_p_03_pierce_died</Name>     <Name>mm_p_03_pierce_abandonded</Name>     <Name>sh01
misc_tables.vpp_pc	gds_crc_maps.xtbl	gds_crc_maps.xtbl	mm_p_03	ame>     <Name>mm_p_02</Name>     <Name>mm_p_03</Name>     <Name>mm_p_04</Name>     <Na
misc_tables.vpp_pc	gds_crc_maps.xtbl	gds_crc_maps.xtbl	mm_p_04	ame>     <Name>mm_p_03</Name>     <Name>mm_p_04</Name>     <Name>mm_p_05</Name>     <Na
misc_tables.vpp_pc	gds_crc_maps.xtbl	gds_crc_maps.xtbl	mm_p_05	ame>     <Name>mm_p_04</Name>     <Name>mm_p_05</Name>     <Name>mm_p_06</Name>     <Na
misc_tables.vpp_pc	gds_crc_maps.xtbl	gds_crc_maps.xtbl	mm_p_06	ame>     <Name>mm_p_05</Name>     <Name>mm_p_06</Name>     <Name>mm_p_07</Name>     <Na
misc_tables.vpp_pc	gds_crc_maps.xtbl	gds_crc_maps.xtbl	mm_p_07	ame>     <Name>mm_p_06</Name>     <Name>mm_p_07</Name>     <Name>MM_Z_01</Name>     <Na
misc_tables.vpp_pc	gds_crc_maps.xtbl	gds_crc_maps.xtbl	msn_cyber	   <Name>mp_completion</Name>     <Name>msn_cyber</Name>     <Name>msn_killbane</Name>   
misc_tables.vpp_pc	gds_crc_maps.xtbl	gds_crc_maps.xtbl	reward_granted	player_choice_tutorial</Name>     <Name>reward_granted</Name>     <Name>screen_capture</Name> 
misc_tables.vpp_pc	gds_crc_maps.xtbl	gds_crc_maps.xtbl	sh01	p_03_pierce_abandonded</Name>     <Name>sh01_failure_pierce_died</Name>     <Name>sh
misc_tables.vpp_pc	gds_crc_maps.xtbl	gds_crc_maps.xtbl	sh01	01_failure_pierce_died</Name>     <Name>sh01_failure_abandon_pierce</Name>     <Name
misc_tables.vpp_pc	gds_crc_maps.xtbl	gds_crc_maps.xtbl	sh01	failure_abandon_pierce</Name>     <Name>sh01_failure_shaundi_died</Name>     <Name>s
misc_tables.vpp_pc	gds_crc_maps.xtbl	gds_crc_maps.xtbl	sh01	1_failure_shaundi_died</Name>     <Name>sh01_failure_abandon_shaundi</Name>     <Nam
misc_tables.vpp_pc	gds_crc_maps.xtbl	gds_crc_maps.xtbl	sh01	     <Name>zombie_area</Name>     <Name>sh01</Name>     <Name>sh02</Name>     <Name>
misc_tables.vpp_pc	gds_crc_maps.xtbl	gds_crc_maps.xtbl	sh02	ailure_abandon_shaundi</Name>     <Name>sh02_failure_zimos_died</Name>     <Name>sh0
misc_tables.vpp_pc	gds_crc_maps.xtbl	gds_crc_maps.xtbl	sh02	h02_failure_zimos_died</Name>     <Name>sh02_failure_abandon_zimos</Name>     <Name>
misc_tables.vpp_pc	gds_crc_maps.xtbl	gds_crc_maps.xtbl	sh02	</Name>     <Name>sh01</Name>     <Name>sh02</Name>     <Name>sh03</Name>     <Name>
misc_tables.vpp_pc	gds_crc_maps.xtbl	gds_crc_maps.xtbl	sh03	    <Name>nw_rustys</Name>     <Name>nw_sh03_l</Name>     <Name>nw_sh03_cgar</Name> 
misc_tables.vpp_pc	gds_crc_maps.xtbl	gds_crc_maps.xtbl	sh03	    <Name>nw_sh03_l</Name>     <Name>nw_sh03_cgar</Name>     <Name>nw_sh03_crib</Nam
misc_tables.vpp_pc	gds_crc_maps.xtbl	gds_crc_maps.xtbl	sh03	 <Name>nw_sh03_cgar</Name>     <Name>nw_sh03_crib</Name>     <Name>prc2nd3rdfloor</N
misc_tables.vpp_pc	gds_crc_maps.xtbl	gds_crc_maps.xtbl	sh03	</Name>     <Name>sh02</Name>     <Name>sh03</Name>     <Name>sh04</Name>     </List
misc_tables.vpp_pc	gds_crc_maps.xtbl	gds_crc_maps.xtbl	sh04	SH03_KINZIE_ABANDONDED</Name>     <Name>sh04_failure_angel_died</Name>     <Name>sh0
misc_tables.vpp_pc	gds_crc_maps.xtbl	gds_crc_maps.xtbl	sh04	h04_failure_angel_died</Name>     <Name>sh04_failure_angel_abandoned</Name>     <Nam
misc_tables.vpp_pc	gds_crc_maps.xtbl	gds_crc_maps.xtbl	sh04	ailure_angel_abandoned</Name>     <Name>sh04_failure_left_casino</Name>     </List> 
misc_tables.vpp_pc	gds_crc_maps.xtbl	gds_crc_maps.xtbl	sh04	</Name>     <Name>sh03</Name>     <Name>sh04</Name>     </List>    <_Editor>     <Ca
misc_tables.vpp_pc	generic_characters.xtbl	generic_characters.xtbl	m01	le</Name>    <Spawn_Name>npc_ped_youngfem01_fw</Spawn_Name>    <_Editor>     <Categ
misc_tables.vpp_pc	generic_characters.xtbl	generic_characters.xtbl	m02	Poor Female</Name>    <Spawn_Name>npc_bum02_fw</Spawn_Name>    <_Editor>     <Categ
misc_tables.vpp_pc	giant_plane.xtbl	giant_plane.xtbl	m18	name></Animation></Action>  <Action><ID>m18 Plane Tank Collide</ID><Animation><File
misc_tables.vpp_pc	homies.xtbl	homies.xtbl	m04	7</Flag>     <Flag>m22</Flag>     <Flag>m04</Flag>     <Flag>m05</Flag>     <Flag>m
misc_tables.vpp_pc	homies.xtbl	homies.xtbl	m04	ag>     <Flag>mm_m16_5</Flag>     <Flag>m04</Flag>     </Blocked_for_Mission>    <D
misc_tables.vpp_pc	homies.xtbl	homies.xtbl	m04	d to be checked.</Description>    <Flag>m04</Flag>    <Flag>m05</Flag>    <Flag>mm_
misc_tables.vpp_pc	homies.xtbl	homies.xtbl	m05	2</Flag>     <Flag>m04</Flag>     <Flag>m05</Flag>     <Flag>mm_p_01</Flag>     <Fl
misc_tables.vpp_pc	homies.xtbl	homies.xtbl	m05	ame>    <Blocked_for_Mission>     <Flag>m05</Flag>     <Flag>sh01</Flag>     <Flag>
misc_tables.vpp_pc	homies.xtbl	homies.xtbl	m05	scription>    <Flag>m04</Flag>    <Flag>m05</Flag>    <Flag>mm_p_01</Flag>    <Flag
misc_tables.vpp_pc	homies.xtbl	homies.xtbl	m06	</Flag>     <Flag>sh01</Flag>     <Flag>m06</Flag>     <Flag>m07</Flag>     </Block
misc_tables.vpp_pc	homies.xtbl	homies.xtbl	m06	</Flag>     <Flag>sh01</Flag>     <Flag>m06</Flag>     <Flag>m07</Flag>     <Flag>m
misc_tables.vpp_pc	homies.xtbl	homies.xtbl	m06	07</Flag>    <Flag>sh01</Flag>    <Flag>m06</Flag>    <Flag>m07</Flag>    <Flag>m08
misc_tables.vpp_pc	homies.xtbl	homies.xtbl	m07	1</Flag>     <Flag>m06</Flag>     <Flag>m07</Flag>     </Blocked_for_Mission>    <D
misc_tables.vpp_pc	homies.xtbl	homies.xtbl	m07	1</Flag>     <Flag>m06</Flag>     <Flag>m07</Flag>     <Flag>m08</Flag>     <Flag>m
misc_tables.vpp_pc	homies.xtbl	homies.xtbl	m07	0</Flag>     <Flag>m22</Flag>     <Flag>m07</Flag>     </Blocked_for_Mission>    <D
misc_tables.vpp_pc	homies.xtbl	homies.xtbl	m07	h01</Flag>    <Flag>m06</Flag>    <Flag>m07</Flag>    <Flag>m08</Flag>    <Flag>sh0
misc_tables.vpp_pc	homies.xtbl	homies.xtbl	m08	6</Flag>     <Flag>m07</Flag>     <Flag>m08</Flag>     <Flag>m13</Flag>     <Flag>m
misc_tables.vpp_pc	homies.xtbl	homies.xtbl	m08	tor>    <Blocked_for_Mission>     <Flag>m08</Flag>     <Flag>sh02</Flag>     <Flag>
misc_tables.vpp_pc	homies.xtbl	homies.xtbl	m08	m06</Flag>    <Flag>m07</Flag>    <Flag>m08</Flag>    <Flag>sh02</Flag>    <Flag>m0
misc_tables.vpp_pc	homies.xtbl	homies.xtbl	m09	</Flag>     <Flag>sh02</Flag>     <Flag>m09</Flag>     </Blocked_for_Mission>    <D
misc_tables.vpp_pc	homies.xtbl	homies.xtbl	m09	08</Flag>    <Flag>sh02</Flag>    <Flag>m09</Flag>    <Flag>m10</Flag>    <Flag>m11
misc_tables.vpp_pc	homies.xtbl	homies.xtbl	m10	ame>    <Blocked_for_Mission>     <Flag>m10</Flag>     <Flag>m22</Flag>     <Flag>m
misc_tables.vpp_pc	homies.xtbl	homies.xtbl	m10	h02</Flag>    <Flag>m09</Flag>    <Flag>m10</Flag>    <Flag>m11</Flag>    <Flag>m12
misc_tables.vpp_pc	homies.xtbl	homies.xtbl	m11	ame>    <Blocked_for_Mission>     <Flag>m11</Flag>     <Flag>m12</Flag>     <Flag>m
misc_tables.vpp_pc	homies.xtbl	homies.xtbl	m11	m09</Flag>    <Flag>m10</Flag>    <Flag>m11</Flag>    <Flag>m12</Flag>    <Flag>m13
misc_tables.vpp_pc	homies.xtbl	homies.xtbl	m12	Mission>     <Flag>m11</Flag>     <Flag>m12</Flag>     <Flag>m13</Flag>     <Flag>m
misc_tables.vpp_pc	homies.xtbl	homies.xtbl	m12	tor>    <Blocked_for_Mission>     <Flag>m12</Flag>     <Flag>m17</Flag>     <Flag>m
misc_tables.vpp_pc	homies.xtbl	homies.xtbl	m12	m10</Flag>    <Flag>m11</Flag>    <Flag>m12</Flag>    <Flag>m13</Flag>    <Flag>m14
misc_tables.vpp_pc	homies.xtbl	homies.xtbl	m13	1</Flag>     <Flag>m12</Flag>     <Flag>m13</Flag>     <Flag>m15</Flag>     <Flag>m
misc_tables.vpp_pc	homies.xtbl	homies.xtbl	m13	7</Flag>     <Flag>m08</Flag>     <Flag>m13</Flag>     <Flag>m14</Flag>     <Flag>m
misc_tables.vpp_pc	homies.xtbl	homies.xtbl	m13	m11</Flag>    <Flag>m12</Flag>    <Flag>m13</Flag>    <Flag>m14</Flag>    <Flag>m15
misc_tables.vpp_pc	homies.xtbl	homies.xtbl	m14	8</Flag>     <Flag>m13</Flag>     <Flag>m14</Flag>     <Flag>m16</Flag>     <Flag>m
misc_tables.vpp_pc	homies.xtbl	homies.xtbl	m14	tor>    <Blocked_for_Mission>     <Flag>m14</Flag>     <Flag>m15</Flag>     <Flag>s
misc_tables.vpp_pc	homies.xtbl	homies.xtbl	m14	m12</Flag>    <Flag>m13</Flag>    <Flag>m14</Flag>    <Flag>m15</Flag>    <Flag>sh0
misc_tables.vpp_pc	homies.xtbl	homies.xtbl	m15	2</Flag>     <Flag>m13</Flag>     <Flag>m15</Flag>     <Flag>m16</Flag>     <Flag>m
misc_tables.vpp_pc	homies.xtbl	homies.xtbl	m15	Mission>     <Flag>m14</Flag>     <Flag>m15</Flag>     <Flag>sh03</Flag>     </Bloc
misc_tables.vpp_pc	homies.xtbl	homies.xtbl	m15	m13</Flag>    <Flag>m14</Flag>    <Flag>m15</Flag>    <Flag>sh03</Flag>    <Flag>m1
misc_tables.vpp_pc	homies.xtbl	homies.xtbl	m16	3</Flag>     <Flag>m15</Flag>     <Flag>m16</Flag>     <Flag>m17</Flag>     <Flag>m
misc_tables.vpp_pc	homies.xtbl	homies.xtbl	m16	3</Flag>     <Flag>m14</Flag>     <Flag>m16</Flag>     <Flag>m17</Flag>     <Flag>m
misc_tables.vpp_pc	homies.xtbl	homies.xtbl	m16	Flag>     <Flag>m24</Flag>     <Flag>mm_m16_5</Flag>     <Flag>m04</Flag>     </Blo
misc_tables.vpp_pc	homies.xtbl	homies.xtbl	m16	15</Flag>    <Flag>sh03</Flag>    <Flag>m16</Flag>    <Flag>m17</Flag>    <Flag>m18
misc_tables.vpp_pc	homies.xtbl	homies.xtbl	m16	</Flag>    <Flag>m24</Flag>    <Flag>mm_m16_5</Flag>    </Element>   <Single_Line_X
misc_tables.vpp_pc	homies.xtbl	homies.xtbl	m17	5</Flag>     <Flag>m16</Flag>     <Flag>m17</Flag>     <Flag>m22</Flag>     <Flag>m
misc_tables.vpp_pc	homies.xtbl	homies.xtbl	m17	4</Flag>     <Flag>m16</Flag>     <Flag>m17</Flag>     <Flag>m22</Flag>     <Flag>m
misc_tables.vpp_pc	homies.xtbl	homies.xtbl	m17	Mission>     <Flag>m12</Flag>     <Flag>m17</Flag>     <Flag>m19</Flag>     <Flag>m
misc_tables.vpp_pc	homies.xtbl	homies.xtbl	m17	h03</Flag>    <Flag>m16</Flag>    <Flag>m17</Flag>    <Flag>m18</Flag>    <Flag>m19
misc_tables.vpp_pc	homies.xtbl	homies.xtbl	m18	3</Flag>     <Flag>m24</Flag>     <Flag>m18</Flag>     </Blocked_for_Mission>    <D
misc_tables.vpp_pc	homies.xtbl	homies.xtbl	m18	m16</Flag>    <Flag>m17</Flag>    <Flag>m18</Flag>    <Flag>m19</Flag>    <Flag>m20
misc_tables.vpp_pc	homies.xtbl	homies.xtbl	m19	2</Flag>     <Flag>m17</Flag>     <Flag>m19</Flag>     <Flag>m20</Flag>     <Flag>m
misc_tables.vpp_pc	homies.xtbl	homies.xtbl	m19	m17</Flag>    <Flag>m18</Flag>    <Flag>m19</Flag>    <Flag>m20</Flag>    <Flag>sh0
misc_tables.vpp_pc	homies.xtbl	homies.xtbl	m20	tor>    <Blocked_for_Mission>     <Flag>m20</Flag>     <Flag>sh04</Flag>     <Flag>
misc_tables.vpp_pc	homies.xtbl	homies.xtbl	m20	tor>    <Blocked_for_Mission>     <Flag>m20</Flag>     <Flag>sh04</Flag>     <Flag>
misc_tables.vpp_pc	homies.xtbl	homies.xtbl	m20	7</Flag>     <Flag>m19</Flag>     <Flag>m20</Flag>     <Flag>m22</Flag>     <Flag>m
misc_tables.vpp_pc	homies.xtbl	homies.xtbl	m20	m18</Flag>    <Flag>m19</Flag>    <Flag>m20</Flag>    <Flag>sh04</Flag>    <Flag>m2
misc_tables.vpp_pc	homies.xtbl	homies.xtbl	m21	</Flag>     <Flag>sh04</Flag>     <Flag>m21</Flag>     <Flag>m22</Flag>     <Flag>m
misc_tables.vpp_pc	homies.xtbl	homies.xtbl	m21	</Flag>     <Flag>sh04</Flag>     <Flag>m21</Flag>     <Flag>m22</Flag>     </Block
misc_tables.vpp_pc	homies.xtbl	homies.xtbl	m21	20</Flag>    <Flag>sh04</Flag>    <Flag>m21</Flag>    <Flag>m22</Flag>    <Flag>m23
misc_tables.vpp_pc	homies.xtbl	homies.xtbl	m22	6</Flag>     <Flag>m17</Flag>     <Flag>m22</Flag>     <Flag>m04</Flag>     <Flag>m
misc_tables.vpp_pc	homies.xtbl	homies.xtbl	m22	6</Flag>     <Flag>m17</Flag>     <Flag>m22</Flag>     <Flag>m23</Flag>     <Flag>m
misc_tables.vpp_pc	homies.xtbl	homies.xtbl	m22	4</Flag>     <Flag>m21</Flag>     <Flag>m22</Flag>     <Flag>m23</Flag>     <Flag>m
misc_tables.vpp_pc	homies.xtbl	homies.xtbl	m22	4</Flag>     <Flag>m21</Flag>     <Flag>m22</Flag>     </Blocked_for_Mission>    <D
misc_tables.vpp_pc	homies.xtbl	homies.xtbl	m22	Mission>     <Flag>m10</Flag>     <Flag>m22</Flag>     <Flag>m07</Flag>     </Block
misc_tables.vpp_pc	homies.xtbl	homies.xtbl	m22	9</Flag>     <Flag>m20</Flag>     <Flag>m22</Flag>     <Flag>m23</Flag>     <Flag>m
misc_tables.vpp_pc	homies.xtbl	homies.xtbl	m22	tor>    <Blocked_for_Mission>     <Flag>m22</Flag>     <Flag>m23</Flag>     <Flag>m
misc_tables.vpp_pc	homies.xtbl	homies.xtbl	m22	h04</Flag>    <Flag>m21</Flag>    <Flag>m22</Flag>    <Flag>m23</Flag>    <Flag>m24
misc_tables.vpp_pc	homies.xtbl	homies.xtbl	m23	7</Flag>     <Flag>m22</Flag>     <Flag>m23</Flag>     <Flag>m24</Flag>     <Flag>m
misc_tables.vpp_pc	homies.xtbl	homies.xtbl	m23	1</Flag>     <Flag>m22</Flag>     <Flag>m23</Flag>     <Flag>m24</Flag>     </Block
misc_tables.vpp_pc	homies.xtbl	homies.xtbl	m23	0</Flag>     <Flag>m22</Flag>     <Flag>m23</Flag>     <Flag>m24</Flag>     <Flag>m
misc_tables.vpp_pc	homies.xtbl	homies.xtbl	m23	Mission>     <Flag>m22</Flag>     <Flag>m23</Flag>     <Flag>m24</Flag>     </Block
misc_tables.vpp_pc	homies.xtbl	homies.xtbl	m23	m21</Flag>    <Flag>m22</Flag>    <Flag>m23</Flag>    <Flag>m24</Flag>    <Flag>mm_
misc_tables.vpp_pc	homies.xtbl	homies.xtbl	m24	2</Flag>     <Flag>m23</Flag>     <Flag>m24</Flag>     <Flag>mm_m16_5</Flag>     <F
misc_tables.vpp_pc	homies.xtbl	homies.xtbl	m24	2</Flag>     <Flag>m23</Flag>     <Flag>m24</Flag>     </Blocked_for_Mission>    <D
misc_tables.vpp_pc	homies.xtbl	homies.xtbl	m24	2</Flag>     <Flag>m23</Flag>     <Flag>m24</Flag>     <Flag>m18</Flag>     </Block
misc_tables.vpp_pc	homies.xtbl	homies.xtbl	m24	2</Flag>     <Flag>m23</Flag>     <Flag>m24</Flag>     </Blocked_for_Mission>    <D
misc_tables.vpp_pc	homies.xtbl	homies.xtbl	m24	m22</Flag>    <Flag>m23</Flag>    <Flag>m24</Flag>    <Flag>mm_m16_5</Flag>    </El
misc_tables.vpp_pc	homies.xtbl	homies.xtbl	mm_m16_5	3</Flag>     <Flag>m24</Flag>     <Flag>mm_m16_5</Flag>     <Flag>m04</Flag>     </Block
misc_tables.vpp_pc	homies.xtbl	homies.xtbl	mm_m16_5	m23</Flag>    <Flag>m24</Flag>    <Flag>mm_m16_5</Flag>    </Element>   <Single_Line_XML
misc_tables.vpp_pc	homies.xtbl	homies.xtbl	mm_p_01	4</Flag>     <Flag>m05</Flag>     <Flag>mm_p_01</Flag>     <Flag>mm_p_02</Flag>     <Fl
misc_tables.vpp_pc	homies.xtbl	homies.xtbl	mm_p_01	m04</Flag>    <Flag>m05</Flag>    <Flag>mm_p_01</Flag>    <Flag>mm_p_02</Flag>    <Flag
misc_tables.vpp_pc	homies.xtbl	homies.xtbl	mm_p_02	lag>     <Flag>mm_p_01</Flag>     <Flag>mm_p_02</Flag>     <Flag>mm_p_03</Flag>     <Fl
misc_tables.vpp_pc	homies.xtbl	homies.xtbl	mm_p_02	/Flag>    <Flag>mm_p_01</Flag>    <Flag>mm_p_02</Flag>    <Flag>mm_p_03</Flag>    <Flag
misc_tables.vpp_pc	homies.xtbl	homies.xtbl	mm_p_03	lag>     <Flag>mm_p_02</Flag>     <Flag>mm_p_03</Flag>     <Flag>mm_p_04</Flag>     <Fl
misc_tables.vpp_pc	homies.xtbl	homies.xtbl	mm_p_03	/Flag>    <Flag>mm_p_02</Flag>    <Flag>mm_p_03</Flag>    <Flag>mm_p_04</Flag>    <Flag
misc_tables.vpp_pc	homies.xtbl	homies.xtbl	mm_p_04	lag>     <Flag>mm_p_03</Flag>     <Flag>mm_p_04</Flag>     <Flag>mm_p_05</Flag>     <Fl
misc_tables.vpp_pc	homies.xtbl	homies.xtbl	mm_p_04	/Flag>    <Flag>mm_p_03</Flag>    <Flag>mm_p_04</Flag>    <Flag>mm_p_05</Flag>    <Flag
misc_tables.vpp_pc	homies.xtbl	homies.xtbl	mm_p_05	lag>     <Flag>mm_p_04</Flag>     <Flag>mm_p_05</Flag>     <Flag>mm_p_06</Flag>     <Fl
misc_tables.vpp_pc	homies.xtbl	homies.xtbl	mm_p_05	/Flag>    <Flag>mm_p_04</Flag>    <Flag>mm_p_05</Flag>    <Flag>mm_p_06</Flag>    <Flag
misc_tables.vpp_pc	homies.xtbl	homies.xtbl	mm_p_06	lag>     <Flag>mm_p_05</Flag>     <Flag>mm_p_06</Flag>     <Flag>sh01</Flag>     <Flag>
misc_tables.vpp_pc	homies.xtbl	homies.xtbl	mm_p_06	/Flag>    <Flag>mm_p_05</Flag>    <Flag>mm_p_06</Flag>    <Flag>mm_p_07</Flag>    <Flag
misc_tables.vpp_pc	homies.xtbl	homies.xtbl	mm_p_07	/Flag>    <Flag>mm_p_06</Flag>    <Flag>mm_p_07</Flag>    <Flag>sh01</Flag>    <Flag>m0
misc_tables.vpp_pc	homies.xtbl	homies.xtbl	sh01	lag>     <Flag>mm_p_06</Flag>     <Flag>sh01</Flag>     <Flag>m06</Flag>     <Flag>m
misc_tables.vpp_pc	homies.xtbl	homies.xtbl	sh01	Mission>     <Flag>m05</Flag>     <Flag>sh01</Flag>     <Flag>m06</Flag>     <Flag>m
misc_tables.vpp_pc	homies.xtbl	homies.xtbl	sh01	/Flag>    <Flag>mm_p_07</Flag>    <Flag>sh01</Flag>    <Flag>m06</Flag>    <Flag>m07
misc_tables.vpp_pc	homies.xtbl	homies.xtbl	sh02	Mission>     <Flag>m08</Flag>     <Flag>sh02</Flag>     <Flag>m09</Flag>     </Block
misc_tables.vpp_pc	homies.xtbl	homies.xtbl	sh02	m07</Flag>    <Flag>m08</Flag>    <Flag>sh02</Flag>    <Flag>m09</Flag>    <Flag>m10
misc_tables.vpp_pc	homies.xtbl	homies.xtbl	sh03	4</Flag>     <Flag>m15</Flag>     <Flag>sh03</Flag>     </Blocked_for_Mission>    <D
misc_tables.vpp_pc	homies.xtbl	homies.xtbl	sh03	m14</Flag>    <Flag>m15</Flag>    <Flag>sh03</Flag>    <Flag>m16</Flag>    <Flag>m17
misc_tables.vpp_pc	homies.xtbl	homies.xtbl	sh04	Mission>     <Flag>m20</Flag>     <Flag>sh04</Flag>     <Flag>m21</Flag>     <Flag>m
misc_tables.vpp_pc	homies.xtbl	homies.xtbl	sh04	Mission>     <Flag>m20</Flag>     <Flag>sh04</Flag>     <Flag>m21</Flag>     <Flag>m
misc_tables.vpp_pc	homies.xtbl	homies.xtbl	sh04	m19</Flag>    <Flag>m20</Flag>    <Flag>sh04</Flag>    <Flag>m21</Flag>    <Flag>m22
misc_tables.vpp_pc	items_3d.xtbl	items_3d.xtbl	m02	Flag></Item_Flags></Item>   <Item><Name>m02_plane_door</Name><streaming_category>Ch
misc_tables.vpp_pc	items_3d.xtbl	items_3d.xtbl	m02	haracter_mesh><character_mesh><Filename>m02_plane_door.cmeshx</Filename></character
misc_tables.vpp_pc	items_3d.xtbl	items_3d.xtbl	m02	ilename></character_mesh><rig><Filename>m02_plane_door.rigx</Filename></rig><Anim_s
misc_tables.vpp_pc	items_3d.xtbl	items_3d.xtbl	m16	ry><Props></Props></Item>   <Item><Name>m16_clip</Name><Mesh><Filename>p_m32mag.sme
misc_tables.vpp_pc	killbane.xtbl	killbane.xtbl	m21	lename></Animation></State>  <State><ID>m21 cheat 1</ID><Animation><Filename>m21_ch
misc_tables.vpp_pc	killbane.xtbl	killbane.xtbl	m21	ID>m21 cheat 1</ID><Animation><Filename>m21_cheat_1_b.animx</Filename></Animation><
misc_tables.vpp_pc	killbane.xtbl	killbane.xtbl	m21	lename></Animation></State>  <State><ID>m21 cheat 2</ID><Animation><Filename>m21_ch
misc_tables.vpp_pc	killbane.xtbl	killbane.xtbl	m21	ID>m21 cheat 2</ID><Animation><Filename>m21_cheat_2_b.animx</Filename></Animation><
misc_tables.vpp_pc	killbane.xtbl	killbane.xtbl	m21	name></Animation></Action>  <Action><ID>m21 wrestle sequence 1 b</ID><Animation><Fi
misc_tables.vpp_pc	killbane.xtbl	killbane.xtbl	m21	e sequence 1 b</ID><Animation><Filename>m21_wrestle_seq_1_b.animx</Filename></Anima
misc_tables.vpp_pc	killbane.xtbl	killbane.xtbl	m21	name></Animation></Action>  <Action><ID>m21 wrestle sequence 2 b</ID><Animation><Fi
misc_tables.vpp_pc	killbane.xtbl	killbane.xtbl	m21	e sequence 2 b</ID><Animation><Filename>m21_wrestle_seq_2_b.animx</Filename></Anima
misc_tables.vpp_pc	killbane.xtbl	killbane.xtbl	m21	name></Animation></Action>  <Action><ID>m21 wrestle sequence 3 b</ID><Animation><Fi
misc_tables.vpp_pc	killbane.xtbl	killbane.xtbl	m21	e sequence 3 b</ID><Animation><Filename>m21_wrestle_seq_3_b.animx</Filename></Anima
misc_tables.vpp_pc	killbane.xtbl	killbane.xtbl	m21	name></Animation></Action>  <Action><ID>m21 wrestle sequence 6 b</ID><Animation><Fi
misc_tables.vpp_pc	killbane.xtbl	killbane.xtbl	m21	e sequence 6 b</ID><Animation><Filename>m21_wrestle_seq_6_b.animx</Filename></Anima
misc_tables.vpp_pc	killbane.xtbl	killbane.xtbl	m21	name></Animation></Action>  <Action><ID>m21 wrestle sequence 9 b</ID><Animation><Fi
misc_tables.vpp_pc	killbane.xtbl	killbane.xtbl	m21	e sequence 9 b</ID><Animation><Filename>m21_wrestle_seq_9_b.animx</Filename></Anima
misc_tables.vpp_pc	killbane.xtbl	killbane.xtbl	m21	name></Animation></Action>  <Action><ID>m21 cheat to tiedup 1</ID><Animation><Filen
misc_tables.vpp_pc	killbane.xtbl	killbane.xtbl	m21	at to tiedup 1</ID><Animation><Filename>m21_cheat_to_tied_1_b.animx</Filename></Ani
misc_tables.vpp_pc	killbane.xtbl	killbane.xtbl	m21	name></Animation></Action>  <Action><ID>m21 cheat to tiedup 2</ID><Animation><Filen
misc_tables.vpp_pc	killbane.xtbl	killbane.xtbl	m21	at to tiedup 2</ID><Animation><Filename>m21_cheat_to_tied_2_b.animx</Filename></Ani
misc_tables.vpp_pc	killbane.xtbl	killbane.xtbl	m21	name></Animation></Action>  <Action><ID>m21 tiedup to cheat 1</ID><Animation><Filen
misc_tables.vpp_pc	killbane.xtbl	killbane.xtbl	m21	dup to cheat 1</ID><Animation><Filename>m21_tied_to_cheat_1_b.animx</Filename></Ani
misc_tables.vpp_pc	killbane.xtbl	killbane.xtbl	m21	name></Animation></Action>  <Action><ID>m21 tiedup to cheat 2</ID><Animation><Filen
misc_tables.vpp_pc	killbane.xtbl	killbane.xtbl	m21	dup to cheat 2</ID><Animation><Filename>m21_tied_to_cheat_2_b.animx</Filename></Ani
misc_tables.vpp_pc	killbane.xtbl	killbane.xtbl	m21	name></Animation></Action>  <Action><ID>m21 wrestle sequence 1 a</ID><Animation><Fi
misc_tables.vpp_pc	killbane.xtbl	killbane.xtbl	m21	e sequence 1 a</ID><Animation><Filename>m21_wrestle_seq_1_a.animx</Filename></Anima
misc_tables.vpp_pc	killbane.xtbl	killbane.xtbl	m21	name></Animation></Action>  <Action><ID>m21 wrestle sequence 2 a</ID><Animation><Fi
misc_tables.vpp_pc	killbane.xtbl	killbane.xtbl	m21	e sequence 2 a</ID><Animation><Filename>m21_wrestle_seq_2_a.animx</Filename></Anima
misc_tables.vpp_pc	killbane.xtbl	killbane.xtbl	m21	name></Animation></Action>  <Action><ID>m21 wrestle sequence 3 a</ID><Animation><Fi
misc_tables.vpp_pc	killbane.xtbl	killbane.xtbl	m21	e sequence 3 a</ID><Animation><Filename>m21_wrestle_seq_3_a.animx</Filename></Anima
misc_tables.vpp_pc	killbane.xtbl	killbane.xtbl	m21	name></Animation></Action>  <Action><ID>m21 wrestle sequence 6 a</ID><Animation><Fi
misc_tables.vpp_pc	killbane.xtbl	killbane.xtbl	m21	e sequence 6 a</ID><Animation><Filename>m21_wrestle_seq_6_a.animx</Filename></Anima
misc_tables.vpp_pc	killbane.xtbl	killbane.xtbl	m21	name></Animation></Action>  <Action><ID>m21 wrestle sequence 9 a</ID><Animation><Fi
misc_tables.vpp_pc	killbane.xtbl	killbane.xtbl	m21	e sequence 9 a</ID><Animation><Filename>m21_wrestle_seq_9_a.animx</Filename></Anima
misc_tables.vpp_pc	killbane.xtbl	killbane.xtbl	m24	lename></Animation></State>  <State><ID>m24 on ground</ID><Animation><Filename>kban
misc_tables.vpp_pc	mission_checkpoints.xtbl	mission_checkpoints.xtbl	m01	<Table>   <MissionCheckpoints>    <Name>m01-01</Name>    <MissionName>m01</MissionN
misc_tables.vpp_pc	mission_checkpoints.xtbl	mission_checkpoints.xtbl	m01	    <Name>m01-01</Name>    <MissionName>m01</MissionName>    <_Editor>     <Categor
misc_tables.vpp_pc	mission_checkpoints.xtbl	mission_checkpoints.xtbl	m01	ame>    <_Editor>     <Category>Entries:m01</Category>     </_Editor>    <Index>1</
misc_tables.vpp_pc	mission_checkpoints.xtbl	mission_checkpoints.xtbl	m01	    <Index>1</Index>    <CheckpointName>m01_checkpoint_plant_bombs</CheckpointName>
misc_tables.vpp_pc	mission_checkpoints.xtbl	mission_checkpoints.xtbl	m01	points>   <MissionCheckpoints>    <Name>m01-02</Name>    <MissionName>m01</MissionN
misc_tables.vpp_pc	mission_checkpoints.xtbl	mission_checkpoints.xtbl	m01	    <Name>m01-02</Name>    <MissionName>m01</MissionName>    <_Editor>     <Categor
misc_tables.vpp_pc	mission_checkpoints.xtbl	mission_checkpoints.xtbl	m01	ame>    <_Editor>     <Category>Entries:m01</Category>     </_Editor>    <Index>2</
misc_tables.vpp_pc	mission_checkpoints.xtbl	mission_checkpoints.xtbl	m01	    <Index>2</Index>    <CheckpointName>m01_checkpoint_survive</CheckpointName>    
misc_tables.vpp_pc	mission_checkpoints.xtbl	mission_checkpoints.xtbl	m01	points>   <MissionCheckpoints>    <Name>m01-03</Name>    <Index>3</Index>    <Missi
misc_tables.vpp_pc	mission_checkpoints.xtbl	mission_checkpoints.xtbl	m01	me>    <Index>3</Index>    <MissionName>m01</MissionName>    <_Editor>     <Categor
misc_tables.vpp_pc	mission_checkpoints.xtbl	mission_checkpoints.xtbl	m01	ame>    <_Editor>     <Category>Entries:m01</Category>     </_Editor>    <Checkpoin
misc_tables.vpp_pc	mission_checkpoints.xtbl	mission_checkpoints.xtbl	m01	gory>     </_Editor>    <CheckpointName>m01_checkpoint_ride_vault</CheckpointName> 
misc_tables.vpp_pc	mission_checkpoints.xtbl	mission_checkpoints.xtbl	m01	points>   <MissionCheckpoints>    <Name>m01-04</Name>    <Index>4</Index>    <Missi
misc_tables.vpp_pc	mission_checkpoints.xtbl	mission_checkpoints.xtbl	m01	me>    <Index>4</Index>    <MissionName>m01</MissionName>    <CheckpointName>m01_ju
misc_tables.vpp_pc	mission_checkpoints.xtbl	mission_checkpoints.xtbl	m01	me>m01</MissionName>    <CheckpointName>m01_just_swap</CheckpointName>    <_Editor>
misc_tables.vpp_pc	mission_checkpoints.xtbl	mission_checkpoints.xtbl	m01	ame>    <_Editor>     <Category>Entries:m01</Category>     </_Editor>    <Debug>Tru
misc_tables.vpp_pc	mission_checkpoints.xtbl	mission_checkpoints.xtbl	m01	>Entries</Name>    <Category>     <Name>m01</Name>     </Category>    <Category>   
misc_tables.vpp_pc	mission_checkpoints.xtbl	mission_checkpoints.xtbl	m02	points>   <MissionCheckpoints>    <Name>m02-01</Name>    <Index>1</Index>    <Missi
misc_tables.vpp_pc	mission_checkpoints.xtbl	mission_checkpoints.xtbl	m02	me>    <Index>1</Index>    <MissionName>m02</MissionName>    <CheckpointName>m02_ch
misc_tables.vpp_pc	mission_checkpoints.xtbl	mission_checkpoints.xtbl	m02	me>m02</MissionName>    <CheckpointName>m02_checkpoint_free_fall</CheckpointName>  
misc_tables.vpp_pc	mission_checkpoints.xtbl	mission_checkpoints.xtbl	m02	ame>    <_Editor>     <Category>Entries:m02</Category>     </_Editor>    <Debug>Fal
misc_tables.vpp_pc	mission_checkpoints.xtbl	mission_checkpoints.xtbl	m02	points>   <MissionCheckpoints>    <Name>m02-02</Name>    <Index>2</Index>    <Missi
misc_tables.vpp_pc	mission_checkpoints.xtbl	mission_checkpoints.xtbl	m02	me>    <Index>2</Index>    <MissionName>m02</MissionName>    <CheckpointName>m02_ch
misc_tables.vpp_pc	mission_checkpoints.xtbl	mission_checkpoints.xtbl	m02	me>m02</MissionName>    <CheckpointName>m02_checkpoint_final_dive</CheckpointName> 
misc_tables.vpp_pc	mission_checkpoints.xtbl	mission_checkpoints.xtbl	m02	ame>    <_Editor>     <Category>Entries:m02</Category>     </_Editor>    <Debug>Fal
misc_tables.vpp_pc	mission_checkpoints.xtbl	mission_checkpoints.xtbl	m02	points>   <MissionCheckpoints>    <Name>m02-03</Name>    <Index>3</Index>    <Missi
misc_tables.vpp_pc	mission_checkpoints.xtbl	mission_checkpoints.xtbl	m02	me>    <Index>3</Index>    <MissionName>m02</MissionName>    <CheckpointName>m02_de
misc_tables.vpp_pc	mission_checkpoints.xtbl	mission_checkpoints.xtbl	m02	me>m02</MissionName>    <CheckpointName>m02_debug_checkpoint_first_dive</Checkpoint
misc_tables.vpp_pc	mission_checkpoints.xtbl	mission_checkpoints.xtbl	m02	ame>    <_Editor>     <Category>Entries:m02</Category>     </_Editor>    <Debug>Tru
misc_tables.vpp_pc	mission_checkpoints.xtbl	mission_checkpoints.xtbl	m02	points>   <MissionCheckpoints>    <Name>m02-04</Name>    <Index>4</Index>    <Missi
misc_tables.vpp_pc	mission_checkpoints.xtbl	mission_checkpoints.xtbl	m02	me>    <Index>4</Index>    <MissionName>m02</MissionName>    <CheckpointName>m02_de
misc_tables.vpp_pc	mission_checkpoints.xtbl	mission_checkpoints.xtbl	m02	me>m02</MissionName>    <CheckpointName>m02_debug_checkpoint_final_qte</CheckpointN
misc_tables.vpp_pc	mission_checkpoints.xtbl	mission_checkpoints.xtbl	m02	ame>    <_Editor>     <Category>Entries:m02</Category>     </_Editor>    <Debug>Tru
misc_tables.vpp_pc	mission_checkpoints.xtbl	mission_checkpoints.xtbl	m02	    </Category>    <Category>     <Name>m02</Name>     </Category>    <Category>   
misc_tables.vpp_pc	mission_checkpoints.xtbl	mission_checkpoints.xtbl	m03	points>   <MissionCheckpoints>    <Name>m03-01</Name>    <Index>1</Index>    <Missi
misc_tables.vpp_pc	mission_checkpoints.xtbl	mission_checkpoints.xtbl	m03	me>    <Index>1</Index>    <MissionName>m03</MissionName>    <CheckpointName>get th
misc_tables.vpp_pc	mission_checkpoints.xtbl	mission_checkpoints.xtbl	m03	ame>    <_Editor>     <Category>Entries:m03</Category>     </_Editor>    <Debug>Fal
misc_tables.vpp_pc	mission_checkpoints.xtbl	mission_checkpoints.xtbl	m03	points>   <MissionCheckpoints>    <Name>m03-02</Name>    <Index>2</Index>    <Missi
misc_tables.vpp_pc	mission_checkpoints.xtbl	mission_checkpoints.xtbl	m03	me>    <Index>2</Index>    <MissionName>m03</MissionName>    <CheckpointName>hold y
misc_tables.vpp_pc	mission_checkpoints.xtbl	mission_checkpoints.xtbl	m03	ame>    <_Editor>     <Category>Entries:m03</Category>     </_Editor>    <Debug>Fal
misc_tables.vpp_pc	mission_checkpoints.xtbl	mission_checkpoints.xtbl	m03	points>   <MissionCheckpoints>    <Name>m03-03</Name>    <Index>3</Index>    <Missi
misc_tables.vpp_pc	mission_checkpoints.xtbl	mission_checkpoints.xtbl	m03	me>    <Index>3</Index>    <MissionName>m03</MissionName>    <CheckpointName>protec
misc_tables.vpp_pc	mission_checkpoints.xtbl	mission_checkpoints.xtbl	m03	ame>    <_Editor>     <Category>Entries:m03</Category>     </_Editor>    <Debug>Fal
misc_tables.vpp_pc	mission_checkpoints.xtbl	mission_checkpoints.xtbl	m03	points>   <MissionCheckpoints>    <Name>m03-04</Name>    <Index>4</Index>    <Missi
misc_tables.vpp_pc	mission_checkpoints.xtbl	mission_checkpoints.xtbl	m03	me>    <Index>4</Index>    <MissionName>m03</MissionName>    <CheckpointName>helico
misc_tables.vpp_pc	mission_checkpoints.xtbl	mission_checkpoints.xtbl	m03	ame>    <_Editor>     <Category>Entries:m03</Category>     </_Editor>    <Debug>Fal
misc_tables.vpp_pc	mission_checkpoints.xtbl	mission_checkpoints.xtbl	m03	    </Category>    <Category>     <Name>m03</Name>     </Category>    <Category>   
misc_tables.vpp_pc	mission_checkpoints.xtbl	mission_checkpoints.xtbl	m04	points>   <MissionCheckpoints>    <Name>m04-01</Name>    <Index>1</Index>    <Missi
misc_tables.vpp_pc	mission_checkpoints.xtbl	mission_checkpoints.xtbl	m04	me>    <Index>1</Index>    <MissionName>m04</MissionName>    <CheckpointName>m04_ch
misc_tables.vpp_pc	mission_checkpoints.xtbl	mission_checkpoints.xtbl	m04	me>m04</MissionName>    <CheckpointName>m04_checkpoint_clothes_tutorial</Checkpoint
misc_tables.vpp_pc	mission_checkpoints.xtbl	mission_checkpoints.xtbl	m04	ame>    <_Editor>     <Category>Entries:m04</Category>     </_Editor>    <Debug>Fal
misc_tables.vpp_pc	mission_checkpoints.xtbl	mission_checkpoints.xtbl	m04	points>   <MissionCheckpoints>    <Name>m04-02</Name>    <Index>2</Index>    <Missi
misc_tables.vpp_pc	mission_checkpoints.xtbl	mission_checkpoints.xtbl	m04	me>    <Index>2</Index>    <MissionName>m04</MissionName>    <CheckpointName>m04_ch
misc_tables.vpp_pc	mission_checkpoints.xtbl	mission_checkpoints.xtbl	m04	me>m04</MissionName>    <CheckpointName>m04_checkpoint_brute_fight</CheckpointName>
misc_tables.vpp_pc	mission_checkpoints.xtbl	mission_checkpoints.xtbl	m04	ame>    <_Editor>     <Category>Entries:m04</Category>     </_Editor>    <Debug>Fal
misc_tables.vpp_pc	mission_checkpoints.xtbl	mission_checkpoints.xtbl	m04	points>   <MissionCheckpoints>    <Name>m04-03</Name>    <Index>3</Index>    <Missi
misc_tables.vpp_pc	mission_checkpoints.xtbl	mission_checkpoints.xtbl	m04	me>    <Index>3</Index>    <MissionName>m04</MissionName>    <CheckpointName>m04_ch
misc_tables.vpp_pc	mission_checkpoints.xtbl	mission_checkpoints.xtbl	m04	me>m04</MissionName>    <CheckpointName>m04_checkpoint_notoriety_reduction</Checkpo
misc_tables.vpp_pc	mission_checkpoints.xtbl	mission_checkpoints.xtbl	m04	ame>    <_Editor>     <Category>Entries:m04</Category>     </_Editor>    <Debug>Fal
misc_tables.vpp_pc	mission_checkpoints.xtbl	mission_checkpoints.xtbl	m04	    </Category>    <Category>     <Name>m04</Name>     </Category>    <Category>   
misc_tables.vpp_pc	mission_checkpoints.xtbl	mission_checkpoints.xtbl	m05	points>   <MissionCheckpoints>    <Name>m05-01</Name>    <Index>1</Index>    <Missi
misc_tables.vpp_pc	mission_checkpoints.xtbl	mission_checkpoints.xtbl	m05	me>    <Index>1</Index>    <MissionName>m05</MissionName>    <CheckpointName>m05_cp
misc_tables.vpp_pc	mission_checkpoints.xtbl	mission_checkpoints.xtbl	m05	me>m05</MissionName>    <CheckpointName>m05_cp_saints</CheckpointName>    <_Editor>
misc_tables.vpp_pc	mission_checkpoints.xtbl	mission_checkpoints.xtbl	m05	ame>    <_Editor>     <Category>Entries:m05</Category>     </_Editor>    <Debug>Fal
misc_tables.vpp_pc	mission_checkpoints.xtbl	mission_checkpoints.xtbl	m05	points>   <MissionCheckpoints>    <Name>m05-02</Name>    <Index>2</Index>    <Missi
misc_tables.vpp_pc	mission_checkpoints.xtbl	mission_checkpoints.xtbl	m05	me>    <Index>2</Index>    <MissionName>m05</MissionName>    <CheckpointName>m05_cp
misc_tables.vpp_pc	mission_checkpoints.xtbl	mission_checkpoints.xtbl	m05	me>m05</MissionName>    <CheckpointName>m05_cp_chase</CheckpointName>    <_Editor> 
misc_tables.vpp_pc	mission_checkpoints.xtbl	mission_checkpoints.xtbl	m05	ame>    <_Editor>     <Category>Entries:m05</Category>     </_Editor>    <Debug>Fal
misc_tables.vpp_pc	mission_checkpoints.xtbl	mission_checkpoints.xtbl	m05	    </Category>    <Category>     <Name>m05</Name>     </Category>    <Category>   
misc_tables.vpp_pc	mission_checkpoints.xtbl	mission_checkpoints.xtbl	m06	points>   <MissionCheckpoints>    <Name>m06-01</Name>    <Index>1</Index>    <Missi
misc_tables.vpp_pc	mission_checkpoints.xtbl	mission_checkpoints.xtbl	m06	me>    <Index>1</Index>    <MissionName>m06</MissionName>    <CheckpointName>m06_do
misc_tables.vpp_pc	mission_checkpoints.xtbl	mission_checkpoints.xtbl	m06	me>m06</MissionName>    <CheckpointName>m06_dock</CheckpointName>    <_Editor>     
misc_tables.vpp_pc	mission_checkpoints.xtbl	mission_checkpoints.xtbl	m06	ame>    <_Editor>     <Category>Entries:m06</Category>     </_Editor>    <Debug>Fal
misc_tables.vpp_pc	mission_checkpoints.xtbl	mission_checkpoints.xtbl	m06	points>   <MissionCheckpoints>    <Name>m06-02</Name>    <Index>2</Index>    <Missi
misc_tables.vpp_pc	mission_checkpoints.xtbl	mission_checkpoints.xtbl	m06	me>    <Index>2</Index>    <MissionName>m06</MissionName>    <CheckpointName>m06_fa
misc_tables.vpp_pc	mission_checkpoints.xtbl	mission_checkpoints.xtbl	m06	me>m06</MissionName>    <CheckpointName>m06_factory</CheckpointName>    <_Editor>  
misc_tables.vpp_pc	mission_checkpoints.xtbl	mission_checkpoints.xtbl	m06	ame>    <_Editor>     <Category>Entries:m06</Category>     </_Editor>    <Debug>Fal
misc_tables.vpp_pc	mission_checkpoints.xtbl	mission_checkpoints.xtbl	m06	points>   <MissionCheckpoints>    <Name>m06-03</Name>    <Index>3</Index>    <Missi
misc_tables.vpp_pc	mission_checkpoints.xtbl	mission_checkpoints.xtbl	m06	me>    <Index>3</Index>    <MissionName>m06</MissionName>    <CheckpointName>m06_br
misc_tables.vpp_pc	mission_checkpoints.xtbl	mission_checkpoints.xtbl	m06	me>m06</MissionName>    <CheckpointName>m06_brute_killed</CheckpointName>    <_Edit
misc_tables.vpp_pc	mission_checkpoints.xtbl	mission_checkpoints.xtbl	m06	ame>    <_Editor>     <Category>Entries:m06</Category>     </_Editor>    <Debug>Fal
misc_tables.vpp_pc	mission_checkpoints.xtbl	mission_checkpoints.xtbl	m06	points>   <MissionCheckpoints>    <Name>m06-04</Name>    <Index>4</Index>    <Missi
misc_tables.vpp_pc	mission_checkpoints.xtbl	mission_checkpoints.xtbl	m06	me>    <Index>4</Index>    <MissionName>m06</MissionName>    <CheckpointName>m06_ch
misc_tables.vpp_pc	mission_checkpoints.xtbl	mission_checkpoints.xtbl	m06	me>m06</MissionName>    <CheckpointName>m06_checkpoint_ball_drop</CheckpointName>  
misc_tables.vpp_pc	mission_checkpoints.xtbl	mission_checkpoints.xtbl	m06	ame>    <_Editor>     <Category>Entries:m06</Category>     </_Editor>    <Debug>Fal
misc_tables.vpp_pc	mission_checkpoints.xtbl	mission_checkpoints.xtbl	m06	    </Category>    <Category>     <Name>m06</Name>     </Category>    <Category>   
misc_tables.vpp_pc	mission_checkpoints.xtbl	mission_checkpoints.xtbl	m07	points>   <MissionCheckpoints>    <Name>m07-01</Name>    <Index>1</Index>    <Missi
misc_tables.vpp_pc	mission_checkpoints.xtbl	mission_checkpoints.xtbl	m07	me>    <Index>1</Index>    <MissionName>m07</MissionName>    <CheckpointName>barge<
misc_tables.vpp_pc	mission_checkpoints.xtbl	mission_checkpoints.xtbl	m07	ame>    <_Editor>     <Category>Entries:m07</Category>     </_Editor>    <Debug>Fal
misc_tables.vpp_pc	mission_checkpoints.xtbl	mission_checkpoints.xtbl	m07	points>   <MissionCheckpoints>    <Name>m07-02</Name>    <Index>2</Index>    <Missi
misc_tables.vpp_pc	mission_checkpoints.xtbl	mission_checkpoints.xtbl	m07	me>    <Index>2</Index>    <MissionName>m07</MissionName>    <CheckpointName>zimos 
misc_tables.vpp_pc	mission_checkpoints.xtbl	mission_checkpoints.xtbl	m07	ame>    <_Editor>     <Category>Entries:m07</Category>     </_Editor>    <Debug>Fal
misc_tables.vpp_pc	mission_checkpoints.xtbl	mission_checkpoints.xtbl	m07	points>   <MissionCheckpoints>    <Name>m07-03</Name>    <Index>3</Index>    <Missi
misc_tables.vpp_pc	mission_checkpoints.xtbl	mission_checkpoints.xtbl	m07	me>    <Index>3</Index>    <MissionName>m07</MissionName>    <CheckpointName>zimos 
misc_tables.vpp_pc	mission_checkpoints.xtbl	mission_checkpoints.xtbl	m07	ame>    <_Editor>     <Category>Entries:m07</Category>     </_Editor>    <Debug>Fal
misc_tables.vpp_pc	mission_checkpoints.xtbl	mission_checkpoints.xtbl	m07	points>   <MissionCheckpoints>    <Name>m07-04</Name>    <Index>4</Index>    <Missi
misc_tables.vpp_pc	mission_checkpoints.xtbl	mission_checkpoints.xtbl	m07	me>    <Index>4</Index>    <MissionName>m07</MissionName>    <CheckpointName>angel<
misc_tables.vpp_pc	mission_checkpoints.xtbl	mission_checkpoints.xtbl	m07	ame>    <_Editor>     <Category>Entries:m07</Category>     </_Editor>    <Debug>Fal
misc_tables.vpp_pc	mission_checkpoints.xtbl	mission_checkpoints.xtbl	m07	points>   <MissionCheckpoints>    <Name>m07-05</Name>    <Index>5</Index>    <Missi
misc_tables.vpp_pc	mission_checkpoints.xtbl	mission_checkpoints.xtbl	m07	me>    <Index>5</Index>    <MissionName>m07</MissionName>    <CheckpointName>brute<
misc_tables.vpp_pc	mission_checkpoints.xtbl	mission_checkpoints.xtbl	m07	ame>    <_Editor>     <Category>Entries:m07</Category>     </_Editor>    <Debug>Fal
misc_tables.vpp_pc	mission_checkpoints.xtbl	mission_checkpoints.xtbl	m07	points>   <MissionCheckpoints>    <Name>m07-06</Name>    <Index>6</Index>    <Missi
misc_tables.vpp_pc	mission_checkpoints.xtbl	mission_checkpoints.xtbl	m07	me>    <Index>6</Index>    <MissionName>m07</MissionName>    <CheckpointName>defens
misc_tables.vpp_pc	mission_checkpoints.xtbl	mission_checkpoints.xtbl	m07	ame>    <_Editor>     <Category>Entries:m07</Category>     </_Editor>    <Debug>Fal
misc_tables.vpp_pc	mission_checkpoints.xtbl	mission_checkpoints.xtbl	m07	    </Category>    <Category>     <Name>m07</Name>     </Category>    <Category>   
misc_tables.vpp_pc	mission_checkpoints.xtbl	mission_checkpoints.xtbl	m08	points>   <MissionCheckpoints>    <Name>m08-01</Name>    <Index>1</Index>    <Missi
misc_tables.vpp_pc	mission_checkpoints.xtbl	mission_checkpoints.xtbl	m08	me>    <Index>1</Index>    <MissionName>m08</MissionName>    <CheckpointName>sniper
misc_tables.vpp_pc	mission_checkpoints.xtbl	mission_checkpoints.xtbl	m08	ame>    <_Editor>     <Category>Entries:m08</Category>     </_Editor>    <Debug>Fal
misc_tables.vpp_pc	mission_checkpoints.xtbl	mission_checkpoints.xtbl	m08	points>   <MissionCheckpoints>    <Name>m08-02</Name>    <Index>2</Index>    <Missi
misc_tables.vpp_pc	mission_checkpoints.xtbl	mission_checkpoints.xtbl	m08	me>    <Index>2</Index>    <MissionName>m08</MissionName>    <CheckpointName>power<
misc_tables.vpp_pc	mission_checkpoints.xtbl	mission_checkpoints.xtbl	m08	ame>    <_Editor>     <Category>Entries:m08</Category>     </_Editor>    <Debug>Fal
misc_tables.vpp_pc	mission_checkpoints.xtbl	mission_checkpoints.xtbl	m08	points>   <MissionCheckpoints>    <Name>m08-03</Name>    <Index>3</Index>    <Missi
misc_tables.vpp_pc	mission_checkpoints.xtbl	mission_checkpoints.xtbl	m08	me>    <Index>3</Index>    <MissionName>m08</MissionName>    <CheckpointName>heli</
misc_tables.vpp_pc	mission_checkpoints.xtbl	mission_checkpoints.xtbl	m08	ame>    <_Editor>     <Category>Entries:m08</Category>     </_Editor>    <Debug>Fal
misc_tables.vpp_pc	mission_checkpoints.xtbl	mission_checkpoints.xtbl	m08	    </Category>    <Category>     <Name>m08</Name>     </Category>    <Category>   
misc_tables.vpp_pc	mission_checkpoints.xtbl	mission_checkpoints.xtbl	m09	points>   <MissionCheckpoints>    <Name>m09-01</Name>    <Index>1</Index>    <Missi
misc_tables.vpp_pc	mission_checkpoints.xtbl	mission_checkpoints.xtbl	m09	me>    <Index>1</Index>    <MissionName>m09</MissionName>    <CheckpointName>m09_ch
misc_tables.vpp_pc	mission_checkpoints.xtbl	mission_checkpoints.xtbl	m09	me>m09</MissionName>    <CheckpointName>m09_checkpoint_gangway</CheckpointName>    
misc_tables.vpp_pc	mission_checkpoints.xtbl	mission_checkpoints.xtbl	m09	ame>    <_Editor>     <Category>Entries:m09</Category>     </_Editor>    <Debug>Fal
misc_tables.vpp_pc	mission_checkpoints.xtbl	mission_checkpoints.xtbl	m09	points>   <MissionCheckpoints>    <Name>m09-02</Name>    <Index>2</Index>    <Missi
misc_tables.vpp_pc	mission_checkpoints.xtbl	mission_checkpoints.xtbl	m09	me>    <Index>2</Index>    <MissionName>m09</MissionName>    <CheckpointName>m09_ch
misc_tables.vpp_pc	mission_checkpoints.xtbl	mission_checkpoints.xtbl	m09	me>m09</MissionName>    <CheckpointName>m09_checkpoint_defend_girls</CheckpointName
misc_tables.vpp_pc	mission_checkpoints.xtbl	mission_checkpoints.xtbl	m09	ame>    <_Editor>     <Category>Entries:m09</Category>     </_Editor>    <Debug>Fal
misc_tables.vpp_pc	mission_checkpoints.xtbl	mission_checkpoints.xtbl	m09	points>   <MissionCheckpoints>    <Name>m09-03</Name>    <Index>3</Index>    <Missi
misc_tables.vpp_pc	mission_checkpoints.xtbl	mission_checkpoints.xtbl	m09	me>    <Index>3</Index>    <MissionName>m09</MissionName>    <CheckpointName>m09_ch
misc_tables.vpp_pc	mission_checkpoints.xtbl	mission_checkpoints.xtbl	m09	me>m09</MissionName>    <CheckpointName>m09_checkpoint_heli_rail</CheckpointName>  
misc_tables.vpp_pc	mission_checkpoints.xtbl	mission_checkpoints.xtbl	m09	ame>    <_Editor>     <Category>Entries:m09</Category>     </_Editor>    <Debug>Fal
misc_tables.vpp_pc	mission_checkpoints.xtbl	mission_checkpoints.xtbl	m09	points>   <MissionCheckpoints>    <Name>m09-04</Name>    <Index>4</Index>    <Missi
misc_tables.vpp_pc	mission_checkpoints.xtbl	mission_checkpoints.xtbl	m09	me>    <Index>4</Index>    <MissionName>m09</MissionName>    <CheckpointName>m09_ch
misc_tables.vpp_pc	mission_checkpoints.xtbl	mission_checkpoints.xtbl	m09	me>m09</MissionName>    <CheckpointName>m09_checkpoint_truck_route</CheckpointName>
misc_tables.vpp_pc	mission_checkpoints.xtbl	mission_checkpoints.xtbl	m09	ame>    <_Editor>     <Category>Entries:m09</Category>     </_Editor>    <Debug>Fal
misc_tables.vpp_pc	mission_checkpoints.xtbl	mission_checkpoints.xtbl	m09	    </Category>    <Category>     <Name>m09</Name>     </Category>    <Category>   
misc_tables.vpp_pc	mission_checkpoints.xtbl	mission_checkpoints.xtbl	m10	points>   <MissionCheckpoints>    <Name>m10-01</Name>    <Index>1</Index>    <Missi
misc_tables.vpp_pc	mission_checkpoints.xtbl	mission_checkpoints.xtbl	m10	me>    <Index>1</Index>    <MissionName>m10</MissionName>    <CheckpointName>m10_ch
misc_tables.vpp_pc	mission_checkpoints.xtbl	mission_checkpoints.xtbl	m10	me>m10</MissionName>    <CheckpointName>m10_checkpoint_survive</CheckpointName>    
misc_tables.vpp_pc	mission_checkpoints.xtbl	mission_checkpoints.xtbl	m10	ame>    <_Editor>     <Category>Entries:m10</Category>     </_Editor>    <Debug>Fal
misc_tables.vpp_pc	mission_checkpoints.xtbl	mission_checkpoints.xtbl	m10	points>   <MissionCheckpoints>    <Name>m10-02</Name>    <Index>2</Index>    <Missi
misc_tables.vpp_pc	mission_checkpoints.xtbl	mission_checkpoints.xtbl	m10	me>    <Index>2</Index>    <MissionName>m10</MissionName>    <CheckpointName>m10_ch
misc_tables.vpp_pc	mission_checkpoints.xtbl	mission_checkpoints.xtbl	m10	me>m10</MissionName>    <CheckpointName>m10_checkpoint_oleg_to_the_rescue</Checkpoi
misc_tables.vpp_pc	mission_checkpoints.xtbl	mission_checkpoints.xtbl	m10	ame>    <_Editor>     <Category>Entries:m10</Category>     </_Editor>    <Debug>Fal
misc_tables.vpp_pc	mission_checkpoints.xtbl	mission_checkpoints.xtbl	m10	points>   <MissionCheckpoints>    <Name>m10-03</Name>    <Index>3</Index>    <Missi
misc_tables.vpp_pc	mission_checkpoints.xtbl	mission_checkpoints.xtbl	m10	me>    <Index>3</Index>    <MissionName>m10</MissionName>    <CheckpointName>m10_ch
misc_tables.vpp_pc	mission_checkpoints.xtbl	mission_checkpoints.xtbl	m10	me>m10</MissionName>    <CheckpointName>m10_checkpoint_escape_to_hq</CheckpointName
misc_tables.vpp_pc	mission_checkpoints.xtbl	mission_checkpoints.xtbl	m10	ame>    <_Editor>     <Category>Entries:m10</Category>     </_Editor>    <Debug>Fal
misc_tables.vpp_pc	mission_checkpoints.xtbl	mission_checkpoints.xtbl	m10	    </Category>    <Category>     <Name>m10</Name>     </Category>    <Category>   
misc_tables.vpp_pc	mission_checkpoints.xtbl	mission_checkpoints.xtbl	m11	points>   <MissionCheckpoints>    <Name>m11-01</Name>    <Index>1</Index>    <Missi
misc_tables.vpp_pc	mission_checkpoints.xtbl	mission_checkpoints.xtbl	m11	me>    <Index>1</Index>    <MissionName>m11</MissionName>    <CheckpointName>destro
misc_tables.vpp_pc	mission_checkpoints.xtbl	mission_checkpoints.xtbl	m11	ame>    <_Editor>     <Category>Entries:m11</Category>     </_Editor>    <Debug>Fal
misc_tables.vpp_pc	mission_checkpoints.xtbl	mission_checkpoints.xtbl	m11	points>   <MissionCheckpoints>    <Name>m11-02</Name>    <Index>2</Index>    <Missi
misc_tables.vpp_pc	mission_checkpoints.xtbl	mission_checkpoints.xtbl	m11	me>    <Index>2</Index>    <MissionName>m11</MissionName>    <CheckpointName>roadbl
misc_tables.vpp_pc	mission_checkpoints.xtbl	mission_checkpoints.xtbl	m11	ame>    <_Editor>     <Category>Entries:m11</Category>     </_Editor>    <Debug>Fal
misc_tables.vpp_pc	mission_checkpoints.xtbl	mission_checkpoints.xtbl	m11	points>   <MissionCheckpoints>    <Name>m11-03</Name>    <Index>3</Index>    <Missi
misc_tables.vpp_pc	mission_checkpoints.xtbl	mission_checkpoints.xtbl	m11	me>    <Index>3</Index>    <MissionName>m11</MissionName>    <CheckpointName>roadbl
misc_tables.vpp_pc	mission_checkpoints.xtbl	mission_checkpoints.xtbl	m11	ame>    <_Editor>     <Category>Entries:m11</Category>     </_Editor>    <Debug>Fal
misc_tables.vpp_pc	mission_checkpoints.xtbl	mission_checkpoints.xtbl	m11	points>   <MissionCheckpoints>    <Name>m11-04</Name>    <Index>4</Index>    <Missi
misc_tables.vpp_pc	mission_checkpoints.xtbl	mission_checkpoints.xtbl	m11	me>    <Index>4</Index>    <MissionName>m11</MissionName>    <CheckpointName>roadbl
misc_tables.vpp_pc	mission_checkpoints.xtbl	mission_checkpoints.xtbl	m11	ame>    <_Editor>     <Category>Entries:m11</Category>     </_Editor>    <Debug>Fal
misc_tables.vpp_pc	mission_checkpoints.xtbl	mission_checkpoints.xtbl	m11	points>   <MissionCheckpoints>    <Name>m11-05</Name>    <Index>5</Index>    <Missi
misc_tables.vpp_pc	mission_checkpoints.xtbl	mission_checkpoints.xtbl	m11	me>    <Index>5</Index>    <MissionName>m11</MissionName>    <CheckpointName>roadbl
misc_tables.vpp_pc	mission_checkpoints.xtbl	mission_checkpoints.xtbl	m11	ame>    <_Editor>     <Category>Entries:m11</Category>     </_Editor>    <Debug>Fal
misc_tables.vpp_pc	mission_checkpoints.xtbl	mission_checkpoints.xtbl	m11	points>   <MissionCheckpoints>    <Name>m11-06</Name>    <Index>6</Index>    <Missi
misc_tables.vpp_pc	mission_checkpoints.xtbl	mission_checkpoints.xtbl	m11	me>    <Index>6</Index>    <MissionName>m11</MissionName>    <CheckpointName>roadbl
misc_tables.vpp_pc	mission_checkpoints.xtbl	mission_checkpoints.xtbl	m11	ame>    <_Editor>     <Category>Entries:m11</Category>     </_Editor>    <Debug>Fal
misc_tables.vpp_pc	mission_checkpoints.xtbl	mission_checkpoints.xtbl	m11	points>   <MissionCheckpoints>    <Name>m11-07</Name>    <Index>7</Index>    <Missi
misc_tables.vpp_pc	mission_checkpoints.xtbl	mission_checkpoints.xtbl	m11	me>    <Index>7</Index>    <MissionName>m11</MissionName>    <CheckpointName>roadbl
misc_tables.vpp_pc	mission_checkpoints.xtbl	mission_checkpoints.xtbl	m11	ame>    <_Editor>     <Category>Entries:m11</Category>     </_Editor>    <Debug>Fal
misc_tables.vpp_pc	mission_checkpoints.xtbl	mission_checkpoints.xtbl	m11	points>   <MissionCheckpoints>    <Name>m11-08</Name>    <Index>8</Index>    <Missi
misc_tables.vpp_pc	mission_checkpoints.xtbl	mission_checkpoints.xtbl	m11	me>    <Index>8</Index>    <MissionName>m11</MissionName>    <CheckpointName>oleg_b
misc_tables.vpp_pc	mission_checkpoints.xtbl	mission_checkpoints.xtbl	m11	ame>    <_Editor>     <Category>Entries:m11</Category>     </_Editor>    <Debug>Fal
misc_tables.vpp_pc	mission_checkpoints.xtbl	mission_checkpoints.xtbl	m11	points>   <MissionCheckpoints>    <Name>m11-09</Name>    <Index>9</Index>    <Missi
misc_tables.vpp_pc	mission_checkpoints.xtbl	mission_checkpoints.xtbl	m11	me>    <Index>9</Index>    <MissionName>m11</MissionName>    <CheckpointName>air_ba
misc_tables.vpp_pc	mission_checkpoints.xtbl	mission_checkpoints.xtbl	m11	ame>    <_Editor>     <Category>Entries:m11</Category>     </_Editor>    <Debug>Fal
misc_tables.vpp_pc	mission_checkpoints.xtbl	mission_checkpoints.xtbl	m11	    </Category>    <Category>     <Name>m11</Name>     </Category>    <Category>   
misc_tables.vpp_pc	mission_checkpoints.xtbl	mission_checkpoints.xtbl	m12	points>   <MissionCheckpoints>    <Name>m12-01</Name>    <Index>1</Index>    <Missi
misc_tables.vpp_pc	mission_checkpoints.xtbl	mission_checkpoints.xtbl	m12	me>    <Index>1</Index>    <MissionName>m12</MissionName>    <CheckpointName>m12_ch
misc_tables.vpp_pc	mission_checkpoints.xtbl	mission_checkpoints.xtbl	m12	me>m12</MissionName>    <CheckpointName>m12_checkpoint_grab_josh</CheckpointName>  
misc_tables.vpp_pc	mission_checkpoints.xtbl	mission_checkpoints.xtbl	m12	ame>    <_Editor>     <Category>Entries:m12</Category>     </_Editor>    <Debug>Fal
misc_tables.vpp_pc	mission_checkpoints.xtbl	mission_checkpoints.xtbl	m12	points>   <MissionCheckpoints>    <Name>m12-02</Name>    <Index>2</Index>    <Missi
misc_tables.vpp_pc	mission_checkpoints.xtbl	mission_checkpoints.xtbl	m12	me>    <Index>2</Index>    <MissionName>m12</MissionName>    <CheckpointName>m12_ch
misc_tables.vpp_pc	mission_checkpoints.xtbl	mission_checkpoints.xtbl	m12	me>m12</MissionName>    <CheckpointName>m12_checkpoint_cubical_battle</CheckpointNa
misc_tables.vpp_pc	mission_checkpoints.xtbl	mission_checkpoints.xtbl	m12	ame>    <_Editor>     <Category>Entries:m12</Category>     </_Editor>    <Debug>Fal
misc_tables.vpp_pc	mission_checkpoints.xtbl	mission_checkpoints.xtbl	m12	points>   <MissionCheckpoints>    <Name>m12-03</Name>    <Index>3</Index>    <Missi
misc_tables.vpp_pc	mission_checkpoints.xtbl	mission_checkpoints.xtbl	m12	me>    <Index>3</Index>    <MissionName>m12</MissionName>    <CheckpointName>m12_ch
misc_tables.vpp_pc	mission_checkpoints.xtbl	mission_checkpoints.xtbl	m12	me>m12</MissionName>    <CheckpointName>m12_checkpoint_escape</CheckpointName>    <
misc_tables.vpp_pc	mission_checkpoints.xtbl	mission_checkpoints.xtbl	m12	ame>    <_Editor>     <Category>Entries:m12</Category>     </_Editor>    <Debug>Fal
misc_tables.vpp_pc	mission_checkpoints.xtbl	mission_checkpoints.xtbl	m12	    </Category>    <Category>     <Name>m12</Name>     </Category>    <Category>   
misc_tables.vpp_pc	mission_checkpoints.xtbl	mission_checkpoints.xtbl	m13	points>   <MissionCheckpoints>    <Name>m13-01</Name>    <Index>1</Index>    <Missi
misc_tables.vpp_pc	mission_checkpoints.xtbl	mission_checkpoints.xtbl	m13	me>    <Index>1</Index>    <MissionName>m13</MissionName>    <CheckpointName>m13_ch
misc_tables.vpp_pc	mission_checkpoints.xtbl	mission_checkpoints.xtbl	m13	me>m13</MissionName>    <CheckpointName>m13_checkpoint_banners</CheckpointName>    
misc_tables.vpp_pc	mission_checkpoints.xtbl	mission_checkpoints.xtbl	m13	ame>    <_Editor>     <Category>Entries:m13</Category>     </_Editor>    <Debug>Fal
misc_tables.vpp_pc	mission_checkpoints.xtbl	mission_checkpoints.xtbl	m13	points>   <MissionCheckpoints>    <Name>m13-02</Name>    <Index>2</Index>    <Missi
misc_tables.vpp_pc	mission_checkpoints.xtbl	mission_checkpoints.xtbl	m13	me>    <Index>2</Index>    <MissionName>m13</MissionName>    <CheckpointName>m13_ch
misc_tables.vpp_pc	mission_checkpoints.xtbl	mission_checkpoints.xtbl	m13	me>m13</MissionName>    <CheckpointName>m13_checkpoint_wave_1_start</CheckpointName
misc_tables.vpp_pc	mission_checkpoints.xtbl	mission_checkpoints.xtbl	m13	ame>    <_Editor>     <Category>Entries:m13</Category>     </_Editor>    <Debug>Fal
misc_tables.vpp_pc	mission_checkpoints.xtbl	mission_checkpoints.xtbl	m13	points>   <MissionCheckpoints>    <Name>m13-03</Name>    <Index>3</Index>    <Missi
misc_tables.vpp_pc	mission_checkpoints.xtbl	mission_checkpoints.xtbl	m13	me>    <Index>3</Index>    <MissionName>m13</MissionName>    <CheckpointName>m13_ch
misc_tables.vpp_pc	mission_checkpoints.xtbl	mission_checkpoints.xtbl	m13	me>m13</MissionName>    <CheckpointName>m13_checkpoint_wave_2_start</CheckpointName
misc_tables.vpp_pc	mission_checkpoints.xtbl	mission_checkpoints.xtbl	m13	ame>    <_Editor>     <Category>Entries:m13</Category>     </_Editor>    <Debug>Fal
misc_tables.vpp_pc	mission_checkpoints.xtbl	mission_checkpoints.xtbl	m13	points>   <MissionCheckpoints>    <Name>m13-04</Name>    <Index>4</Index>    <Missi
misc_tables.vpp_pc	mission_checkpoints.xtbl	mission_checkpoints.xtbl	m13	me>    <Index>4</Index>    <MissionName>m13</MissionName>    <CheckpointName>m13_ch
misc_tables.vpp_pc	mission_checkpoints.xtbl	mission_checkpoints.xtbl	m13	me>m13</MissionName>    <CheckpointName>m13_checkpoint_wave_3_start</CheckpointName
misc_tables.vpp_pc	mission_checkpoints.xtbl	mission_checkpoints.xtbl	m13	ame>    <_Editor>     <Category>Entries:m13</Category>     </_Editor>    <Debug>Fal
misc_tables.vpp_pc	mission_checkpoints.xtbl	mission_checkpoints.xtbl	m13	points>   <MissionCheckpoints>    <Name>m13-05</Name>    <Index>5</Index>    <Missi
misc_tables.vpp_pc	mission_checkpoints.xtbl	mission_checkpoints.xtbl	m13	me>    <Index>5</Index>    <MissionName>m13</MissionName>    <CheckpointName>m13_ch
misc_tables.vpp_pc	mission_checkpoints.xtbl	mission_checkpoints.xtbl	m13	me>m13</MissionName>    <CheckpointName>m13_checkpoint_decision</CheckpointName>   
misc_tables.vpp_pc	mission_checkpoints.xtbl	mission_checkpoints.xtbl	m13	ame>    <_Editor>     <Category>Entries:m13</Category>     </_Editor>    <Debug>Fal
misc_tables.vpp_pc	mission_checkpoints.xtbl	mission_checkpoints.xtbl	m13	    </Category>    <Category>     <Name>m13</Name>     </Category>    <Category>   
misc_tables.vpp_pc	mission_checkpoints.xtbl	mission_checkpoints.xtbl	m14	points>   <MissionCheckpoints>    <Name>m14-01</Name>    <Index>1</Index>    <Missi
misc_tables.vpp_pc	mission_checkpoints.xtbl	mission_checkpoints.xtbl	m14	me>    <Index>1</Index>    <MissionName>m14</MissionName>    <CheckpointName>heli</
misc_tables.vpp_pc	mission_checkpoints.xtbl	mission_checkpoints.xtbl	m14	ame>    <_Editor>     <Category>Entries:m14</Category>     </_Editor>    <Debug>Fal
misc_tables.vpp_pc	mission_checkpoints.xtbl	mission_checkpoints.xtbl	m14	points>   <MissionCheckpoints>    <Name>m14-02</Name>    <Index>2</Index>    <Missi
misc_tables.vpp_pc	mission_checkpoints.xtbl	mission_checkpoints.xtbl	m14	me>    <Index>2</Index>    <MissionName>m14</MissionName>    <CheckpointName>t1</Ch
misc_tables.vpp_pc	mission_checkpoints.xtbl	mission_checkpoints.xtbl	m14	ame>    <_Editor>     <Category>Entries:m14</Category>     </_Editor>    <Debug>Fal
misc_tables.vpp_pc	mission_checkpoints.xtbl	mission_checkpoints.xtbl	m14	points>   <MissionCheckpoints>    <Name>m14-03</Name>    <Index>3</Index>    <Missi
misc_tables.vpp_pc	mission_checkpoints.xtbl	mission_checkpoints.xtbl	m14	me>    <Index>3</Index>    <MissionName>m14</MissionName>    <CheckpointName>t2</Ch
misc_tables.vpp_pc	mission_checkpoints.xtbl	mission_checkpoints.xtbl	m14	ame>    <_Editor>     <Category>Entries:m14</Category>     </_Editor>    <Debug>Fal
misc_tables.vpp_pc	mission_checkpoints.xtbl	mission_checkpoints.xtbl	m14	points>   <MissionCheckpoints>    <Name>m14-04</Name>    <Index>4</Index>    <Missi
misc_tables.vpp_pc	mission_checkpoints.xtbl	mission_checkpoints.xtbl	m14	me>    <Index>4</Index>    <MissionName>m14</MissionName>    <CheckpointName>van</C
misc_tables.vpp_pc	mission_checkpoints.xtbl	mission_checkpoints.xtbl	m14	ame>    <_Editor>     <Category>Entries:m14</Category>     </_Editor>    <Debug>Fal
misc_tables.vpp_pc	mission_checkpoints.xtbl	mission_checkpoints.xtbl	m14	points>   <MissionCheckpoints>    <Name>m14-05</Name>    <Index>5</Index>    <Missi
misc_tables.vpp_pc	mission_checkpoints.xtbl	mission_checkpoints.xtbl	m14	me>    <Index>5</Index>    <MissionName>m14</MissionName>    <CheckpointName>studio
misc_tables.vpp_pc	mission_checkpoints.xtbl	mission_checkpoints.xtbl	m14	ame>    <_Editor>     <Category>Entries:m14</Category>     </_Editor>    <Debug>Fal
misc_tables.vpp_pc	mission_checkpoints.xtbl	mission_checkpoints.xtbl	m14	    </Category>    <Category>     <Name>m14</Name>     </Category>    <Category>   
misc_tables.vpp_pc	mission_checkpoints.xtbl	mission_checkpoints.xtbl	m15	points>   <MissionCheckpoints>    <Name>m15-01</Name>    <Index>1</Index>    <Missi
misc_tables.vpp_pc	mission_checkpoints.xtbl	mission_checkpoints.xtbl	m15	me>    <Index>1</Index>    <MissionName>m15</MissionName>    <CheckpointName>m15_ch
misc_tables.vpp_pc	mission_checkpoints.xtbl	mission_checkpoints.xtbl	m15	me>m15</MissionName>    <CheckpointName>m15_checkpoint_outside_pr_center</Checkpoin
misc_tables.vpp_pc	mission_checkpoints.xtbl	mission_checkpoints.xtbl	m15	ame>    <_Editor>     <Category>Entries:m15</Category>     </_Editor>    <Debug>Fal
misc_tables.vpp_pc	mission_checkpoints.xtbl	mission_checkpoints.xtbl	m15	points>   <MissionCheckpoints>    <Name>m15-02</Name>    <Index>2</Index>    <Missi
misc_tables.vpp_pc	mission_checkpoints.xtbl	mission_checkpoints.xtbl	m15	me>    <Index>2</Index>    <MissionName>m15</MissionName>    <CheckpointName>m15_ch
misc_tables.vpp_pc	mission_checkpoints.xtbl	mission_checkpoints.xtbl	m15	me>m15</MissionName>    <CheckpointName>m15_checkpoint_garage</CheckpointName>    <
misc_tables.vpp_pc	mission_checkpoints.xtbl	mission_checkpoints.xtbl	m15	ame>    <_Editor>     <Category>Entries:m15</Category>     </_Editor>    <Debug>Fal
misc_tables.vpp_pc	mission_checkpoints.xtbl	mission_checkpoints.xtbl	m15	points>   <MissionCheckpoints>    <Name>m15-03</Name>    <Index>3</Index>    <Missi
misc_tables.vpp_pc	mission_checkpoints.xtbl	mission_checkpoints.xtbl	m15	me>    <Index>3</Index>    <MissionName>m15</MissionName>    <CheckpointName>m15_ch
misc_tables.vpp_pc	mission_checkpoints.xtbl	mission_checkpoints.xtbl	m15	me>m15</MissionName>    <CheckpointName>m15_checkpoint_chase</CheckpointName>    <_
misc_tables.vpp_pc	mission_checkpoints.xtbl	mission_checkpoints.xtbl	m15	ame>    <_Editor>     <Category>Entries:m15</Category>     </_Editor>    <Debug>Fal
misc_tables.vpp_pc	mission_checkpoints.xtbl	mission_checkpoints.xtbl	m15	points>   <MissionCheckpoints>    <Name>m15-04</Name>    <Index>4</Index>    <Missi
misc_tables.vpp_pc	mission_checkpoints.xtbl	mission_checkpoints.xtbl	m15	me>    <Index>4</Index>    <MissionName>m15</MissionName>    <CheckpointName>m15_ch
misc_tables.vpp_pc	mission_checkpoints.xtbl	mission_checkpoints.xtbl	m15	me>m15</MissionName>    <CheckpointName>m15_checkpoint_chase_kneecapper</Checkpoint
misc_tables.vpp_pc	mission_checkpoints.xtbl	mission_checkpoints.xtbl	m15	ame>    <_Editor>     <Category>Entries:m15</Category>     </_Editor>    <Debug>Fal
misc_tables.vpp_pc	mission_checkpoints.xtbl	mission_checkpoints.xtbl	m15	    </Category>    <Category>     <Name>m15</Name>     </Category>    <Category>   
misc_tables.vpp_pc	mission_checkpoints.xtbl	mission_checkpoints.xtbl	m16	points>   <MissionCheckpoints>    <Name>m16-01</Name>    <Index>1</Index>    <Missi
misc_tables.vpp_pc	mission_checkpoints.xtbl	mission_checkpoints.xtbl	m16	me>    <Index>1</Index>    <MissionName>m16</MissionName>    <CheckpointName>m16_ch
misc_tables.vpp_pc	mission_checkpoints.xtbl	mission_checkpoints.xtbl	m16	me>m16</MissionName>    <CheckpointName>m16_checkpoint_text_adventure_complete</Che
misc_tables.vpp_pc	mission_checkpoints.xtbl	mission_checkpoints.xtbl	m16	ame>    <_Editor>     <Category>Entries:m16</Category>     </_Editor>    <Debug>Fal
misc_tables.vpp_pc	mission_checkpoints.xtbl	mission_checkpoints.xtbl	m16	points>   <MissionCheckpoints>    <Name>m16-03</Name>    <Index>3</Index>    <Missi
misc_tables.vpp_pc	mission_checkpoints.xtbl	mission_checkpoints.xtbl	m16	me>    <Index>3</Index>    <MissionName>m16</MissionName>    <CheckpointName>m16_ch
misc_tables.vpp_pc	mission_checkpoints.xtbl	mission_checkpoints.xtbl	m16	me>m16</MissionName>    <CheckpointName>m16_checkpoint_error_screen_disabled</Check
misc_tables.vpp_pc	mission_checkpoints.xtbl	mission_checkpoints.xtbl	m16	ame>    <_Editor>     <Category>Entries:m16</Category>     </_Editor>    <Debug>Fal
misc_tables.vpp_pc	mission_checkpoints.xtbl	mission_checkpoints.xtbl	m16	points>   <MissionCheckpoints>    <Name>m16-04</Name>    <Index>4</Index>    <Missi
misc_tables.vpp_pc	mission_checkpoints.xtbl	mission_checkpoints.xtbl	m16	me>    <Index>4</Index>    <MissionName>m16</MissionName>    <CheckpointName>m16_ch
misc_tables.vpp_pc	mission_checkpoints.xtbl	mission_checkpoints.xtbl	m16	me>m16</MissionName>    <CheckpointName>m16_checkpoint_matt_battle_start</Checkpoin
misc_tables.vpp_pc	mission_checkpoints.xtbl	mission_checkpoints.xtbl	m16	ame>    <_Editor>     <Category>Entries:m16</Category>     </_Editor>    <Debug>Fal
misc_tables.vpp_pc	mission_checkpoints.xtbl	mission_checkpoints.xtbl	m16	points>   <MissionCheckpoints>    <Name>m16-02</Name>    <Index>2</Index>    <Missi
misc_tables.vpp_pc	mission_checkpoints.xtbl	mission_checkpoints.xtbl	m16	me>    <Index>2</Index>    <MissionName>m16</MissionName>    <CheckpointName>m16_ch
misc_tables.vpp_pc	mission_checkpoints.xtbl	mission_checkpoints.xtbl	m16	me>m16</MissionName>    <CheckpointName>m16_checkpoint_tank_combat_complete</Checkp
misc_tables.vpp_pc	mission_checkpoints.xtbl	mission_checkpoints.xtbl	m16	ame>    <_Editor>     <Category>Entries:m16</Category>     </_Editor>    <Debug>Fal
misc_tables.vpp_pc	mission_checkpoints.xtbl	mission_checkpoints.xtbl	m16	points>   <MissionCheckpoints>    <Name>m16-05</Name>    <Index>5</Index>    <Missi
misc_tables.vpp_pc	mission_checkpoints.xtbl	mission_checkpoints.xtbl	m16	me>    <Index>5</Index>    <MissionName>m16</MissionName>    <CheckpointName>m16_ch
misc_tables.vpp_pc	mission_checkpoints.xtbl	mission_checkpoints.xtbl	m16	me>m16</MissionName>    <CheckpointName>m16_checkpoint_matt_dewinged</CheckpointNam
misc_tables.vpp_pc	mission_checkpoints.xtbl	mission_checkpoints.xtbl	m16	ame>    <_Editor>     <Category>Entries:m16</Category>     </_Editor>    <Debug>Fal
misc_tables.vpp_pc	mission_checkpoints.xtbl	mission_checkpoints.xtbl	m16	points>   <MissionCheckpoints>    <Name>m16-06</Name>    <Index>6</Index>    <Missi
misc_tables.vpp_pc	mission_checkpoints.xtbl	mission_checkpoints.xtbl	m16	me>    <Index>6</Index>    <MissionName>m16</MissionName>    <CheckpointName>m16_ch
misc_tables.vpp_pc	mission_checkpoints.xtbl	mission_checkpoints.xtbl	m16	me>m16</MissionName>    <CheckpointName>m16_checkpoint_matt_phase3</CheckpointName>
misc_tables.vpp_pc	mission_checkpoints.xtbl	mission_checkpoints.xtbl	m16	ame>    <_Editor>     <Category>Entries:m16</Category>     </_Editor>    <Debug>Fal
misc_tables.vpp_pc	mission_checkpoints.xtbl	mission_checkpoints.xtbl	m16	points>   <MissionCheckpoints>    <Name>m16-07</Name>    <Index>7</Index>    <Missi
misc_tables.vpp_pc	mission_checkpoints.xtbl	mission_checkpoints.xtbl	m16	me>    <Index>7</Index>    <MissionName>m16</MissionName>    <CheckpointName>m16_ch
misc_tables.vpp_pc	mission_checkpoints.xtbl	mission_checkpoints.xtbl	m16	me>m16</MissionName>    <CheckpointName>m16_checkpoint_decker_phase</CheckpointName
misc_tables.vpp_pc	mission_checkpoints.xtbl	mission_checkpoints.xtbl	m16	ame>    <_Editor>     <Category>Entries:m16</Category>     </_Editor>    <Debug>Fal
misc_tables.vpp_pc	mission_checkpoints.xtbl	mission_checkpoints.xtbl	m16	points>   <MissionCheckpoints>    <Name>m16-08</Name>    <Index>8</Index>    <Missi
misc_tables.vpp_pc	mission_checkpoints.xtbl	mission_checkpoints.xtbl	m16	me>    <Index>8</Index>    <MissionName>m16</MissionName>    <CheckpointName>m16_ch
misc_tables.vpp_pc	mission_checkpoints.xtbl	mission_checkpoints.xtbl	m16	me>m16</MissionName>    <CheckpointName>m16_checkpoint_avatar_battle</CheckpointNam
misc_tables.vpp_pc	mission_checkpoints.xtbl	mission_checkpoints.xtbl	m16	ame>    <_Editor>     <Category>Entries:m16</Category>     </_Editor>    <Debug>Fal
misc_tables.vpp_pc	mission_checkpoints.xtbl	mission_checkpoints.xtbl	m16	    </Category>    <Category>     <Name>m16</Name>     </Category>    <Category>   
misc_tables.vpp_pc	mission_checkpoints.xtbl	mission_checkpoints.xtbl	m17	points>   <MissionCheckpoints>    <Name>m17-01</Name>    <Index>1</Index>    <Missi
misc_tables.vpp_pc	mission_checkpoints.xtbl	mission_checkpoints.xtbl	m17	me>    <Index>1</Index>    <MissionName>m17</MissionName>    <CheckpointName>meetin
misc_tables.vpp_pc	mission_checkpoints.xtbl	mission_checkpoints.xtbl	m17	ame>    <_Editor>     <Category>Entries:m17</Category>     </_Editor>    <Debug>Fal
misc_tables.vpp_pc	mission_checkpoints.xtbl	mission_checkpoints.xtbl	m17	points>   <MissionCheckpoints>    <Name>m17-02</Name>    <Index>2</Index>    <Missi
misc_tables.vpp_pc	mission_checkpoints.xtbl	mission_checkpoints.xtbl	m17	me>    <Index>2</Index>    <MissionName>m17</MissionName>    <CheckpointName>jailbr
misc_tables.vpp_pc	mission_checkpoints.xtbl	mission_checkpoints.xtbl	m17	ame>    <_Editor>     <Category>Entries:m17</Category>     </_Editor>    <Debug>Fal
misc_tables.vpp_pc	mission_checkpoints.xtbl	mission_checkpoints.xtbl	m17	points>   <MissionCheckpoints>    <Name>m17-03</Name>    <Index>3</Index>    <Missi
misc_tables.vpp_pc	mission_checkpoints.xtbl	mission_checkpoints.xtbl	m17	me>    <Index>3</Index>    <MissionName>m17</MissionName>    <CheckpointName>reacto
misc_tables.vpp_pc	mission_checkpoints.xtbl	mission_checkpoints.xtbl	m17	ame>    <_Editor>     <Category>Entries:m17</Category>     </_Editor>    <Debug>Fal
misc_tables.vpp_pc	mission_checkpoints.xtbl	mission_checkpoints.xtbl	m17	points>   <MissionCheckpoints>    <Name>m17-04</Name>    <Index>4</Index>    <Missi
misc_tables.vpp_pc	mission_checkpoints.xtbl	mission_checkpoints.xtbl	m17	me>    <Index>4</Index>    <MissionName>m17</MissionName>    <CheckpointName>escape
misc_tables.vpp_pc	mission_checkpoints.xtbl	mission_checkpoints.xtbl	m17	ame>    <_Editor>     <Category>Entries:m17</Category>     </_Editor>    <Debug>Fal
misc_tables.vpp_pc	mission_checkpoints.xtbl	mission_checkpoints.xtbl	m17	    </Category>    <Category>     <Name>m17</Name>     </Category>    <Category>   
misc_tables.vpp_pc	mission_checkpoints.xtbl	mission_checkpoints.xtbl	m18	points>   <MissionCheckpoints>    <Name>m18-01</Name>    <Index>1</Index>    <Missi
misc_tables.vpp_pc	mission_checkpoints.xtbl	mission_checkpoints.xtbl	m18	me>    <Index>1</Index>    <MissionName>m18</MissionName>    <CheckpointName>m18_ch
misc_tables.vpp_pc	mission_checkpoints.xtbl	mission_checkpoints.xtbl	m18	me>m18</MissionName>    <CheckpointName>m18_checkpoint_escape</CheckpointName>    <
misc_tables.vpp_pc	mission_checkpoints.xtbl	mission_checkpoints.xtbl	m18	ame>    <_Editor>     <Category>Entries:m18</Category>     </_Editor>    <Debug>Fal
misc_tables.vpp_pc	mission_checkpoints.xtbl	mission_checkpoints.xtbl	m18	points>   <MissionCheckpoints>    <Name>m18-02</Name>    <Index>2</Index>    <Missi
misc_tables.vpp_pc	mission_checkpoints.xtbl	mission_checkpoints.xtbl	m18	me>    <Index>2</Index>    <MissionName>m18</MissionName>    <CheckpointName>m18_ch
misc_tables.vpp_pc	mission_checkpoints.xtbl	mission_checkpoints.xtbl	m18	me>m18</MissionName>    <CheckpointName>m18_checkpoint_free_fall</CheckpointName>  
misc_tables.vpp_pc	mission_checkpoints.xtbl	mission_checkpoints.xtbl	m18	ame>    <_Editor>     <Category>Entries:m18</Category>     </_Editor>    <Debug>Fal
misc_tables.vpp_pc	mission_checkpoints.xtbl	mission_checkpoints.xtbl	m18	points>   <MissionCheckpoints>    <Name>m18-03</Name>    <Index>3</Index>    <Missi
misc_tables.vpp_pc	mission_checkpoints.xtbl	mission_checkpoints.xtbl	m18	me>    <Index>3</Index>    <MissionName>m18</MissionName>    <CheckpointName>m18_ch
misc_tables.vpp_pc	mission_checkpoints.xtbl	mission_checkpoints.xtbl	m18	me>m18</MissionName>    <CheckpointName>m18_checkpoint_dive_bombers</CheckpointName
misc_tables.vpp_pc	mission_checkpoints.xtbl	mission_checkpoints.xtbl	m18	ame>    <_Editor>     <Category>Entries:m18</Category>     </_Editor>    <Debug>Fal
misc_tables.vpp_pc	mission_checkpoints.xtbl	mission_checkpoints.xtbl	m18	points>   <MissionCheckpoints>    <Name>m18-04</Name>    <Index>4</Index>    <Missi
misc_tables.vpp_pc	mission_checkpoints.xtbl	mission_checkpoints.xtbl	m18	me>    <Index>4</Index>    <MissionName>m18</MissionName>    <CheckpointName>m18_de
misc_tables.vpp_pc	mission_checkpoints.xtbl	mission_checkpoints.xtbl	m18	me>m18</MissionName>    <CheckpointName>m18_debug_checkpoint_bail_out</CheckpointNa
misc_tables.vpp_pc	mission_checkpoints.xtbl	mission_checkpoints.xtbl	m18	ame>    <_Editor>     <Category>Entries:m18</Category>     </_Editor>    <Debug>Tru
misc_tables.vpp_pc	mission_checkpoints.xtbl	mission_checkpoints.xtbl	m18	    </Category>    <Category>     <Name>m18</Name>     </Category>    <Category>   
misc_tables.vpp_pc	mission_checkpoints.xtbl	mission_checkpoints.xtbl	m19	points>   <MissionCheckpoints>    <Name>m19-01</Name>    <Index>1</Index>    <Missi
misc_tables.vpp_pc	mission_checkpoints.xtbl	mission_checkpoints.xtbl	m19	me>    <Index>1</Index>    <MissionName>m19</MissionName>    <CheckpointName>m19_do
misc_tables.vpp_pc	mission_checkpoints.xtbl	mission_checkpoints.xtbl	m19	me>m19</MissionName>    <CheckpointName>m19_doors</CheckpointName>    <_Editor>    
misc_tables.vpp_pc	mission_checkpoints.xtbl	mission_checkpoints.xtbl	m19	ame>    <_Editor>     <Category>Entries:m19</Category>     </_Editor>    <Debug>Fal
misc_tables.vpp_pc	mission_checkpoints.xtbl	mission_checkpoints.xtbl	m19	points>   <MissionCheckpoints>    <Name>m19-02</Name>    <Index>2</Index>    <Missi
misc_tables.vpp_pc	mission_checkpoints.xtbl	mission_checkpoints.xtbl	m19	me>    <Index>2</Index>    <MissionName>m19</MissionName>    <CheckpointName>m19_ch
misc_tables.vpp_pc	mission_checkpoints.xtbl	mission_checkpoints.xtbl	m19	me>m19</MissionName>    <CheckpointName>m19_chem_01</CheckpointName>    <_Editor>  
misc_tables.vpp_pc	mission_checkpoints.xtbl	mission_checkpoints.xtbl	m19	ame>    <_Editor>     <Category>Entries:m19</Category>     </_Editor>    <Debug>Fal
misc_tables.vpp_pc	mission_checkpoints.xtbl	mission_checkpoints.xtbl	m19	points>   <MissionCheckpoints>    <Name>m19-03</Name>    <Index>3</Index>    <Missi
misc_tables.vpp_pc	mission_checkpoints.xtbl	mission_checkpoints.xtbl	m19	me>    <Index>3</Index>    <MissionName>m19</MissionName>    <CheckpointName>m19_ch
misc_tables.vpp_pc	mission_checkpoints.xtbl	mission_checkpoints.xtbl	m19	me>m19</MissionName>    <CheckpointName>m19_chem_02</CheckpointName>    <_Editor>  
misc_tables.vpp_pc	mission_checkpoints.xtbl	mission_checkpoints.xtbl	m19	ame>    <_Editor>     <Category>Entries:m19</Category>     </_Editor>    <Debug>Fal
misc_tables.vpp_pc	mission_checkpoints.xtbl	mission_checkpoints.xtbl	m19	points>   <MissionCheckpoints>    <Name>m19-04</Name>    <Index>4</Index>    <Missi
misc_tables.vpp_pc	mission_checkpoints.xtbl	mission_checkpoints.xtbl	m19	me>    <Index>4</Index>    <MissionName>m19</MissionName>    <CheckpointName>m19_ch
misc_tables.vpp_pc	mission_checkpoints.xtbl	mission_checkpoints.xtbl	m19	me>m19</MissionName>    <CheckpointName>m19_chem_03</CheckpointName>    <_Editor>  
misc_tables.vpp_pc	mission_checkpoints.xtbl	mission_checkpoints.xtbl	m19	ame>    <_Editor>     <Category>Entries:m19</Category>     </_Editor>    <Debug>Fal
misc_tables.vpp_pc	mission_checkpoints.xtbl	mission_checkpoints.xtbl	m19	points>   <MissionCheckpoints>    <Name>m19-05</Name>    <Index>5</Index>    <Missi
misc_tables.vpp_pc	mission_checkpoints.xtbl	mission_checkpoints.xtbl	m19	me>    <Index>5</Index>    <MissionName>m19</MissionName>    <CheckpointName>m19_ch
misc_tables.vpp_pc	mission_checkpoints.xtbl	mission_checkpoints.xtbl	m19	me>m19</MissionName>    <CheckpointName>m19_chem_01_rescue</CheckpointName>    <_Ed
misc_tables.vpp_pc	mission_checkpoints.xtbl	mission_checkpoints.xtbl	m19	ame>    <_Editor>     <Category>Entries:m19</Category>     </_Editor>    <Debug>Fal
misc_tables.vpp_pc	mission_checkpoints.xtbl	mission_checkpoints.xtbl	m19	points>   <MissionCheckpoints>    <Name>m19-06</Name>    <Index>6</Index>    <Missi
misc_tables.vpp_pc	mission_checkpoints.xtbl	mission_checkpoints.xtbl	m19	me>    <Index>6</Index>    <MissionName>m19</MissionName>    <CheckpointName>m19_ch
misc_tables.vpp_pc	mission_checkpoints.xtbl	mission_checkpoints.xtbl	m19	me>m19</MissionName>    <CheckpointName>m19_chem_02_rescue</CheckpointName>    <_Ed
misc_tables.vpp_pc	mission_checkpoints.xtbl	mission_checkpoints.xtbl	m19	ame>    <_Editor>     <Category>Entries:m19</Category>     </_Editor>    <Debug>Fal
misc_tables.vpp_pc	mission_checkpoints.xtbl	mission_checkpoints.xtbl	m19	points>   <MissionCheckpoints>    <Name>m19-07</Name>    <Index>7</Index>    <Missi
misc_tables.vpp_pc	mission_checkpoints.xtbl	mission_checkpoints.xtbl	m19	me>    <Index>7</Index>    <MissionName>m19</MissionName>    <CheckpointName>m19_ch
misc_tables.vpp_pc	mission_checkpoints.xtbl	mission_checkpoints.xtbl	m19	me>m19</MissionName>    <CheckpointName>m19_chem_03_rescue</CheckpointName>    <_Ed
misc_tables.vpp_pc	mission_checkpoints.xtbl	mission_checkpoints.xtbl	m19	ame>    <_Editor>     <Category>Entries:m19</Category>     </_Editor>    <Debug>Fal
misc_tables.vpp_pc	mission_checkpoints.xtbl	mission_checkpoints.xtbl	m19	points>   <MissionCheckpoints>    <Name>m19-08</Name>    <Index>8</Index>    <Missi
misc_tables.vpp_pc	mission_checkpoints.xtbl	mission_checkpoints.xtbl	m19	me>    <Index>8</Index>    <MissionName>m19</MissionName>    <CheckpointName>m19_ch
misc_tables.vpp_pc	mission_checkpoints.xtbl	mission_checkpoints.xtbl	m19	me>m19</MissionName>    <CheckpointName>m19_chem_12</CheckpointName>    <_Editor>  
misc_tables.vpp_pc	mission_checkpoints.xtbl	mission_checkpoints.xtbl	m19	ame>    <_Editor>     <Category>Entries:m19</Category>     </_Editor>    <Debug>Fal
misc_tables.vpp_pc	mission_checkpoints.xtbl	mission_checkpoints.xtbl	m19	points>   <MissionCheckpoints>    <Name>m19-09</Name>    <Index>9</Index>    <Missi
misc_tables.vpp_pc	mission_checkpoints.xtbl	mission_checkpoints.xtbl	m19	me>    <Index>9</Index>    <MissionName>m19</MissionName>    <CheckpointName>m19_ch
misc_tables.vpp_pc	mission_checkpoints.xtbl	mission_checkpoints.xtbl	m19	me>m19</MissionName>    <CheckpointName>m19_chem_23</CheckpointName>    <_Editor>  
misc_tables.vpp_pc	mission_checkpoints.xtbl	mission_checkpoints.xtbl	m19	ame>    <_Editor>     <Category>Entries:m19</Category>     </_Editor>    <Debug>Fal
misc_tables.vpp_pc	mission_checkpoints.xtbl	mission_checkpoints.xtbl	m19	points>   <MissionCheckpoints>    <Name>m19-10</Name>    <Index>10</Index>    <Miss
misc_tables.vpp_pc	mission_checkpoints.xtbl	mission_checkpoints.xtbl	m19	e>    <Index>10</Index>    <MissionName>m19</MissionName>    <CheckpointName>m19_ch
misc_tables.vpp_pc	mission_checkpoints.xtbl	mission_checkpoints.xtbl	m19	me>m19</MissionName>    <CheckpointName>m19_chem_13</CheckpointName>    <_Editor>  
misc_tables.vpp_pc	mission_checkpoints.xtbl	mission_checkpoints.xtbl	m19	ame>    <_Editor>     <Category>Entries:m19</Category>     </_Editor>    <Debug>Fal
misc_tables.vpp_pc	mission_checkpoints.xtbl	mission_checkpoints.xtbl	m19	points>   <MissionCheckpoints>    <Name>m19-11</Name>    <Index>11</Index>    <Miss
misc_tables.vpp_pc	mission_checkpoints.xtbl	mission_checkpoints.xtbl	m19	e>    <Index>11</Index>    <MissionName>m19</MissionName>    <CheckpointName>m19_ch
misc_tables.vpp_pc	mission_checkpoints.xtbl	mission_checkpoints.xtbl	m19	me>m19</MissionName>    <CheckpointName>m19_chem_12_fixed</CheckpointName>    <_Edi
misc_tables.vpp_pc	mission_checkpoints.xtbl	mission_checkpoints.xtbl	m19	ame>    <_Editor>     <Category>Entries:m19</Category>     </_Editor>    <Debug>Fal
misc_tables.vpp_pc	mission_checkpoints.xtbl	mission_checkpoints.xtbl	m19	points>   <MissionCheckpoints>    <Name>m19-12</Name>    <Index>12</Index>    <Miss
misc_tables.vpp_pc	mission_checkpoints.xtbl	mission_checkpoints.xtbl	m19	e>    <Index>12</Index>    <MissionName>m19</MissionName>    <CheckpointName>m19_ch
misc_tables.vpp_pc	mission_checkpoints.xtbl	mission_checkpoints.xtbl	m19	me>m19</MissionName>    <CheckpointName>m19_chem_23_fixed</CheckpointName>    <_Edi
misc_tables.vpp_pc	mission_checkpoints.xtbl	mission_checkpoints.xtbl	m19	ame>    <_Editor>     <Category>Entries:m19</Category>     </_Editor>    <Debug>Fal
misc_tables.vpp_pc	mission_checkpoints.xtbl	mission_checkpoints.xtbl	m19	points>   <MissionCheckpoints>    <Name>m19-13</Name>    <Index>13</Index>    <Miss
misc_tables.vpp_pc	mission_checkpoints.xtbl	mission_checkpoints.xtbl	m19	e>    <Index>13</Index>    <MissionName>m19</MissionName>    <CheckpointName>m19_ch
misc_tables.vpp_pc	mission_checkpoints.xtbl	mission_checkpoints.xtbl	m19	me>m19</MissionName>    <CheckpointName>m19_chem_13_fixed</CheckpointName>    <_Edi
misc_tables.vpp_pc	mission_checkpoints.xtbl	mission_checkpoints.xtbl	m19	ame>    <_Editor>     <Category>Entries:m19</Category>     </_Editor>    <Debug>Fal
misc_tables.vpp_pc	mission_checkpoints.xtbl	mission_checkpoints.xtbl	m19	points>   <MissionCheckpoints>    <Name>m19-14</Name>    <Index>14</Index>    <Miss
misc_tables.vpp_pc	mission_checkpoints.xtbl	mission_checkpoints.xtbl	m19	e>    <Index>14</Index>    <MissionName>m19</MissionName>    <CheckpointName>m19_no
misc_tables.vpp_pc	mission_checkpoints.xtbl	mission_checkpoints.xtbl	m19	me>m19</MissionName>    <CheckpointName>m19_no_mask</CheckpointName>    <_Editor>  
misc_tables.vpp_pc	mission_checkpoints.xtbl	mission_checkpoints.xtbl	m19	ame>    <_Editor>     <Category>Entries:m19</Category>     </_Editor>    <Debug>Fal
misc_tables.vpp_pc	mission_checkpoints.xtbl	mission_checkpoints.xtbl	m19	points>   <MissionCheckpoints>    <Name>m19-15</Name>    <Index>15</Index>    <Miss
misc_tables.vpp_pc	mission_checkpoints.xtbl	mission_checkpoints.xtbl	m19	e>    <Index>15</Index>    <MissionName>m19</MissionName>    <CheckpointName>m19_fi
misc_tables.vpp_pc	mission_checkpoints.xtbl	mission_checkpoints.xtbl	m19	me>m19</MissionName>    <CheckpointName>m19_final</CheckpointName>    <_Editor>    
misc_tables.vpp_pc	mission_checkpoints.xtbl	mission_checkpoints.xtbl	m19	ame>    <_Editor>     <Category>Entries:m19</Category>     </_Editor>    <Debug>Fal
misc_tables.vpp_pc	mission_checkpoints.xtbl	mission_checkpoints.xtbl	m19	    </Category>    <Category>     <Name>m19</Name>     </Category>    <Category>   
misc_tables.vpp_pc	mission_checkpoints.xtbl	mission_checkpoints.xtbl	m20	points>   <MissionCheckpoints>    <Name>m20-01</Name>    <Index>1</Index>    <Missi
misc_tables.vpp_pc	mission_checkpoints.xtbl	mission_checkpoints.xtbl	m20	me>    <Index>1</Index>    <MissionName>m20</MissionName>    <CheckpointName>ctc</C
misc_tables.vpp_pc	mission_checkpoints.xtbl	mission_checkpoints.xtbl	m20	ame>    <_Editor>     <Category>Entries:m20</Category>     </_Editor>    <Debug>Fal
misc_tables.vpp_pc	mission_checkpoints.xtbl	mission_checkpoints.xtbl	m20	points>   <MissionCheckpoints>    <Name>m20-02</Name>    <Index>2</Index>    <Missi
misc_tables.vpp_pc	mission_checkpoints.xtbl	mission_checkpoints.xtbl	m20	me>    <Index>2</Index>    <MissionName>m20</MissionName>    <CheckpointName>ctb</C
misc_tables.vpp_pc	mission_checkpoints.xtbl	mission_checkpoints.xtbl	m20	ame>    <_Editor>     <Category>Entries:m20</Category>     </_Editor>    <Debug>Fal
misc_tables.vpp_pc	mission_checkpoints.xtbl	mission_checkpoints.xtbl	m20	points>   <MissionCheckpoints>    <Name>m20-03</Name>    <Index>3</Index>    <Missi
misc_tables.vpp_pc	mission_checkpoints.xtbl	mission_checkpoints.xtbl	m20	me>    <Index>3</Index>    <MissionName>m20</MissionName>    <CheckpointName>cth</C
misc_tables.vpp_pc	mission_checkpoints.xtbl	mission_checkpoints.xtbl	m20	ame>    <_Editor>     <Category>Entries:m20</Category>     </_Editor>    <Debug>Fal
misc_tables.vpp_pc	mission_checkpoints.xtbl	mission_checkpoints.xtbl	m20	points>   <MissionCheckpoints>    <Name>m20-04</Name>    <Index>4</Index>    <Missi
misc_tables.vpp_pc	mission_checkpoints.xtbl	mission_checkpoints.xtbl	m20	me>    <Index>4</Index>    <MissionName>m20</MissionName>    <CheckpointName>airpor
misc_tables.vpp_pc	mission_checkpoints.xtbl	mission_checkpoints.xtbl	m20	ame>    <_Editor>     <Category>Entries:m20</Category>     </_Editor>    <Debug>Fal
misc_tables.vpp_pc	mission_checkpoints.xtbl	mission_checkpoints.xtbl	m20	    </Category>    <Category>     <Name>m20</Name>     </Category>    <Category>   
misc_tables.vpp_pc	mission_checkpoints.xtbl	mission_checkpoints.xtbl	m21	points>   <MissionCheckpoints>    <Name>m21-01</Name>    <Index>1</Index>    <Missi
misc_tables.vpp_pc	mission_checkpoints.xtbl	mission_checkpoints.xtbl	m21	me>    <Index>1</Index>    <MissionName>m21</MissionName>    <CheckpointName>m21_ch
misc_tables.vpp_pc	mission_checkpoints.xtbl	mission_checkpoints.xtbl	m21	me>m21</MissionName>    <CheckpointName>m21_checkpoint_defend_angel</CheckpointName
misc_tables.vpp_pc	mission_checkpoints.xtbl	mission_checkpoints.xtbl	m21	ame>    <_Editor>     <Category>Entries:m21</Category>     </_Editor>    <Debug>Fal
misc_tables.vpp_pc	mission_checkpoints.xtbl	mission_checkpoints.xtbl	m21	points>   <MissionCheckpoints>    <Name>m21-02</Name>    <Index>2</Index>    <Missi
misc_tables.vpp_pc	mission_checkpoints.xtbl	mission_checkpoints.xtbl	m21	me>    <Index>2</Index>    <MissionName>m21</MissionName>    <CheckpointName>m21_ch
misc_tables.vpp_pc	mission_checkpoints.xtbl	mission_checkpoints.xtbl	m21	me>m21</MissionName>    <CheckpointName>m21_checkpoint_fight_killbane</CheckpointNa
misc_tables.vpp_pc	mission_checkpoints.xtbl	mission_checkpoints.xtbl	m21	ame>    <_Editor>     <Category>Entries:m21</Category>     </_Editor>    <Debug>Fal
misc_tables.vpp_pc	mission_checkpoints.xtbl	mission_checkpoints.xtbl	m21	    </Category>    <Category>     <Name>m21</Name>     </Category>    <Category>   
misc_tables.vpp_pc	mission_checkpoints.xtbl	mission_checkpoints.xtbl	m22	points>   <MissionCheckpoints>    <Name>m22-01</Name>    <Index>1</Index>    <Missi
misc_tables.vpp_pc	mission_checkpoints.xtbl	mission_checkpoints.xtbl	m22	me>    <Index>1</Index>    <MissionName>m22</MissionName>    <CheckpointName>m22_ch
misc_tables.vpp_pc	mission_checkpoints.xtbl	mission_checkpoints.xtbl	m22	me>m22</MissionName>    <CheckpointName>m22_checkpoint_text_battle_zone_1</Checkpoi
misc_tables.vpp_pc	mission_checkpoints.xtbl	mission_checkpoints.xtbl	m22	ame>    <_Editor>     <Category>Entries:m22</Category>     </_Editor>    <Debug>Fal
misc_tables.vpp_pc	mission_checkpoints.xtbl	mission_checkpoints.xtbl	m22	points>   <MissionCheckpoints>    <Name>m22-02</Name>    <Index>2</Index>    <Missi
misc_tables.vpp_pc	mission_checkpoints.xtbl	mission_checkpoints.xtbl	m22	me>    <Index>2</Index>    <MissionName>m22</MissionName>    <CheckpointName>m22_ch
misc_tables.vpp_pc	mission_checkpoints.xtbl	mission_checkpoints.xtbl	m22	me>m22</MissionName>    <CheckpointName>m22_checkpoint_text_battle_zone_2</Checkpoi
misc_tables.vpp_pc	mission_checkpoints.xtbl	mission_checkpoints.xtbl	m22	ame>    <_Editor>     <Category>Entries:m22</Category>     </_Editor>    <Debug>Fal
misc_tables.vpp_pc	mission_checkpoints.xtbl	mission_checkpoints.xtbl	m22	points>   <MissionCheckpoints>    <Name>m22-03</Name>    <Index>3</Index>    <Missi
misc_tables.vpp_pc	mission_checkpoints.xtbl	mission_checkpoints.xtbl	m22	me>    <Index>3</Index>    <MissionName>m22</MissionName>    <CheckpointName>m22_ch
misc_tables.vpp_pc	mission_checkpoints.xtbl	mission_checkpoints.xtbl	m22	me>m22</MissionName>    <CheckpointName>m22_checkpoint_text_battle_zone_3</Checkpoi
misc_tables.vpp_pc	mission_checkpoints.xtbl	mission_checkpoints.xtbl	m22	ame>    <_Editor>     <Category>Entries:m22</Category>     </_Editor>    <Debug>Fal
misc_tables.vpp_pc	mission_checkpoints.xtbl	mission_checkpoints.xtbl	m22	points>   <MissionCheckpoints>    <Name>m22-04</Name>    <Index>4</Index>    <Missi
misc_tables.vpp_pc	mission_checkpoints.xtbl	mission_checkpoints.xtbl	m22	me>    <Index>4</Index>    <MissionName>m22</MissionName>    <CheckpointName>m22_ch
misc_tables.vpp_pc	mission_checkpoints.xtbl	mission_checkpoints.xtbl	m22	me>m22</MissionName>    <CheckpointName>m22_checkpoint_text_get_to_the_armory1</Che
misc_tables.vpp_pc	mission_checkpoints.xtbl	mission_checkpoints.xtbl	m22	ame>    <_Editor>     <Category>Entries:m22</Category>     </_Editor>    <Debug>Fal
misc_tables.vpp_pc	mission_checkpoints.xtbl	mission_checkpoints.xtbl	m22	points>   <MissionCheckpoints>    <Name>m22-05</Name>    <Index>5</Index>    <Missi
misc_tables.vpp_pc	mission_checkpoints.xtbl	mission_checkpoints.xtbl	m22	me>    <Index>5</Index>    <MissionName>m22</MissionName>    <CheckpointName>m22_ch
misc_tables.vpp_pc	mission_checkpoints.xtbl	mission_checkpoints.xtbl	m22	me>m22</MissionName>    <CheckpointName>m22_checkpoint_text_get_to_the_armory2</Che
misc_tables.vpp_pc	mission_checkpoints.xtbl	mission_checkpoints.xtbl	m22	ame>    <_Editor>     <Category>Entries:m22</Category>     </_Editor>    <Debug>Fal
misc_tables.vpp_pc	mission_checkpoints.xtbl	mission_checkpoints.xtbl	m22	points>   <MissionCheckpoints>    <Name>m22-06</Name>    <Index>6</Index>    <Missi
misc_tables.vpp_pc	mission_checkpoints.xtbl	mission_checkpoints.xtbl	m22	me>    <Index>6</Index>    <MissionName>m22</MissionName>    <CheckpointName>m22_ch
misc_tables.vpp_pc	mission_checkpoints.xtbl	mission_checkpoints.xtbl	m22	me>m22</MissionName>    <CheckpointName>m22_checkpoint_text_get_to_the_armory3</Che
misc_tables.vpp_pc	mission_checkpoints.xtbl	mission_checkpoints.xtbl	m22	ame>    <_Editor>     <Category>Entries:m22</Category>     </_Editor>    <Debug>Fal
misc_tables.vpp_pc	mission_checkpoints.xtbl	mission_checkpoints.xtbl	m22	points>   <MissionCheckpoints>    <Name>m22-07</Name>    <Index>7</Index>    <Missi
misc_tables.vpp_pc	mission_checkpoints.xtbl	mission_checkpoints.xtbl	m22	me>    <Index>7</Index>    <MissionName>m22</MissionName>    <CheckpointName>m22_ch
misc_tables.vpp_pc	mission_checkpoints.xtbl	mission_checkpoints.xtbl	m22	me>m22</MissionName>    <CheckpointName>m22_checkpoint_text_armory_fight</Checkpoin
misc_tables.vpp_pc	mission_checkpoints.xtbl	mission_checkpoints.xtbl	m22	ame>    <_Editor>     <Category>Entries:m22</Category>     </_Editor>    <Debug>Fal
misc_tables.vpp_pc	mission_checkpoints.xtbl	mission_checkpoints.xtbl	m22	points>   <MissionCheckpoints>    <Name>m22-08</Name>    <Index>8</Index>    <Missi
misc_tables.vpp_pc	mission_checkpoints.xtbl	mission_checkpoints.xtbl	m22	me>    <Index>8</Index>    <MissionName>m22</MissionName>    <CheckpointName>m22_ch
misc_tables.vpp_pc	mission_checkpoints.xtbl	mission_checkpoints.xtbl	m22	me>m22</MissionName>    <CheckpointName>m22_checkpoint_text_make_your_choice</Check
misc_tables.vpp_pc	mission_checkpoints.xtbl	mission_checkpoints.xtbl	m22	ame>    <_Editor>     <Category>Entries:m22</Category>     </_Editor>    <Debug>Fal
misc_tables.vpp_pc	mission_checkpoints.xtbl	mission_checkpoints.xtbl	m22	points>   <MissionCheckpoints>    <Name>m22-09</Name>    <Index>9</Index>    <Missi
misc_tables.vpp_pc	mission_checkpoints.xtbl	mission_checkpoints.xtbl	m22	me>    <Index>9</Index>    <MissionName>m22</MissionName>    <CheckpointName>m22_ch
misc_tables.vpp_pc	mission_checkpoints.xtbl	mission_checkpoints.xtbl	m22	me>m22</MissionName>    <CheckpointName>m22_checkpoint_text_help_angel</CheckpointN
misc_tables.vpp_pc	mission_checkpoints.xtbl	mission_checkpoints.xtbl	m22	ame>    <_Editor>     <Category>Entries:m22</Category>     </_Editor>    <Debug>Fal
misc_tables.vpp_pc	mission_checkpoints.xtbl	mission_checkpoints.xtbl	m22	points>   <MissionCheckpoints>    <Name>m22-10</Name>    <Index>10</Index>    <Miss
misc_tables.vpp_pc	mission_checkpoints.xtbl	mission_checkpoints.xtbl	m22	e>    <Index>10</Index>    <MissionName>m22</MissionName>    <CheckpointName>m22_ch
misc_tables.vpp_pc	mission_checkpoints.xtbl	mission_checkpoints.xtbl	m22	me>m22</MissionName>    <CheckpointName>m22_checkpoint_text_stop_killbane_from_esca
misc_tables.vpp_pc	mission_checkpoints.xtbl	mission_checkpoints.xtbl	m22	ame>    <_Editor>     <Category>Entries:m22</Category>     </_Editor>    <Debug>Fal
misc_tables.vpp_pc	mission_checkpoints.xtbl	mission_checkpoints.xtbl	m22	points>   <MissionCheckpoints>    <Name>m22-11</Name>    <Index>11</Index>    <Miss
misc_tables.vpp_pc	mission_checkpoints.xtbl	mission_checkpoints.xtbl	m22	e>    <Index>11</Index>    <MissionName>m22</MissionName>    <CheckpointName>m22_ch
misc_tables.vpp_pc	mission_checkpoints.xtbl	mission_checkpoints.xtbl	m22	me>m22</MissionName>    <CheckpointName>m22_checkpoint_text_kill_killbane</Checkpoi
misc_tables.vpp_pc	mission_checkpoints.xtbl	mission_checkpoints.xtbl	m22	ame>    <_Editor>     <Category>Entries:m22</Category>     </_Editor>    <Debug>Fal
misc_tables.vpp_pc	mission_checkpoints.xtbl	mission_checkpoints.xtbl	m22	points>   <MissionCheckpoints>    <Name>m22-12</Name>    <Index>12</Index>    <Miss
misc_tables.vpp_pc	mission_checkpoints.xtbl	mission_checkpoints.xtbl	m22	e>    <Index>12</Index>    <MissionName>m22</MissionName>    <CheckpointName>m22_ch
misc_tables.vpp_pc	mission_checkpoints.xtbl	mission_checkpoints.xtbl	m22	me>m22</MissionName>    <CheckpointName>m22_checkpoint_text_save_saints</Checkpoint
misc_tables.vpp_pc	mission_checkpoints.xtbl	mission_checkpoints.xtbl	m22	ame>    <_Editor>     <Category>Entries:m22</Category>     </_Editor>    <Debug>Fal
misc_tables.vpp_pc	mission_checkpoints.xtbl	mission_checkpoints.xtbl	m22	points>   <MissionCheckpoints>    <Name>m22-13</Name>    <Index>13</Index>    <Miss
misc_tables.vpp_pc	mission_checkpoints.xtbl	mission_checkpoints.xtbl	m22	e>    <Index>13</Index>    <MissionName>m22</MissionName>    <CheckpointName>m22_ch
misc_tables.vpp_pc	mission_checkpoints.xtbl	mission_checkpoints.xtbl	m22	me>m22</MissionName>    <CheckpointName>m22_checkpoint_text_kill_kia</CheckpointNam
misc_tables.vpp_pc	mission_checkpoints.xtbl	mission_checkpoints.xtbl	m22	ame>    <_Editor>     <Category>Entries:m22</Category>     </_Editor>    <Debug>Fal
misc_tables.vpp_pc	mission_checkpoints.xtbl	mission_checkpoints.xtbl	m22	points>   <MissionCheckpoints>    <Name>m22-14</Name>    <Index>14</Index>    <Miss
misc_tables.vpp_pc	mission_checkpoints.xtbl	mission_checkpoints.xtbl	m22	e>    <Index>14</Index>    <MissionName>m22</MissionName>    <CheckpointName>m22_de
misc_tables.vpp_pc	mission_checkpoints.xtbl	mission_checkpoints.xtbl	m22	me>m22</MissionName>    <CheckpointName>m22_debug_checkpoint_airport_choice</Checkp
misc_tables.vpp_pc	mission_checkpoints.xtbl	mission_checkpoints.xtbl	m22	ame>    <_Editor>     <Category>Entries:m22</Category>     </_Editor>    <Debug>Tru
misc_tables.vpp_pc	mission_checkpoints.xtbl	mission_checkpoints.xtbl	m22	points>   <MissionCheckpoints>    <Name>m22-15</Name>    <Index>15</Index>    <Miss
misc_tables.vpp_pc	mission_checkpoints.xtbl	mission_checkpoints.xtbl	m22	e>    <Index>15</Index>    <MissionName>m22</MissionName>    <CheckpointName>m22_de
misc_tables.vpp_pc	mission_checkpoints.xtbl	mission_checkpoints.xtbl	m22	me>m22</MissionName>    <CheckpointName>m22_debug_checkpoint_statue_choice</Checkpo
misc_tables.vpp_pc	mission_checkpoints.xtbl	mission_checkpoints.xtbl	m22	ame>    <_Editor>     <Category>Entries:m22</Category>     </_Editor>    <Debug>Tru
misc_tables.vpp_pc	mission_checkpoints.xtbl	mission_checkpoints.xtbl	m22	points>   <MissionCheckpoints>    <Name>m22-16</Name>    <Index>16</Index>    <Miss
misc_tables.vpp_pc	mission_checkpoints.xtbl	mission_checkpoints.xtbl	m22	e>    <Index>16</Index>    <MissionName>m22</MissionName>    <CheckpointName>m22_de
misc_tables.vpp_pc	mission_checkpoints.xtbl	mission_checkpoints.xtbl	m22	me>m22</MissionName>    <CheckpointName>m22_debug_checkpoint_statue_cte</Checkpoint
misc_tables.vpp_pc	mission_checkpoints.xtbl	mission_checkpoints.xtbl	m22	ame>    <_Editor>     <Category>Entries:m22</Category>     </_Editor>    <Debug>Tru
misc_tables.vpp_pc	mission_checkpoints.xtbl	mission_checkpoints.xtbl	m22	    </Category>    <Category>     <Name>m22</Name>     </Category>    <Category>   
misc_tables.vpp_pc	mission_checkpoints.xtbl	mission_checkpoints.xtbl	m23	points>   <MissionCheckpoints>    <Name>m23-01</Name>    <Index>1</Index>    <Missi
misc_tables.vpp_pc	mission_checkpoints.xtbl	mission_checkpoints.xtbl	m23	me>    <Index>1</Index>    <MissionName>m23</MissionName>    <CheckpointName>m23_ch
misc_tables.vpp_pc	mission_checkpoints.xtbl	mission_checkpoints.xtbl	m23	me>m23</MissionName>    <CheckpointName>m23_checkpoint_saints_hq</CheckpointName>  
misc_tables.vpp_pc	mission_checkpoints.xtbl	mission_checkpoints.xtbl	m23	ame>    <_Editor>     <Category>Entries:m23</Category>     </_Editor>    <Debug>Fal
misc_tables.vpp_pc	mission_checkpoints.xtbl	mission_checkpoints.xtbl	m23	points>   <MissionCheckpoints>    <Name>m23-02</Name>    <Index>2</Index>    <Missi
misc_tables.vpp_pc	mission_checkpoints.xtbl	mission_checkpoints.xtbl	m23	me>    <Index>2</Index>    <MissionName>m23</MissionName>    <CheckpointName>m23_ch
misc_tables.vpp_pc	mission_checkpoints.xtbl	mission_checkpoints.xtbl	m23	me>m23</MissionName>    <CheckpointName>m23_checkpoint_landing_deck</CheckpointName
misc_tables.vpp_pc	mission_checkpoints.xtbl	mission_checkpoints.xtbl	m23	ame>    <_Editor>     <Category>Entries:m23</Category>     </_Editor>    <Debug>Fal
misc_tables.vpp_pc	mission_checkpoints.xtbl	mission_checkpoints.xtbl	m23	points>   <MissionCheckpoints>    <Name>m23-03</Name>    <Index>3</Index>    <Missi
misc_tables.vpp_pc	mission_checkpoints.xtbl	mission_checkpoints.xtbl	m23	me>    <Index>3</Index>    <MissionName>m23</MissionName>    <CheckpointName>m23_ch
misc_tables.vpp_pc	mission_checkpoints.xtbl	mission_checkpoints.xtbl	m23	me>m23</MissionName>    <CheckpointName>m23_checkpoint_bridge</CheckpointName>    <
misc_tables.vpp_pc	mission_checkpoints.xtbl	mission_checkpoints.xtbl	m23	ame>    <_Editor>     <Category>Entries:m23</Category>     </_Editor>    <Debug>Fal
misc_tables.vpp_pc	mission_checkpoints.xtbl	mission_checkpoints.xtbl	m23	points>   <MissionCheckpoints>    <Name>m23-04</Name>    <Index>4</Index>    <Missi
misc_tables.vpp_pc	mission_checkpoints.xtbl	mission_checkpoints.xtbl	m23	me>    <Index>4</Index>    <MissionName>m23</MissionName>    <CheckpointName>m23_ch
misc_tables.vpp_pc	mission_checkpoints.xtbl	mission_checkpoints.xtbl	m23	me>m23</MissionName>    <CheckpointName>m23_checkpoint_escape</CheckpointName>    <
misc_tables.vpp_pc	mission_checkpoints.xtbl	mission_checkpoints.xtbl	m23	ame>    <_Editor>     <Category>Entries:m23</Category>     </_Editor>    <Debug>Fal
misc_tables.vpp_pc	mission_checkpoints.xtbl	mission_checkpoints.xtbl	m23	    </Category>    <Category>     <Name>m23</Name>     </Category>    <Category>   
misc_tables.vpp_pc	mission_checkpoints.xtbl	mission_checkpoints.xtbl	m24	points>   <MissionCheckpoints>    <Name>m24-01</Name>    <Index>1</Index>    <Missi
misc_tables.vpp_pc	mission_checkpoints.xtbl	mission_checkpoints.xtbl	m24	me>    <Index>1</Index>    <MissionName>m24</MissionName>    <CheckpointName>m24_te
misc_tables.vpp_pc	mission_checkpoints.xtbl	mission_checkpoints.xtbl	m24	me>m24</MissionName>    <CheckpointName>m24_terminal2</CheckpointName>    <_Editor>
misc_tables.vpp_pc	mission_checkpoints.xtbl	mission_checkpoints.xtbl	m24	ame>    <_Editor>     <Category>Entries:m24</Category>     </_Editor>    <Debug>Fal
misc_tables.vpp_pc	mission_checkpoints.xtbl	mission_checkpoints.xtbl	m24	points>   <MissionCheckpoints>    <Name>m24-02</Name>    <Index>2</Index>    <Missi
misc_tables.vpp_pc	mission_checkpoints.xtbl	mission_checkpoints.xtbl	m24	me>    <Index>2</Index>    <MissionName>m24</MissionName>    <CheckpointName>m24_te
misc_tables.vpp_pc	mission_checkpoints.xtbl	mission_checkpoints.xtbl	m24	me>m24</MissionName>    <CheckpointName>m24_terminal3</CheckpointName>    <_Editor>
misc_tables.vpp_pc	mission_checkpoints.xtbl	mission_checkpoints.xtbl	m24	ame>    <_Editor>     <Category>Entries:m24</Category>     </_Editor>    <Debug>Fal
misc_tables.vpp_pc	mission_checkpoints.xtbl	mission_checkpoints.xtbl	m24	points>   <MissionCheckpoints>    <Name>m24-03</Name>    <Index>3</Index>    <Missi
misc_tables.vpp_pc	mission_checkpoints.xtbl	mission_checkpoints.xtbl	m24	me>    <Index>3</Index>    <MissionName>m24</MissionName>    <CheckpointName>m24_bo
misc_tables.vpp_pc	mission_checkpoints.xtbl	mission_checkpoints.xtbl	m24	me>m24</MissionName>    <CheckpointName>m24_bombs</CheckpointName>    <_Editor>    
misc_tables.vpp_pc	mission_checkpoints.xtbl	mission_checkpoints.xtbl	m24	ame>    <_Editor>     <Category>Entries:m24</Category>     </_Editor>    <Debug>Fal
misc_tables.vpp_pc	mission_checkpoints.xtbl	mission_checkpoints.xtbl	m24	points>   <MissionCheckpoints>    <Name>m24-04</Name>    <Index>4</Index>    <Missi
misc_tables.vpp_pc	mission_checkpoints.xtbl	mission_checkpoints.xtbl	m24	me>    <Index>4</Index>    <MissionName>m24</MissionName>    <CheckpointName>m24_br
misc_tables.vpp_pc	mission_checkpoints.xtbl	mission_checkpoints.xtbl	m24	me>m24</MissionName>    <CheckpointName>m24_bridge</CheckpointName>    <_Editor>   
misc_tables.vpp_pc	mission_checkpoints.xtbl	mission_checkpoints.xtbl	m24	ame>    <_Editor>     <Category>Entries:m24</Category>     </_Editor>    <Debug>Fal
misc_tables.vpp_pc	mission_checkpoints.xtbl	mission_checkpoints.xtbl	m24	points>   <MissionCheckpoints>    <Name>m24-05</Name>    <Index>5</Index>    <Missi
misc_tables.vpp_pc	mission_checkpoints.xtbl	mission_checkpoints.xtbl	m24	me>    <Index>5</Index>    <MissionName>m24</MissionName>    <CheckpointName>m24_ki
misc_tables.vpp_pc	mission_checkpoints.xtbl	mission_checkpoints.xtbl	m24	me>m24</MissionName>    <CheckpointName>m24_killbane</CheckpointName>    <_Editor> 
misc_tables.vpp_pc	mission_checkpoints.xtbl	mission_checkpoints.xtbl	m24	ame>    <_Editor>     <Category>Entries:m24</Category>     </_Editor>    <Debug>Fal
misc_tables.vpp_pc	mission_checkpoints.xtbl	mission_checkpoints.xtbl	m24	    </Category>    <Category>     <Name>m24</Name>     </Category>    <Category>   
misc_tables.vpp_pc	mission_checkpoints.xtbl	mission_checkpoints.xtbl	mm_p_03	points>   <MissionCheckpoints>    <Name>mm_p_03-01</Name>    <Index>1</Index>    <Missi
misc_tables.vpp_pc	mission_checkpoints.xtbl	mission_checkpoints.xtbl	mm_p_03	me>    <Index>1</Index>    <MissionName>mm_p_03</MissionName>    <CheckpointName>flashp
misc_tables.vpp_pc	mission_checkpoints.xtbl	mission_checkpoints.xtbl	mm_p_03	ame>    <_Editor>     <Category>Entries:mm_p_03</Category>     </_Editor>    <Debug>Fal
misc_tables.vpp_pc	mission_checkpoints.xtbl	mission_checkpoints.xtbl	mm_p_03	    </Category>    <Category>     <Name>mm_p_03</Name>     </Category>    <Category>   
misc_tables.vpp_pc	mission_checkpoints.xtbl	mission_checkpoints.xtbl	sh01	points>   <MissionCheckpoints>    <Name>sh01-01</Name>    <Index>1</Index>    <Missi
misc_tables.vpp_pc	mission_checkpoints.xtbl	mission_checkpoints.xtbl	sh01	me>    <Index>1</Index>    <MissionName>sh01</MissionName>    <CheckpointName>sh01_c
misc_tables.vpp_pc	mission_checkpoints.xtbl	mission_checkpoints.xtbl	sh01	e>sh01</MissionName>    <CheckpointName>sh01_checkpoint_enter_warehouse</CheckpointN
misc_tables.vpp_pc	mission_checkpoints.xtbl	mission_checkpoints.xtbl	sh01	ame>    <_Editor>     <Category>Entries:sh01</Category>     </_Editor>    <Debug>Fal
misc_tables.vpp_pc	mission_checkpoints.xtbl	mission_checkpoints.xtbl	sh01	points>   <MissionCheckpoints>    <Name>sh01-02</Name>    <Index>2</Index>    <Missi
misc_tables.vpp_pc	mission_checkpoints.xtbl	mission_checkpoints.xtbl	sh01	me>    <Index>2</Index>    <MissionName>sh01</MissionName>    <CheckpointName>sh01_c
misc_tables.vpp_pc	mission_checkpoints.xtbl	mission_checkpoints.xtbl	sh01	e>sh01</MissionName>    <CheckpointName>sh01_checkpoint_manager_office</CheckpointNa
misc_tables.vpp_pc	mission_checkpoints.xtbl	mission_checkpoints.xtbl	sh01	ame>    <_Editor>     <Category>Entries:sh01</Category>     </_Editor>    <Debug>Fal
misc_tables.vpp_pc	mission_checkpoints.xtbl	mission_checkpoints.xtbl	sh01	points>   <MissionCheckpoints>    <Name>sh01-03</Name>    <Index>3</Index>    <Missi
misc_tables.vpp_pc	mission_checkpoints.xtbl	mission_checkpoints.xtbl	sh01	me>    <Index>3</Index>    <MissionName>sh01</MissionName>    <CheckpointName>sh01_c
misc_tables.vpp_pc	mission_checkpoints.xtbl	mission_checkpoints.xtbl	sh01	e>sh01</MissionName>    <CheckpointName>sh01_checkpoint_brute_fight</CheckpointName>
misc_tables.vpp_pc	mission_checkpoints.xtbl	mission_checkpoints.xtbl	sh01	ame>    <_Editor>     <Category>Entries:sh01</Category>     </_Editor>    <Debug>Fal
misc_tables.vpp_pc	mission_checkpoints.xtbl	mission_checkpoints.xtbl	sh01	points>   <MissionCheckpoints>    <Name>sh01-04</Name>    <Index>4</Index>    <Missi
misc_tables.vpp_pc	mission_checkpoints.xtbl	mission_checkpoints.xtbl	sh01	me>    <Index>4</Index>    <MissionName>sh01</MissionName>    <CheckpointName>sh01_c
misc_tables.vpp_pc	mission_checkpoints.xtbl	mission_checkpoints.xtbl	sh01	e>sh01</MissionName>    <CheckpointName>sh01_checkpoint_catwalk</CheckpointName>    
misc_tables.vpp_pc	mission_checkpoints.xtbl	mission_checkpoints.xtbl	sh01	ame>    <_Editor>     <Category>Entries:sh01</Category>     </_Editor>    <Debug>Fal
misc_tables.vpp_pc	mission_checkpoints.xtbl	mission_checkpoints.xtbl	sh01	points>   <MissionCheckpoints>    <Name>sh01-05</Name>    <Index>5</Index>    <Missi
misc_tables.vpp_pc	mission_checkpoints.xtbl	mission_checkpoints.xtbl	sh01	me>    <Index>5</Index>    <MissionName>sh01</MissionName>    <CheckpointName>sh01_c
misc_tables.vpp_pc	mission_checkpoints.xtbl	mission_checkpoints.xtbl	sh01	e>sh01</MissionName>    <CheckpointName>sh01_checkpoint_clean_house</CheckpointName>
misc_tables.vpp_pc	mission_checkpoints.xtbl	mission_checkpoints.xtbl	sh01	ame>    <_Editor>     <Category>Entries:sh01</Category>     </_Editor>    <Debug>Fal
misc_tables.vpp_pc	mission_checkpoints.xtbl	mission_checkpoints.xtbl	sh01	    </Category>    <Category>     <Name>sh01</Name>     </Category>    <Category>   
misc_tables.vpp_pc	mission_checkpoints.xtbl	mission_checkpoints.xtbl	sh02	points>   <MissionCheckpoints>    <Name>sh02-01</Name>    <Index>1</Index>    <Missi
misc_tables.vpp_pc	mission_checkpoints.xtbl	mission_checkpoints.xtbl	sh02	me>    <Index>1</Index>    <MissionName>sh02</MissionName>    <CheckpointName>sh02_c
misc_tables.vpp_pc	mission_checkpoints.xtbl	mission_checkpoints.xtbl	sh02	e>sh02</MissionName>    <CheckpointName>sh02_checkpoint_collection_room</CheckpointN
misc_tables.vpp_pc	mission_checkpoints.xtbl	mission_checkpoints.xtbl	sh02	ame>    <_Editor>     <Category>Entries:sh02</Category>     </_Editor>    <Debug>Fal
misc_tables.vpp_pc	mission_checkpoints.xtbl	mission_checkpoints.xtbl	sh02	points>   <MissionCheckpoints>    <Name>sh02-02</Name>    <Index>2</Index>    <Missi
misc_tables.vpp_pc	mission_checkpoints.xtbl	mission_checkpoints.xtbl	sh02	me>    <Index>2</Index>    <MissionName>sh02</MissionName>    <CheckpointName>sh02_c
misc_tables.vpp_pc	mission_checkpoints.xtbl	mission_checkpoints.xtbl	sh02	e>sh02</MissionName>    <CheckpointName>sh02_checkpoint_basement</CheckpointName>   
misc_tables.vpp_pc	mission_checkpoints.xtbl	mission_checkpoints.xtbl	sh02	ame>    <_Editor>     <Category>Entries:sh02</Category>     </_Editor>    <Debug>Fal
misc_tables.vpp_pc	mission_checkpoints.xtbl	mission_checkpoints.xtbl	sh02	points>   <MissionCheckpoints>    <Name>sh02-03</Name>    <Index>3</Index>    <Missi
misc_tables.vpp_pc	mission_checkpoints.xtbl	mission_checkpoints.xtbl	sh02	me>    <Index>3</Index>    <MissionName>sh02</MissionName>    <CheckpointName>sh02_c
misc_tables.vpp_pc	mission_checkpoints.xtbl	mission_checkpoints.xtbl	sh02	e>sh02</MissionName>    <CheckpointName>sh02_checkpoint_kill_brute</CheckpointName> 
misc_tables.vpp_pc	mission_checkpoints.xtbl	mission_checkpoints.xtbl	sh02	ame>    <_Editor>     <Category>Entries:sh02</Category>     </_Editor>    <Debug>Fal
misc_tables.vpp_pc	mission_checkpoints.xtbl	mission_checkpoints.xtbl	sh02	points>   <MissionCheckpoints>    <Name>sh02-04</Name>    <Index>4</Index>    <Missi
misc_tables.vpp_pc	mission_checkpoints.xtbl	mission_checkpoints.xtbl	sh02	me>    <Index>4</Index>    <MissionName>sh02</MissionName>    <CheckpointName>sh02_c
misc_tables.vpp_pc	mission_checkpoints.xtbl	mission_checkpoints.xtbl	sh02	e>sh02</MissionName>    <CheckpointName>sh02_checkpoint_clean_house</CheckpointName>
misc_tables.vpp_pc	mission_checkpoints.xtbl	mission_checkpoints.xtbl	sh02	ame>    <_Editor>     <Category>Entries:sh02</Category>     </_Editor>    <Debug>Fal
misc_tables.vpp_pc	mission_checkpoints.xtbl	mission_checkpoints.xtbl	sh02	    </Category>    <Category>     <Name>sh02</Name>     </Category>    <Category>   
misc_tables.vpp_pc	mission_checkpoints.xtbl	mission_checkpoints.xtbl	sh03	points>   <MissionCheckpoints>    <Name>sh03-01</Name>    <Index>1</Index>    <Missi
misc_tables.vpp_pc	mission_checkpoints.xtbl	mission_checkpoints.xtbl	sh03	me>    <Index>1</Index>    <MissionName>sh03</MissionName>    <CheckpointName>sh03_c
misc_tables.vpp_pc	mission_checkpoints.xtbl	mission_checkpoints.xtbl	sh03	e>sh03</MissionName>    <CheckpointName>sh03_checkpoint_plant</CheckpointName>    <_
misc_tables.vpp_pc	mission_checkpoints.xtbl	mission_checkpoints.xtbl	sh03	ame>    <_Editor>     <Category>Entries:sh03</Category>     </_Editor>    <Debug>Fal
misc_tables.vpp_pc	mission_checkpoints.xtbl	mission_checkpoints.xtbl	sh03	points>   <MissionCheckpoints>    <Name>sh03-02</Name>    <Index>2</Index>    <Missi
misc_tables.vpp_pc	mission_checkpoints.xtbl	mission_checkpoints.xtbl	sh03	me>    <Index>2</Index>    <MissionName>sh03</MissionName>    <CheckpointName>sh03_c
misc_tables.vpp_pc	mission_checkpoints.xtbl	mission_checkpoints.xtbl	sh03	e>sh03</MissionName>    <CheckpointName>sh03_checkpoint_helicopter</CheckpointName> 
misc_tables.vpp_pc	mission_checkpoints.xtbl	mission_checkpoints.xtbl	sh03	ame>    <_Editor>     <Category>Entries:sh03</Category>     </_Editor>    <Debug>Fal
misc_tables.vpp_pc	mission_checkpoints.xtbl	mission_checkpoints.xtbl	sh03	points>   <MissionCheckpoints>    <Name>sh03-03</Name>    <Index>3</Index>    <Missi
misc_tables.vpp_pc	mission_checkpoints.xtbl	mission_checkpoints.xtbl	sh03	me>    <Index>3</Index>    <MissionName>sh03</MissionName>    <CheckpointName>sh03_c
misc_tables.vpp_pc	mission_checkpoints.xtbl	mission_checkpoints.xtbl	sh03	e>sh03</MissionName>    <CheckpointName>sh03_checkpoint_tower</CheckpointName>    <_
misc_tables.vpp_pc	mission_checkpoints.xtbl	mission_checkpoints.xtbl	sh03	ame>    <_Editor>     <Category>Entries:sh03</Category>     </_Editor>    <Debug>Fal
misc_tables.vpp_pc	mission_checkpoints.xtbl	mission_checkpoints.xtbl	sh03	    </Category>    <Category>     <Name>sh03</Name>     </Category>    <Category>   
misc_tables.vpp_pc	mission_checkpoints.xtbl	mission_checkpoints.xtbl	sh04	points>   <MissionCheckpoints>    <Name>sh04-01</Name>    <Index>1</Index>    <Missi
misc_tables.vpp_pc	mission_checkpoints.xtbl	mission_checkpoints.xtbl	sh04	me>    <Index>1</Index>    <MissionName>sh04</MissionName>    <CheckpointName>sh04_c
misc_tables.vpp_pc	mission_checkpoints.xtbl	mission_checkpoints.xtbl	sh04	e>sh04</MissionName>    <CheckpointName>sh04_checkpoint_mask</CheckpointName>    <_E
misc_tables.vpp_pc	mission_checkpoints.xtbl	mission_checkpoints.xtbl	sh04	ame>    <_Editor>     <Category>Entries:sh04</Category>     </_Editor>    <Debug>Fal
misc_tables.vpp_pc	mission_checkpoints.xtbl	mission_checkpoints.xtbl	sh04	    </Category>    <Category>     <Name>sh04</Name>     </Category>    </Category>  
misc_tables.vpp_pc	mission_help.xtbl	mission_help.xtbl	m01	ditor>    </String>   <String>    <Name>m01</Name>    <Texts>     <Text>      <Name
misc_tables.vpp_pc	mission_help.xtbl	mission_help.xtbl	m01	/Name>    <Texts>     <Text>      <Name>m01_failure_gat_died</Name>      <DisplayTe
misc_tables.vpp_pc	mission_help.xtbl	mission_help.xtbl	m01	ion>      </Text>     <Text>      <Name>m01_failure_shaundi_died</Name>      <Displ
misc_tables.vpp_pc	mission_help.xtbl	mission_help.xtbl	m01	ion>      </Text>     <Text>      <Name>m01_failure_josh_died</Name>      <DisplayT
misc_tables.vpp_pc	mission_help.xtbl	mission_help.xtbl	m01	ion>      </Text>     <Text>      <Name>m01_kill_lobby_guards</Name>      <DisplayT
misc_tables.vpp_pc	mission_help.xtbl	mission_help.xtbl	m01	ion>      </Text>     <Text>      <Name>m01_go_to_vault</Name>      <DisplayText>M0
misc_tables.vpp_pc	mission_help.xtbl	mission_help.xtbl	m01	ion>      </Text>     <Text>      <Name>m01_set_explosives</Name>      <DisplayText
misc_tables.vpp_pc	mission_help.xtbl	mission_help.xtbl	m01	ion>      </Text>     <Text>      <Name>m01_survive</Name>      <DisplayText>M01_SU
misc_tables.vpp_pc	mission_help.xtbl	mission_help.xtbl	m01	ion>      </Text>     <Text>      <Name>m01_ride_vault</Name>      <DisplayText>M01
misc_tables.vpp_pc	mission_help.xtbl	mission_help.xtbl	m01	itor>    </String>   <String>    <Name>mm01</Name>    <Texts>     <Text>      <Name
misc_tables.vpp_pc	mission_help.xtbl	mission_help.xtbl	m01	Name>    <Texts>     <Text>      <Name>mm01_pierce_died</Name>      <DisplayText>MM
misc_tables.vpp_pc	mission_help.xtbl	mission_help.xtbl	m01	on>      </Text>     <Text>      <Name>mm01_pierce_abandonded</Name>      <DisplayT
misc_tables.vpp_pc	mission_help.xtbl	mission_help.xtbl	m02	ditor>    </String>   <String>    <Name>m02</Name>    <Texts>     <Text>      <Name
misc_tables.vpp_pc	mission_help.xtbl	mission_help.xtbl	m02	/Name>    <Texts>     <Text>      <Name>m02_failure_shaundi_died</Name>      <Displ
misc_tables.vpp_pc	mission_help.xtbl	mission_help.xtbl	m02	ion>      </Text>     <Text>      <Name>m02_failure_player_ejected</Name>      <Dis
misc_tables.vpp_pc	mission_help.xtbl	mission_help.xtbl	m02	  <TableTemplates>   <String>    <Name>em02</Name>    <Texts></Texts>    <_Editor> 
misc_tables.vpp_pc	mission_help.xtbl	mission_help.xtbl	m03	ditor>    </String>   <String>    <Name>m03</Name>    <Texts>     <Text>      <Name
misc_tables.vpp_pc	mission_help.xtbl	mission_help.xtbl	m03	/Name>    <Texts>     <Text>      <Name>m03_failure_bomb_destroyed</Name>      <Dis
misc_tables.vpp_pc	mission_help.xtbl	mission_help.xtbl	m03	ion>      </Text>     <Text>      <Name>m03_failure_pierce_destroyed</Name>      <D
misc_tables.vpp_pc	mission_help.xtbl	mission_help.xtbl	m03	ion>      </Text>     <Text>      <Name>m03_failure_shaundi_killed</Name>      <Dis
misc_tables.vpp_pc	mission_help.xtbl	mission_help.xtbl	m03	ion>      </Text>     <Text>      <Name>m03_failure_homie_dismissed</Name>      <Di
misc_tables.vpp_pc	mission_help.xtbl	mission_help.xtbl	m03	ion>      </Text>     <Text>      <Name>m03_failure_heli_destroyed</Name>      <Dis
misc_tables.vpp_pc	mission_help.xtbl	mission_help.xtbl	m03	itor>    </String>   <String>    <Name>mm03</Name>    <Texts>     <Text>      <Name
misc_tables.vpp_pc	mission_help.xtbl	mission_help.xtbl	m04	ditor>    </String>   <String>    <Name>m04</Name>    <Texts>     <Text>      <Name
misc_tables.vpp_pc	mission_help.xtbl	mission_help.xtbl	m04	/Name>    <Texts>     <Text>      <Name>m04_obj_get_car</Name>      <DisplayText>M0
misc_tables.vpp_pc	mission_help.xtbl	mission_help.xtbl	m04	ion>      </Text>     <Text>      <Name>m04_obj_find_mechanic</Name>      <DisplayT
misc_tables.vpp_pc	mission_help.xtbl	mission_help.xtbl	m04	ion>      </Text>     <Text>      <Name>m04_obj_use_mechanic</Name>      <DisplayTe
misc_tables.vpp_pc	mission_help.xtbl	mission_help.xtbl	m04	ion>      </Text>     <Text>      <Name>m04_obj_find_clothes</Name>      <DisplayTe
misc_tables.vpp_pc	mission_help.xtbl	mission_help.xtbl	m04	ion>      </Text>     <Text>      <Name>m04_obj_buy_clothes</Name>      <DisplayTex
misc_tables.vpp_pc	mission_help.xtbl	mission_help.xtbl	m04	ion>      </Text>     <Text>      <Name>m04_obj_return_home</Name>      <DisplayTex
misc_tables.vpp_pc	mission_help.xtbl	mission_help.xtbl	m04	ion>      </Text>     <Text>      <Name>m04_obj_kill_goons</Name>      <DisplayText
misc_tables.vpp_pc	mission_help.xtbl	mission_help.xtbl	m04	ion>      </Text>     <Text>      <Name>m04_obj_kill_brute</Name>      <DisplayText
misc_tables.vpp_pc	mission_help.xtbl	mission_help.xtbl	m04	ion>      </Text>     <Text>      <Name>m04_failure_pierce_died</Name>      <Displa
misc_tables.vpp_pc	mission_help.xtbl	mission_help.xtbl	m04	ion>      </Text>     <Text>      <Name>m04_failure_abandon_pierce</Name>      <Dis
misc_tables.vpp_pc	mission_help.xtbl	mission_help.xtbl	m04	ion>      </Text>     <Text>      <Name>m04_failure_car_destroyed</Name>      <Disp
misc_tables.vpp_pc	mission_help.xtbl	mission_help.xtbl	m05	ditor>    </String>   <String>    <Name>m05</Name>    <Texts>     <Text>      <Name
misc_tables.vpp_pc	mission_help.xtbl	mission_help.xtbl	m05	/Name>    <Texts>     <Text>      <Name>m05_fail_chase</Name>      <DisplayText>M05
misc_tables.vpp_pc	mission_help.xtbl	mission_help.xtbl	m05	ion>      </Text>     <Text>      <Name>m05_fail_left</Name>      <DisplayText>M05_
misc_tables.vpp_pc	mission_help.xtbl	mission_help.xtbl	m05	ion>      </Text>     <Text>      <Name>m05_fail_time</Name>      <DisplayText>M05_
misc_tables.vpp_pc	mission_help.xtbl	mission_help.xtbl	m05	ion>      </Text>     <Text>      <Name>m05_fail_lt_died</Name>      <DisplayText>M
misc_tables.vpp_pc	mission_help.xtbl	mission_help.xtbl	m06	ditor>    </String>   <String>    <Name>m06</Name>    <Texts>     <Text>      <Name
misc_tables.vpp_pc	mission_help.xtbl	mission_help.xtbl	m06	/Name>    <Texts>     <Text>      <Name>m06_obj_syn_tower</Name>      <DisplayText>
misc_tables.vpp_pc	mission_help.xtbl	mission_help.xtbl	m06	ion>      </Text>     <Text>      <Name>m06_obj_dock_thugs</Name>      <DisplayText
misc_tables.vpp_pc	mission_help.xtbl	mission_help.xtbl	m06	ion>      </Text>     <Text>      <Name>m06_obj_set_bomb</Name>      <DisplayText>M
misc_tables.vpp_pc	mission_help.xtbl	mission_help.xtbl	m06	ion>      </Text>     <Text>      <Name>m06_obj_to_factory</Name>      <DisplayText
misc_tables.vpp_pc	mission_help.xtbl	mission_help.xtbl	m06	ion>      </Text>     <Text>      <Name>m06_obj_to_oleg</Name>      <DisplayText>M0
misc_tables.vpp_pc	mission_help.xtbl	mission_help.xtbl	m06	ion>      </Text>     <Text>      <Name>m06_obj_kill_brute</Name>      <DisplayText
misc_tables.vpp_pc	mission_help.xtbl	mission_help.xtbl	m06	ion>      </Text>     <Text>      <Name>m06_obj_phillipe</Name>      <DisplayText>M
misc_tables.vpp_pc	mission_help.xtbl	mission_help.xtbl	m06	ion>      </Text>     <Text>      <Name>m06_obj_find_ball</Name>      <DisplayText>
misc_tables.vpp_pc	mission_help.xtbl	mission_help.xtbl	m06	ion>      </Text>     <Text>      <Name>m06_obj_ride_ball</Name>      <DisplayText>
misc_tables.vpp_pc	mission_help.xtbl	mission_help.xtbl	m06	ion>      </Text>     <Text>      <Name>m06_obj_decide</Name>      <DisplayText>M06
misc_tables.vpp_pc	mission_help.xtbl	mission_help.xtbl	m06	ion>      </Text>     <Text>      <Name>m06_failure_pierce_died</Name>      <Displa
misc_tables.vpp_pc	mission_help.xtbl	mission_help.xtbl	m06	ion>      </Text>     <Text>      <Name>m06_failure_shaundi_died</Name>      <Displ
misc_tables.vpp_pc	mission_help.xtbl	mission_help.xtbl	m06	ion>      </Text>     <Text>      <Name>m06_failure_oleg_died</Name>      <DisplayT
misc_tables.vpp_pc	mission_help.xtbl	mission_help.xtbl	m06	ion>      </Text>     <Text>      <Name>m06_failure_destroy_bomb</Name>      <Displ
misc_tables.vpp_pc	mission_help.xtbl	mission_help.xtbl	m06	ion>      </Text>     <Text>      <Name>m06_failure_homie_dismissed</Name>      <Di
misc_tables.vpp_pc	mission_help.xtbl	mission_help.xtbl	m07	ditor>    </String>   <String>    <Name>m07</Name>    <Texts>     <Text>      <Name
misc_tables.vpp_pc	mission_help.xtbl	mission_help.xtbl	m07	/Name>    <Texts>     <Text>      <Name>m07_failure_oleg_died</Name>      <DisplayT
misc_tables.vpp_pc	mission_help.xtbl	mission_help.xtbl	m07	ion>      </Text>     <Text>      <Name>m07_failure_zimos_died</Name>      <Display
misc_tables.vpp_pc	mission_help.xtbl	mission_help.xtbl	m07	ion>      </Text>     <Text>      <Name>m07_failure_angel_died</Name>      <Display
misc_tables.vpp_pc	mission_help.xtbl	mission_help.xtbl	m07	ion>      </Text>     <Text>      <Name>m07_failure_shaundi_died</Name>      <Displ
misc_tables.vpp_pc	mission_help.xtbl	mission_help.xtbl	m07	ion>      </Text>     <Text>      <Name>m07_failure_pierce_died</Name>      <Displa
misc_tables.vpp_pc	mission_help.xtbl	mission_help.xtbl	m07	ion>      </Text>     <Text>      <Name>m07_failure_kinzie_died</Name>      <Displa
misc_tables.vpp_pc	mission_help.xtbl	mission_help.xtbl	m07	ion>      </Text>     <Text>      <Name>m07_failure_club_owner_died</Name>      <Di
misc_tables.vpp_pc	mission_help.xtbl	mission_help.xtbl	m07	ion>      </Text>     <Text>      <Name>m07_failure_patrons_died</Name>      <Displ
misc_tables.vpp_pc	mission_help.xtbl	mission_help.xtbl	m08	ditor>    </String>   <String>    <Name>m08</Name>    <Texts>     <Text>      <Name
misc_tables.vpp_pc	mission_help.xtbl	mission_help.xtbl	m08	/Name>    <Texts>     <Text>      <Name>m08_failure_pierce_died</Name>      <Displa
misc_tables.vpp_pc	mission_help.xtbl	mission_help.xtbl	m08	ion>      </Text>     <Text>      <Name>m08_failure_zimos_died</Name>      <Display
misc_tables.vpp_pc	mission_help.xtbl	mission_help.xtbl	m09	ditor>    </String>   <String>    <Name>m09</Name>    <Texts>     <Text>      <Name
misc_tables.vpp_pc	mission_help.xtbl	mission_help.xtbl	m09	/Name>    <Texts>     <Text>      <Name>m09_failure_zimos_died</Name>      <Display
misc_tables.vpp_pc	mission_help.xtbl	mission_help.xtbl	m09	ion>      </Text>     <Text>      <Name>m09_failure_girls_heli</Name>      <Display
misc_tables.vpp_pc	mission_help.xtbl	mission_help.xtbl	m09	ion>      </Text>     <Text>      <Name>m09_failure_girls_truck</Name>      <Displa
misc_tables.vpp_pc	mission_help.xtbl	mission_help.xtbl	m09	ion>      </Text>     <Text>      <Name>m09_failure_zimos_abandoned</Name>      <Di
misc_tables.vpp_pc	mission_help.xtbl	mission_help.xtbl	m09	ion>      </Text>     <Text>      <Name>m09_failure_ship_abandoned</Name>      <Dis
misc_tables.vpp_pc	mission_help.xtbl	mission_help.xtbl	m10	ditor>    </String>   <String>    <Name>m10</Name>    <Texts>     <Text>      <Name
misc_tables.vpp_pc	mission_help.xtbl	mission_help.xtbl	m10	/Name>    <Texts>     <Text>      <Name>m10_obj_escape_stag</Name>      <DisplayTex
misc_tables.vpp_pc	mission_help.xtbl	mission_help.xtbl	m10	ion>      </Text>     <Text>      <Name>m10_obj_call_elevator</Name>      <DisplayT
misc_tables.vpp_pc	mission_help.xtbl	mission_help.xtbl	m10	ion>      </Text>     <Text>      <Name>m10_obj_survive</Name>      <DisplayText>M1
misc_tables.vpp_pc	mission_help.xtbl	mission_help.xtbl	m10	ion>      </Text>     <Text>      <Name>m10_obj_escape_to_saints_hq</Name>      <Di
misc_tables.vpp_pc	mission_help.xtbl	mission_help.xtbl	m10	ion>      </Text>     <Text>      <Name>m10_failure_oleg_died</Name>      <DisplayT
misc_tables.vpp_pc	mission_help.xtbl	mission_help.xtbl	m10	ion>      </Text>     <Text>      <Name>m10_failure_viola_died</Name>      <Display
misc_tables.vpp_pc	mission_help.xtbl	mission_help.xtbl	m10	ion>      </Text>     <Text>      <Name>m10_failure_oleg_dismissed</Name>      <Dis
misc_tables.vpp_pc	mission_help.xtbl	mission_help.xtbl	m10	ion>      </Text>     <Text>      <Name>m10_failure_viola_dismissed</Name>      <Di
misc_tables.vpp_pc	mission_help.xtbl	mission_help.xtbl	m11	ditor>    </String>   <String>    <Name>m11</Name>    <Texts>     <Text>      <Name
misc_tables.vpp_pc	mission_help.xtbl	mission_help.xtbl	m11	/Name>    <Texts>     <Text>      <Name>m11_fail_oleg</Name>      <DisplayText>M11_
misc_tables.vpp_pc	mission_help.xtbl	mission_help.xtbl	m11	ion>      </Text>     <Text>      <Name>m11_fail_stag</Name>      <DisplayText>M11_
misc_tables.vpp_pc	mission_help.xtbl	mission_help.xtbl	m11	ion>      </Text>     <Text>      <Name>m11_fail_convoy</Name>      <DisplayText>M1
misc_tables.vpp_pc	mission_help.xtbl	mission_help.xtbl	m12	ditor>    </String>   <String>    <Name>m12</Name>    <Texts>     <Text>      <Name
misc_tables.vpp_pc	mission_help.xtbl	mission_help.xtbl	m12	/Name>    <Texts>     <Text>      <Name>m12_failure_suko_died</Name>      <DisplayT
misc_tables.vpp_pc	mission_help.xtbl	mission_help.xtbl	m12	ion>      </Text>     <Text>      <Name>m12_failure_josh_died</Name>      <DisplayT
misc_tables.vpp_pc	mission_help.xtbl	mission_help.xtbl	m12	ion>      </Text>     <Text>      <Name>m12_failure_cover_blown</Name>      <Displa
misc_tables.vpp_pc	mission_help.xtbl	mission_help.xtbl	m12	ion>      </Text>     <Text>      <Name>m12_failure_josh_abandoned</Name>      <Dis
misc_tables.vpp_pc	mission_help.xtbl	mission_help.xtbl	m12	ion>      </Text>     <Text>      <Name>m12_failure_suko_abandoned</Name>      <Dis
misc_tables.vpp_pc	mission_help.xtbl	mission_help.xtbl	m13	ditor>    </String>   <String>    <Name>m13</Name>    <Texts>     <Text>      <Name
misc_tables.vpp_pc	mission_help.xtbl	mission_help.xtbl	m13	/Name>    <Texts>     <Text>      <Name>m13_failure_failed_to_escape</Name>      <D
misc_tables.vpp_pc	mission_help.xtbl	mission_help.xtbl	m13	ion>      </Text>     <Text>      <Name>m13_failure_josh_died</Name>      <DisplayT
misc_tables.vpp_pc	mission_help.xtbl	mission_help.xtbl	m13	ion>      </Text>     <Text>      <Name>m13_failure_pierce_abandoned</Name>      <D
misc_tables.vpp_pc	mission_help.xtbl	mission_help.xtbl	m13	ion>      </Text>     <Text>      <Name>m13_failure_pierce_died</Name>      <Displa
misc_tables.vpp_pc	mission_help.xtbl	mission_help.xtbl	m13	ion>      </Text>     <Text>      <Name>m13_failure_saints_hq_abandoned</Name>     
misc_tables.vpp_pc	mission_help.xtbl	mission_help.xtbl	m13	ion>      </Text>     <Text>      <Name>m13_failure_viola_abandoned</Name>      <Di
misc_tables.vpp_pc	mission_help.xtbl	mission_help.xtbl	m13	ion>      </Text>     <Text>      <Name>m13_failure_viola_died</Name>      <Display
misc_tables.vpp_pc	mission_help.xtbl	mission_help.xtbl	m13	ion>      </Text>     <Text>      <Name>m13_failure_oleg_died</Name>      <DisplayT
misc_tables.vpp_pc	mission_help.xtbl	mission_help.xtbl	m14	ditor>    </String>   <String>    <Name>m14</Name>    <Texts>     <Text>      <Name
misc_tables.vpp_pc	mission_help.xtbl	mission_help.xtbl	m14	/Name>    <Texts>     <Text>      <Name>m14_failure_van_destroyed</Name>      <Disp
misc_tables.vpp_pc	mission_help.xtbl	mission_help.xtbl	m14	ion>      </Text>     <Text>      <Name>m14_failure_heli_destroyed</Name>      <Dis
misc_tables.vpp_pc	mission_help.xtbl	mission_help.xtbl	m14	ion>      </Text>     <Text>      <Name>m14_failure_shaundi_died</Name>      <Displ
misc_tables.vpp_pc	mission_help.xtbl	mission_help.xtbl	m14	ion>      </Text>     <Text>      <Name>m14_failure_shaundi_abandoned</Name>      <
misc_tables.vpp_pc	mission_help.xtbl	mission_help.xtbl	m14	ion>      </Text>     <Text>      <Name>m14_failure_heli_unreachable</Name>      <D
misc_tables.vpp_pc	mission_help.xtbl	mission_help.xtbl	m14	ion>      </Text>     <Text>      <Name>m14_failure_heli_abandoned</Name>      <Dis
misc_tables.vpp_pc	mission_help.xtbl	mission_help.xtbl	m14	ion>      </Text>     <Text>      <Name>m14_failure_jane_died</Name>      <DisplayT
misc_tables.vpp_pc	mission_help.xtbl	mission_help.xtbl	m14	ion>      </Text>     <Text>      <Name>m14_failure_killbane_escaped</Name>      <D
misc_tables.vpp_pc	mission_help.xtbl	mission_help.xtbl	m15	ditor>    </String>   <String>    <Name>m15</Name>    <Texts>     <Text>      <Name
misc_tables.vpp_pc	mission_help.xtbl	mission_help.xtbl	m15	/Name>    <Texts>     <Text>      <Name>m15_failure_pierce_died</Name>      <Displa
misc_tables.vpp_pc	mission_help.xtbl	mission_help.xtbl	m15	ion>      </Text>     <Text>      <Name>m15_failure_truck_deckers_hq</Name>      <D
misc_tables.vpp_pc	mission_help.xtbl	mission_help.xtbl	m15	ion>      </Text>     <Text>      <Name>m15_failure_truck_destroyed</Name>      <Di
misc_tables.vpp_pc	mission_help.xtbl	mission_help.xtbl	m15	ion>      </Text>     <Text>      <Name>m15_failure_pierce_dismissed</Name>      <D
misc_tables.vpp_pc	mission_help.xtbl	mission_help.xtbl	m15	ion>      </Text>     <Text>      <Name>m15_failure_truck_crushed</Name>      <Disp
misc_tables.vpp_pc	mission_help.xtbl	mission_help.xtbl	m16	ditor>    </String>   <String>    <Name>m16</Name>    <Texts>     <Text>      <Name
misc_tables.vpp_pc	mission_help.xtbl	mission_help.xtbl	m16	/Name>    <Texts>     <Text>      <Name>m16_choose_company_a</Name>      <DisplayTe
misc_tables.vpp_pc	mission_help.xtbl	mission_help.xtbl	m16	ion>      </Text>     <Text>      <Name>m16_choose_company_b</Name>      <DisplayTe
misc_tables.vpp_pc	mission_help.xtbl	mission_help.xtbl	m16	ion>      </Text>     <Text>      <Name>m16_obj_choose_a_company</Name>      <Displ
misc_tables.vpp_pc	mission_help.xtbl	mission_help.xtbl	m16	ion>      </Text>     <Text>      <Name>m16_obj_debug_error</Name>      <DisplayTex
misc_tables.vpp_pc	mission_help.xtbl	mission_help.xtbl	m16	ion>      </Text>     <Text>      <Name>m16_obj_goto_anti_virus</Name>      <Displa
misc_tables.vpp_pc	mission_help.xtbl	mission_help.xtbl	m16	ion>      </Text>     <Text>      <Name>m16_obj_goto_firewall</Name>      <DisplayT
misc_tables.vpp_pc	mission_help.xtbl	mission_help.xtbl	m16	ion>      </Text>     <Text>      <Name>m16_obj_goto_internet_security</Name>      
misc_tables.vpp_pc	mission_help.xtbl	mission_help.xtbl	m16	ion>      </Text>     <Text>      <Name>m16_obj_kill_matt</Name>      <DisplayText>
misc_tables.vpp_pc	mission_help.xtbl	mission_help.xtbl	m16	ion>      </Text>     <Text>      <Name>m16_obj_kill_tanks</Name>      <DisplayText
misc_tables.vpp_pc	mission_help.xtbl	mission_help.xtbl	m16	ion>      </Text>     <Text>      <Name>m16_obj_survive_onslaught</Name>      <Disp
misc_tables.vpp_pc	mission_help.xtbl	mission_help.xtbl	m16	ion>      </Text>     <Text>      <Name>m16_obj_kill_all_enemies</Name>      <Displ
misc_tables.vpp_pc	mission_help.xtbl	mission_help.xtbl	m16	ion>      </Text>     <Text>      <Name>m16_obj_survive_text</Name>      <DisplayTe
misc_tables.vpp_pc	mission_help.xtbl	mission_help.xtbl	m16	ion>      </Text>     <Text>      <Name>m16_txt_adv_sc_00</Name>      <DisplayText>
misc_tables.vpp_pc	mission_help.xtbl	mission_help.xtbl	m16	ion>      </Text>     <Text>      <Name>m16_txt_adv_sc_01</Name>      <DisplayText>
misc_tables.vpp_pc	mission_help.xtbl	mission_help.xtbl	m16	ion>      </Text>     <Text>      <Name>m16_txt_adv_sc_02</Name>      <DisplayText>
misc_tables.vpp_pc	mission_help.xtbl	mission_help.xtbl	m16	ion>      </Text>     <Text>      <Name>m16_txt_adv_sc_03</Name>      <DisplayText>
misc_tables.vpp_pc	mission_help.xtbl	mission_help.xtbl	m16	ion>      </Text>     <Text>      <Name>m16_txt_adv_sc_04</Name>      <DisplayText>
misc_tables.vpp_pc	mission_help.xtbl	mission_help.xtbl	m16	ion>      </Text>     <Text>      <Name>m16_txt_adv_sc_05</Name>      <DisplayText>
misc_tables.vpp_pc	mission_help.xtbl	mission_help.xtbl	m16	ion>      </Text>     <Text>      <Name>m16_txt_adv_sc_06</Name>      <DisplayText>
misc_tables.vpp_pc	mission_help.xtbl	mission_help.xtbl	m16	ion>      </Text>     <Text>      <Name>m16_txt_adv_sc_07</Name>      <DisplayText>
misc_tables.vpp_pc	mission_help.xtbl	mission_help.xtbl	m16	ion>      </Text>     <Text>      <Name>m16_txt_adv_sc_08</Name>      <DisplayText>
misc_tables.vpp_pc	mission_help.xtbl	mission_help.xtbl	m16	ion>      </Text>     <Text>      <Name>m16_txt_adv_sc_09</Name>      <DisplayText>
misc_tables.vpp_pc	mission_help.xtbl	mission_help.xtbl	m16	ion>      </Text>     <Text>      <Name>m16_txt_adv_sc_10</Name>      <DisplayText>
misc_tables.vpp_pc	mission_help.xtbl	mission_help.xtbl	m16	ion>      </Text>     <Text>      <Name>m16_txt_adv_sc_11</Name>      <DisplayText>
misc_tables.vpp_pc	mission_help.xtbl	mission_help.xtbl	m16	ion>      </Text>     <Text>      <Name>m16_txt_adv_sc_12</Name>      <DisplayText>
misc_tables.vpp_pc	mission_help.xtbl	mission_help.xtbl	m16	ion>      </Text>     <Text>      <Name>m16_txt_adv_sc_00_ch1</Name>      <DisplayT
misc_tables.vpp_pc	mission_help.xtbl	mission_help.xtbl	m16	ion>      </Text>     <Text>      <Name>m16_txt_adv_sc_00_ch2</Name>      <DisplayT
misc_tables.vpp_pc	mission_help.xtbl	mission_help.xtbl	m16	ion>      </Text>     <Text>      <Name>m16_txt_adv_sc_00_ch3</Name>      <DisplayT
misc_tables.vpp_pc	mission_help.xtbl	mission_help.xtbl	m16	ion>      </Text>     <Text>      <Name>m16_txt_adv_sc_00_ch4</Name>      <DisplayT
misc_tables.vpp_pc	mission_help.xtbl	mission_help.xtbl	m16	ion>      </Text>     <Text>      <Name>m16_txt_adv_sc_01_ch1</Name>      <DisplayT
misc_tables.vpp_pc	mission_help.xtbl	mission_help.xtbl	m16	ion>      </Text>     <Text>      <Name>m16_txt_adv_sc_01_ch2</Name>      <DisplayT
misc_tables.vpp_pc	mission_help.xtbl	mission_help.xtbl	m16	ion>      </Text>     <Text>      <Name>m16_txt_adv_sc_01_ch3</Name>      <DisplayT
misc_tables.vpp_pc	mission_help.xtbl	mission_help.xtbl	m16	ion>      </Text>     <Text>      <Name>m16_txt_adv_sc_02_ch1</Name>      <DisplayT
misc_tables.vpp_pc	mission_help.xtbl	mission_help.xtbl	m16	ion>      </Text>     <Text>      <Name>m16_txt_adv_sc_03_ch1</Name>      <DisplayT
misc_tables.vpp_pc	mission_help.xtbl	mission_help.xtbl	m16	ion>      </Text>     <Text>      <Name>m16_txt_adv_sc_03_ch2</Name>      <DisplayT
misc_tables.vpp_pc	mission_help.xtbl	mission_help.xtbl	m16	ion>      </Text>     <Text>      <Name>m16_txt_adv_sc_03_ch3</Name>      <DisplayT
misc_tables.vpp_pc	mission_help.xtbl	mission_help.xtbl	m16	ion>      </Text>     <Text>      <Name>m16_txt_adv_sc_04_ch1</Name>      <DisplayT
misc_tables.vpp_pc	mission_help.xtbl	mission_help.xtbl	m16	ion>      </Text>     <Text>      <Name>m16_txt_adv_sc_04_ch2</Name>      <DisplayT
misc_tables.vpp_pc	mission_help.xtbl	mission_help.xtbl	m16	ion>      </Text>     <Text>      <Name>m16_txt_adv_sc_05_ch1</Name>      <DisplayT
misc_tables.vpp_pc	mission_help.xtbl	mission_help.xtbl	m16	ion>      </Text>     <Text>      <Name>m16_txt_adv_sc_06_ch1</Name>      <DisplayT
misc_tables.vpp_pc	mission_help.xtbl	mission_help.xtbl	m16	ion>      </Text>     <Text>      <Name>m16_txt_adv_sc_06_ch2</Name>      <DisplayT
misc_tables.vpp_pc	mission_help.xtbl	mission_help.xtbl	m16	ion>      </Text>     <Text>      <Name>m16_txt_adv_sc_06_ch3</Name>      <DisplayT
misc_tables.vpp_pc	mission_help.xtbl	mission_help.xtbl	m16	ion>      </Text>     <Text>      <Name>m16_txt_adv_sc_07_ch1</Name>      <DisplayT
misc_tables.vpp_pc	mission_help.xtbl	mission_help.xtbl	m16	ion>      </Text>     <Text>      <Name>m16_txt_adv_sc_07_ch2</Name>      <DisplayT
misc_tables.vpp_pc	mission_help.xtbl	mission_help.xtbl	m16	ion>      </Text>     <Text>      <Name>m16_txt_adv_sc_08_ch1</Name>      <DisplayT
misc_tables.vpp_pc	mission_help.xtbl	mission_help.xtbl	m16	ion>      </Text>     <Text>      <Name>m16_txt_adv_sc_09_ch1</Name>      <DisplayT
misc_tables.vpp_pc	mission_help.xtbl	mission_help.xtbl	m16	ion>      </Text>     <Text>      <Name>m16_txt_adv_sc_09_ch2</Name>      <DisplayT
misc_tables.vpp_pc	mission_help.xtbl	mission_help.xtbl	m16	ion>      </Text>     <Text>      <Name>m16_txt_adv_sc_09_ch3</Name>      <DisplayT
misc_tables.vpp_pc	mission_help.xtbl	mission_help.xtbl	m16	ion>      </Text>     <Text>      <Name>m16_txt_adv_sc_10_ch1</Name>      <DisplayT
misc_tables.vpp_pc	mission_help.xtbl	mission_help.xtbl	m16	ion>      </Text>     <Text>      <Name>m16_txt_adv_sc_10_ch2</Name>      <DisplayT
misc_tables.vpp_pc	mission_help.xtbl	mission_help.xtbl	m16	ion>      </Text>     <Text>      <Name>m16_txt_adv_sc_11_ch1</Name>      <DisplayT
misc_tables.vpp_pc	mission_help.xtbl	mission_help.xtbl	m16	ion>      </Text>     <Text>      <Name>m16_txt_adv_sc_12_ch1</Name>      <DisplayT
misc_tables.vpp_pc	mission_help.xtbl	mission_help.xtbl	m16	ion>      </Text>     <Text>      <Name>m16_txt_adv_sc_12_ch2</Name>      <DisplayT
misc_tables.vpp_pc	mission_help.xtbl	mission_help.xtbl	m16	ion>      </Text>     <Text>      <Name>m16_failure_tank_destroyed</Name>      <Dis
misc_tables.vpp_pc	mission_help.xtbl	mission_help.xtbl	m17	ditor>    </String>   <String>    <Name>m17</Name>    <Texts>     <Text>      <Name
misc_tables.vpp_pc	mission_help.xtbl	mission_help.xtbl	m17	/Name>    <Texts>     <Text>      <Name>m17_failure_follow</Name>      <DisplayText
misc_tables.vpp_pc	mission_help.xtbl	mission_help.xtbl	m17	ion>      </Text>     <Text>      <Name>m17_failure_escape</Name>      <DisplayText
misc_tables.vpp_pc	mission_help.xtbl	mission_help.xtbl	m17	ion>      </Text>     <Text>      <Name>m17_failure_shaundi_died</Name>      <Displ
misc_tables.vpp_pc	mission_help.xtbl	mission_help.xtbl	m17	ion>      </Text>     <Text>      <Name>m17_failure_pierce_died</Name>      <Displa
misc_tables.vpp_pc	mission_help.xtbl	mission_help.xtbl	m17	ion>      </Text>     <Text>      <Name>m17_failure_viola_died</Name>      <Display
misc_tables.vpp_pc	mission_help.xtbl	mission_help.xtbl	m17	ion>      </Text>     <Text>      <Name>m17_failure_homie_abandoned</Name>      <Di
misc_tables.vpp_pc	mission_help.xtbl	mission_help.xtbl	m18	ditor>    </String>   <String>    <Name>m18</Name>    <Texts>     <Text>      <Name
misc_tables.vpp_pc	mission_help.xtbl	mission_help.xtbl	m19	ditor>    </String>   <String>    <Name>m19</Name>    <Texts>     <Text>      <Name
misc_tables.vpp_pc	mission_help.xtbl	mission_help.xtbl	m19	/Name>    <Texts>     <Text>      <Name>m19_failure_suko_died</Name>      <DisplayT
misc_tables.vpp_pc	mission_help.xtbl	mission_help.xtbl	m19	ion>      </Text>     <Text>      <Name>m19_failure_suko_abandoned</Name>      <Dis
misc_tables.vpp_pc	mission_help.xtbl	mission_help.xtbl	m19	ion>      </Text>     <Text>      <Name>m19_failure_container_destroyed</Name>     
misc_tables.vpp_pc	mission_help.xtbl	mission_help.xtbl	m19	ion>      </Text>     <Text>      <Name>m19_failure_rimjobs_timer</Name>      <Disp
misc_tables.vpp_pc	mission_help.xtbl	mission_help.xtbl	m20	ditor>    </String>   <String>    <Name>m20</Name>    <Texts>     <Text>      <Name
misc_tables.vpp_pc	mission_help.xtbl	mission_help.xtbl	m20	/Name>    <Texts>     <Text>      <Name>m20_failure_premature_hijackulation</Name> 
misc_tables.vpp_pc	mission_help.xtbl	mission_help.xtbl	m20	ion>      </Text>     <Text>      <Name>m20_failure_no_tanks_to_you</Name>      <Di
misc_tables.vpp_pc	mission_help.xtbl	mission_help.xtbl	m20	ion>      </Text>     <Text>      <Name>m20_failure_rc_heli_destroyed</Name>      <
misc_tables.vpp_pc	mission_help.xtbl	mission_help.xtbl	m20	ion>      </Text>     <Text>      <Name>m20_failure_angel_heli_destroyed</Name>    
misc_tables.vpp_pc	mission_help.xtbl	mission_help.xtbl	m20	ion>      </Text>     <Text>      <Name>m20_failure_rc_too_late</Name>      <Displa
misc_tables.vpp_pc	mission_help.xtbl	mission_help.xtbl	m20	ion>      </Text>     <Text>      <Name>m20_failure_vehicle_exit</Name>      <Displ
misc_tables.vpp_pc	mission_help.xtbl	mission_help.xtbl	m20	ion>      </Text>     <Text>      <Name>m20_failure_ctc_destroyed</Name>      <Disp
misc_tables.vpp_pc	mission_help.xtbl	mission_help.xtbl	m20	ion>      </Text>     <Text>      <Name>m20_failure_ctb_destroyed</Name>      <Disp
misc_tables.vpp_pc	mission_help.xtbl	mission_help.xtbl	m20	ion>      </Text>     <Text>      <Name>m20_failure_lost_signal</Name>      <Displa
misc_tables.vpp_pc	mission_help.xtbl	mission_help.xtbl	m21	ditor>    </String>   <String>    <Name>m21</Name>    <Texts>     <Text>      <Name
misc_tables.vpp_pc	mission_help.xtbl	mission_help.xtbl	m21	/Name>    <Texts>     <Text>      <Name>m21_obj_defend_the_ring</Name>      <Displa
misc_tables.vpp_pc	mission_help.xtbl	mission_help.xtbl	m21	ion>      </Text>     <Text>      <Name>m21_obj_protect_angel</Name>      <DisplayT
misc_tables.vpp_pc	mission_help.xtbl	mission_help.xtbl	m21	ion>      </Text>     <Text>      <Name>m21_obj_enter_the_ring</Name>      <Display
misc_tables.vpp_pc	mission_help.xtbl	mission_help.xtbl	m21	ion>      </Text>     <Text>      <Name>m21_obj_fight_killbane</Name>      <Display
misc_tables.vpp_pc	mission_help.xtbl	mission_help.xtbl	m21	ion>      </Text>     <Text>      <Name>m21_obj_kill_luchadores</Name>      <Displa
misc_tables.vpp_pc	mission_help.xtbl	mission_help.xtbl	m21	ion>      </Text>     <Text>      <Name>m21_obj_angel_died</Name>      <DisplayText
misc_tables.vpp_pc	mission_help.xtbl	mission_help.xtbl	m21	ion>      </Text>     <Text>      <Name>m21_help_text_waiting_to_tag</Name>      <D
misc_tables.vpp_pc	mission_help.xtbl	mission_help.xtbl	m22	ditor>    </String>   <String>    <Name>m22</Name>    <Texts>     <Text>      <Name
misc_tables.vpp_pc	mission_help.xtbl	mission_help.xtbl	m22	/Name>    <Texts>     <Text>      <Name>m22_obj_clear_armory</Name>      <DisplayTe
misc_tables.vpp_pc	mission_help.xtbl	mission_help.xtbl	m22	ion>      </Text>     <Text>      <Name>m22_obj_clear_battlezone</Name>      <Displ
misc_tables.vpp_pc	mission_help.xtbl	mission_help.xtbl	m22	ion>      </Text>     <Text>      <Name>m22_obj_goto_battlezone</Name>      <Displa
misc_tables.vpp_pc	mission_help.xtbl	mission_help.xtbl	m22	ion>      </Text>     <Text>      <Name>m22_obj_goto_armory</Name>      <DisplayTex
misc_tables.vpp_pc	mission_help.xtbl	mission_help.xtbl	m22	ion>      </Text>     <Text>      <Name>m22_obj_killbane_or_shaundi</Name>      <Di
misc_tables.vpp_pc	mission_help.xtbl	mission_help.xtbl	m22	ion>      </Text>     <Text>      <Name>m22_obj_help_angel</Name>      <DisplayText
misc_tables.vpp_pc	mission_help.xtbl	mission_help.xtbl	m22	ion>      </Text>     <Text>      <Name>m22_obj_stop_killbane</Name>      <DisplayT
misc_tables.vpp_pc	mission_help.xtbl	mission_help.xtbl	m22	ion>      </Text>     <Text>      <Name>m22_obj_kill_killbane</Name>      <DisplayT
misc_tables.vpp_pc	mission_help.xtbl	mission_help.xtbl	m22	ion>      </Text>     <Text>      <Name>m22_obj_goto_statue</Name>      <DisplayTex
misc_tables.vpp_pc	mission_help.xtbl	mission_help.xtbl	m22	ion>      </Text>     <Text>      <Name>m22_obj_remove_bombs</Name>      <DisplayTe
misc_tables.vpp_pc	mission_help.xtbl	mission_help.xtbl	m22	ion>      </Text>     <Text>      <Name>m22_obj_kill_kia</Name>      <DisplayText>M
misc_tables.vpp_pc	mission_help.xtbl	mission_help.xtbl	m22	ion>      </Text>     <Text>      <Name>m22_obj_proceed_up_statue</Name>      <Disp
misc_tables.vpp_pc	mission_help.xtbl	mission_help.xtbl	m22	ion>      </Text>     <Text>      <Name>m22_failure_killbane_escaped</Name>      <D
misc_tables.vpp_pc	mission_help.xtbl	mission_help.xtbl	m22	ion>      </Text>     <Text>      <Name>m22_failure_statue_blown_up</Name>      <Di
misc_tables.vpp_pc	mission_help.xtbl	mission_help.xtbl	m22	ion>      </Text>     <Text>      <Name>m22_failure_oleg_died</Name>      <DisplayT
misc_tables.vpp_pc	mission_help.xtbl	mission_help.xtbl	m22	ion>      </Text>     <Text>      <Name>m22_failure_pierce_died</Name>      <Displa
misc_tables.vpp_pc	mission_help.xtbl	mission_help.xtbl	m22	ion>      </Text>     <Text>      <Name>m22_failure_pierce_abandoned</Name>      <D
misc_tables.vpp_pc	mission_help.xtbl	mission_help.xtbl	m22	ion>      </Text>     <Text>      <Name>m22_failure_oleg_abandoned</Name>      <Dis
misc_tables.vpp_pc	mission_help.xtbl	mission_help.xtbl	m22	ion>      </Text>     <Text>      <Name>m22_untie</Name>      <DisplayText>M22_UNTI
misc_tables.vpp_pc	mission_help.xtbl	mission_help.xtbl	m22	ion>      </Text>     <Text>      <Name>m22_failure_shaundi_died</Name>      <Displ
misc_tables.vpp_pc	mission_help.xtbl	mission_help.xtbl	m23	ditor>    </String>   <String>    <Name>m23</Name>    <Texts>     <Text>      <Name
misc_tables.vpp_pc	mission_help.xtbl	mission_help.xtbl	m23	/Name>    <Texts>     <Text>      <Name>m23_failure_cyrus_escaped</Name>      <Disp
misc_tables.vpp_pc	mission_help.xtbl	mission_help.xtbl	m24	ditor>    </String>   <String>    <Name>m24</Name>    <Texts>     <Text>      <Name
misc_tables.vpp_pc	mission_help.xtbl	mission_help.xtbl	m24	/Name>    <Texts>     <Text>      <Name>m24_obj_disable_defenses</Name>      <Displ
misc_tables.vpp_pc	mission_help.xtbl	mission_help.xtbl	m24	ion>      </Text>     <Text>      <Name>m24_obj_plant_charges</Name>      <DisplayT
misc_tables.vpp_pc	mission_help.xtbl	mission_help.xtbl	m24	ion>      </Text>     <Text>      <Name>m24_obj_run_for_cover</Name>      <DisplayT
misc_tables.vpp_pc	mission_help.xtbl	mission_help.xtbl	m24	ion>      </Text>     <Text>      <Name>m24_obj_goto_killbane_lair</Name>      <Dis
misc_tables.vpp_pc	mission_help.xtbl	mission_help.xtbl	m24	ion>      </Text>     <Text>      <Name>m24_obj_defeat_killbane</Name>      <Displa
misc_tables.vpp_pc	mission_help.xtbl	mission_help.xtbl	m24	ion>      </Text>     <Text>      <Name>m24_failure_killed_in_blast</Name>      <Di
misc_tables.vpp_pc	mission_help.xtbl	mission_help.xtbl	m24	ion>      </Text>     <Text>      <Name>m24_hack_terminal</Name>      <DisplayText>
misc_tables.vpp_pc	mission_help.xtbl	mission_help.xtbl	m24	ion>      </Text>     <Text>      <Name>m24_plant_charge</Name>      <DisplayText>M
misc_tables.vpp_pc	mission_help.xtbl	mission_help.xtbl	mm_p_03	/Name>    <Texts>     <Text>      <Name>mm_p_03_pierce_died</Name>      <DisplayText>MM
misc_tables.vpp_pc	mission_help.xtbl	mission_help.xtbl	mm_p_03	ion>      </Text>     <Text>      <Name>mm_p_03_pierce_abandonded</Name>      <DisplayT
misc_tables.vpp_pc	mission_help.xtbl	mission_help.xtbl	mm_p_03	ion>      </Text>     <Text>      <Name>mm_p_03_fail_fp</Name>      <DisplayText>MM03_F
misc_tables.vpp_pc	mission_help.xtbl	mission_help.xtbl	mm_p_03	ion>      </Text>     <Text>      <Name>mm_p_03_nag_fp</Name>      <DisplayText>MM03_NA
misc_tables.vpp_pc	mission_help.xtbl	mission_help.xtbl	sh01	ditor>    </String>   <String>    <Name>sh01</Name>    <Texts>     <Text>      <Name
misc_tables.vpp_pc	mission_help.xtbl	mission_help.xtbl	sh01	/Name>    <Texts>     <Text>      <Name>sh01_obj_meet_pierce</Name>      <DisplayTex
misc_tables.vpp_pc	mission_help.xtbl	mission_help.xtbl	sh01	ion>      </Text>     <Text>      <Name>sh01_obj_enter_warehouse</Name>      <Displa
misc_tables.vpp_pc	mission_help.xtbl	mission_help.xtbl	sh01	ion>      </Text>     <Text>      <Name>sh01_obj_upstairs</Name>      <DisplayText>S
misc_tables.vpp_pc	mission_help.xtbl	mission_help.xtbl	sh01	ion>      </Text>     <Text>      <Name>sh01_obj_manager_office</Name>      <Display
misc_tables.vpp_pc	mission_help.xtbl	mission_help.xtbl	sh01	ion>      </Text>     <Text>      <Name>sh01_obj_clean_house</Name>      <DisplayTex
misc_tables.vpp_pc	mission_help.xtbl	mission_help.xtbl	sh01	ion>      </Text>     <Text>      <Name>sh01_failure_pierce_died</Name>      <Displa
misc_tables.vpp_pc	mission_help.xtbl	mission_help.xtbl	sh01	ion>      </Text>     <Text>      <Name>sh01_failure_shaundi_died</Name>      <Displ
misc_tables.vpp_pc	mission_help.xtbl	mission_help.xtbl	sh01	ion>      </Text>     <Text>      <Name>sh01_obj_use_computer</Name>      <DisplayTe
misc_tables.vpp_pc	mission_help.xtbl	mission_help.xtbl	sh01	ion>      </Text>     <Text>      <Name>sh01_obj_kill_brute</Name>      <DisplayText
misc_tables.vpp_pc	mission_help.xtbl	mission_help.xtbl	sh01	ion>      </Text>     <Text>      <Name>sh01_obj_showroom</Name>      <DisplayText>S
misc_tables.vpp_pc	mission_help.xtbl	mission_help.xtbl	sh01	ion>      </Text>     <Text>      <Name>sh01_failure_abandon_pierce</Name>      <Dis
misc_tables.vpp_pc	mission_help.xtbl	mission_help.xtbl	sh01	ion>      </Text>     <Text>      <Name>sh01_failure_abandon_shaundi</Name>      <Di
misc_tables.vpp_pc	mission_help.xtbl	mission_help.xtbl	sh02	ditor>    </String>   <String>    <Name>sh02</Name>    <Texts>     <Text>      <Name
misc_tables.vpp_pc	mission_help.xtbl	mission_help.xtbl	sh02	/Name>    <Texts>     <Text>      <Name>sh02_failure_zimos_died</Name>      <Display
misc_tables.vpp_pc	mission_help.xtbl	mission_help.xtbl	sh02	ion>      </Text>     <Text>      <Name>sh02_obj_basement</Name>      <DisplayText>S
misc_tables.vpp_pc	mission_help.xtbl	mission_help.xtbl	sh02	ion>      </Text>     <Text>      <Name>sh02_obj_clean_house</Name>      <DisplayTex
misc_tables.vpp_pc	mission_help.xtbl	mission_help.xtbl	sh02	ion>      </Text>     <Text>      <Name>sh02_obj_collection_room</Name>      <Displa
misc_tables.vpp_pc	mission_help.xtbl	mission_help.xtbl	sh02	ion>      </Text>     <Text>      <Name>sh02_obj_get_vehicle</Name>      <DisplayTex
misc_tables.vpp_pc	mission_help.xtbl	mission_help.xtbl	sh02	ion>      </Text>     <Text>      <Name>sh02_obj_kill_brute</Name>      <DisplayText
misc_tables.vpp_pc	mission_help.xtbl	mission_help.xtbl	sh02	ion>      </Text>     <Text>      <Name>sh02_obj_meet_zimos</Name>      <DisplayText
misc_tables.vpp_pc	mission_help.xtbl	mission_help.xtbl	sh02	ion>      </Text>     <Text>      <Name>sh02_obj_override_button</Name>      <Displa
misc_tables.vpp_pc	mission_help.xtbl	mission_help.xtbl	sh02	ion>      </Text>     <Text>      <Name>sh02_obj_free_hos</Name>      <DisplayText>S
misc_tables.vpp_pc	mission_help.xtbl	mission_help.xtbl	sh02	ion>      </Text>     <Text>      <Name>sh02_obj_garage</Name>      <DisplayText>SH0
misc_tables.vpp_pc	mission_help.xtbl	mission_help.xtbl	sh02	ion>      </Text>     <Text>      <Name>sh02_obj_security</Name>      <DisplayText>S
misc_tables.vpp_pc	mission_help.xtbl	mission_help.xtbl	sh02	ion>      </Text>     <Text>      <Name>sh02_failure_abandon_zimos</Name>      <Disp
misc_tables.vpp_pc	mission_help.xtbl	mission_help.xtbl	sh03	ditor>    </String>   <String>    <Name>sh03</Name>    <Texts>     <Text>      <Name
misc_tables.vpp_pc	mission_help.xtbl	mission_help.xtbl	sh04	ditor>    </String>   <String>    <Name>sh04</Name>    <Texts>     <Text>      <Name
misc_tables.vpp_pc	mission_help.xtbl	mission_help.xtbl	sh04	/Name>    <Texts>     <Text>      <Name>sh04_failure_left_casino</Name>      <Displa
misc_tables.vpp_pc	mission_help.xtbl	mission_help.xtbl	sh04	ion>      </Text>     <Text>      <Name>sh04_failure_angel_died</Name>      <Display
misc_tables.vpp_pc	mission_help.xtbl	mission_help.xtbl	sh04	ion>      </Text>     <Text>      <Name>sh04_failure_angel_abandoned</Name>      <Di
misc_tables.vpp_pc	notoriety_spawn.xtbl	notoriety_spawn.xtbl	m02	efault</seat_name>      <npc_name>npc_bum02_fw</npc_name>      <melee_brute_seat>Fa
misc_tables.vpp_pc	notoriety_spawn.xtbl	notoriety_spawn.xtbl	m02	nger 3</seat_name>      <npc_name>npc_bum02_fw</npc_name>      <melee_brute_seat>Fa
misc_tables.vpp_pc	notoriety_spawn.xtbl	notoriety_spawn.xtbl	m03	nger 1</seat_name>      <npc_name>npc_bum03_mb</npc_name>      <melee_brute_seat>Fa
misc_tables.vpp_pc	notoriety_spawn.xtbl	notoriety_spawn.xtbl	m03	efault</seat_name>      <npc_name>npc_bum03_mb</npc_name>      <melee_brute_seat>Fa
misc_tables.vpp_pc	notoriety_spawn.xtbl	notoriety_spawn.xtbl	m03	nger 1</seat_name>      <npc_name>npc_bum03_mb</npc_name>      <melee_brute_seat>Fa
misc_tables.vpp_pc	notoriety_spawn.xtbl	notoriety_spawn.xtbl	m04	nger 2</seat_name>      <npc_name>npc_bum04_fb</npc_name>      <melee_brute_seat>Fa
misc_tables.vpp_pc	notoriety_spawn.xtbl	notoriety_spawn.xtbl	m04	nger 2</seat_name>      <npc_name>npc_bum04_fb</npc_name>      <melee_brute_seat>Fa
misc_tables.vpp_pc	parachute.xtbl	parachute.xtbl	m02	lename></Animation></State>  <State><ID>m02 shootqte hold a</ID><Animation><Filenam
misc_tables.vpp_pc	parachute.xtbl	parachute.xtbl	m02	hootqte hold a</ID><Animation><Filename>m02_qte2_shoot_chute.animx</Filename></Anim
misc_tables.vpp_pc	parachute.xtbl	parachute.xtbl	m02	lename></Animation></State>  <State><ID>m02 shnrscu hold a</ID><Animation><Filename
misc_tables.vpp_pc	parachute.xtbl	parachute.xtbl	m02	shnrscu hold a</ID><Animation><Filename>m02_shnrscu_chutehold.animx</Filename></Ani
misc_tables.vpp_pc	parachute.xtbl	parachute.xtbl	m02	name></Animation></Action>  <Action><ID>m02 shnrscu enter a</ID><Animation><Filenam
misc_tables.vpp_pc	parachute.xtbl	parachute.xtbl	m02	hnrscu enter a</ID><Animation><Filename>m02_shnrscu_chutectch.animx</Filename></Ani
misc_tables.vpp_pc	parachute.xtbl	parachute.xtbl	m02	name></Animation></Action>  <Action><ID>m02 shnrscu convo chute</ID><Animation><Fil
misc_tables.vpp_pc	parachute.xtbl	parachute.xtbl	m02	cu convo chute</ID><Animation><Filename>m02_shnrscu_chutecnv.animx</Filename></Anim
misc_tables.vpp_pc	player_choice_tutorial.xtbl	player_choice_tutorial.xtbl	m06	ials>     <tutorial>      <mission_name>m06</mission_name>      <image>ui_player_ch
misc_tables.vpp_pc	player_choice_tutorial.xtbl	player_choice_tutorial.xtbl	m06	sion_name>      <image>ui_player_choice_m06</image>      <choices>       <choice>  
misc_tables.vpp_pc	player_choice_tutorial.xtbl	player_choice_tutorial.xtbl	m06	sion_name>      <image>ui_player_choice_m06</image>      <choices>       <choice>  
misc_tables.vpp_pc	player_choice_tutorial.xtbl	player_choice_tutorial.xtbl	m06	sion_name>      <image>ui_player_choice_m06</image>      <choices>       <choice>  
misc_tables.vpp_pc	player_choice_tutorial.xtbl	player_choice_tutorial.xtbl	m06	sion_name>      <image>ui_player_choice_m06</image>      <choices>       <choice>  
misc_tables.vpp_pc	player_choice_tutorial.xtbl	player_choice_tutorial.xtbl	m06	sion_name>      <image>ui_player_choice_m06</image>      <choices>       <choice>  
misc_tables.vpp_pc	player_choice_tutorial.xtbl	player_choice_tutorial.xtbl	m06	sion_name>      <image>ui_player_choice_m06</image>      <choices>       <choice>  
misc_tables.vpp_pc	player_choice_tutorial.xtbl	player_choice_tutorial.xtbl	m06	sion_name>      <image>ui_player_choice_m06</image>      <choices>       <choice>  
misc_tables.vpp_pc	player_choice_tutorial.xtbl	player_choice_tutorial.xtbl	m09	rial>     <tutorial>      <mission_name>m09</mission_name>      <image>ui_player_ch
misc_tables.vpp_pc	player_choice_tutorial.xtbl	player_choice_tutorial.xtbl	m13	rial>     <tutorial>      <mission_name>m13</mission_name>      <image>ui_player_ch
misc_tables.vpp_pc	player_choice_tutorial.xtbl	player_choice_tutorial.xtbl	m16	rial>     <tutorial>      <mission_name>m16</mission_name>      <image>ui_player_ch
misc_tables.vpp_pc	player_choice_tutorial.xtbl	player_choice_tutorial.xtbl	m19	rial>     <tutorial>      <mission_name>m19</mission_name>      <image>ui_player_ch
misc_tables.vpp_pc	player_choice_tutorial.xtbl	player_choice_tutorial.xtbl	m21	rial>     <tutorial>      <mission_name>m21</mission_name>      <image>ui_player_ch
misc_tables.vpp_pc	player_choice_tutorial.xtbl	player_choice_tutorial.xtbl	m22	rial>     <tutorial>      <mission_name>m22</mission_name>      <image>ui_player_ch
misc_tables.vpp_pc	plyf.xtbl	plyf.xtbl	m01	lename></Animation></State>  <State><ID>m01 interrogate gat</ID><Animation><Filenam
misc_tables.vpp_pc	plyf.xtbl	plyf.xtbl	m01	lename></Animation></State>  <State><ID>m01 interrogate victim</ID><Animation><File
misc_tables.vpp_pc	plym.xtbl	plym.xtbl	m01	lename></Animation></State>  <State><ID>m01 z01 stand</ID><Animation><Filename>mad0
misc_tables.vpp_pc	plym.xtbl	plym.xtbl	m01	name></Animation></Action>  <Action><ID>m01 z01 transition</ID><Animation><Filename
misc_tables.vpp_pc	plym.xtbl	plym.xtbl	m01	a</ID><Animation><Filename>mad06_coop_aim01.animx</Filename></Animation></State>  <
misc_tables.vpp_pc	plym.xtbl	plym.xtbl	m01	a</ID><Animation><Filename>mad06_plym_aim01.animx</Filename></Animation></State>  <
misc_tables.vpp_pc	plym.xtbl	plym.xtbl	m01	1</ID><Animation><Filename>mad06_coop_aim01.animx</Filename></Animation></State>  <
misc_tables.vpp_pc	plym.xtbl	plym.xtbl	m01	1</ID><Animation><Filename>mad06_plym_aim01.animx</Filename></Animation></State>  <
misc_tables.vpp_pc	plym.xtbl	plym.xtbl	m02	lename></Animation></State>  <State><ID>m02 shnrscu hold a</ID><Animation><Filename
misc_tables.vpp_pc	plym.xtbl	plym.xtbl	m02	shnrscu hold a</ID><Animation><Filename>m02_shnrscu_hold_a.animx</Filename></Animat
misc_tables.vpp_pc	plym.xtbl	plym.xtbl	m02	lename></Animation></State>  <State><ID>m02 shootqte hold a</ID><Animation><Filenam
misc_tables.vpp_pc	plym.xtbl	plym.xtbl	m02	hootqte hold a</ID><Animation><Filename>m02_qte2_shoot_hold_a.animx</Filename></Ani
misc_tables.vpp_pc	plym.xtbl	plym.xtbl	m02	lename></Animation></State>  <State><ID>m02 skyqte3 struggle a</ID><Animation><File
misc_tables.vpp_pc	plym.xtbl	plym.xtbl	m02	te3 struggle a</ID><Animation><Filename>m02_skyqte3_strg_a.animx</Filename></Animat
misc_tables.vpp_pc	plym.xtbl	plym.xtbl	m02	name></Animation></Action>  <Action><ID>m02 skyqte3 attk a</ID><Animation><Filename
misc_tables.vpp_pc	plym.xtbl	plym.xtbl	m02	skyqte3 attk a</ID><Animation><Filename>m02_skyqte3_attk_a.animx</Filename></Animat
misc_tables.vpp_pc	plym.xtbl	plym.xtbl	m02	name></Animation></Action>  <Action><ID>m02 skyqte3 enter a</ID><Animation><Filenam
misc_tables.vpp_pc	plym.xtbl	plym.xtbl	m02	kyqte3 enter a</ID><Animation><Filename>m02_skyqte3_entr_a.animx</Filename></Animat
misc_tables.vpp_pc	plym.xtbl	plym.xtbl	m02	name></Animation></Action>  <Action><ID>m02 skyqte3 exit a</ID><Animation><Filename
misc_tables.vpp_pc	plym.xtbl	plym.xtbl	m02	skyqte3 exit a</ID><Animation><Filename>m02_skyqte3_ext_a.animx</Filename></Animati
misc_tables.vpp_pc	plym.xtbl	plym.xtbl	m02	name></Animation></Action>  <Action><ID>m02 shootqte attk</ID><Animation><Filename>
misc_tables.vpp_pc	plym.xtbl	plym.xtbl	m02	 shootqte attk</ID><Animation><Filename>m02_qte2_shoot_attk_a.animx</Filename></Ani
misc_tables.vpp_pc	plym.xtbl	plym.xtbl	m02	name></Animation></Action>  <Action><ID>m02 shnrscu enter a</ID><Animation><Filenam
misc_tables.vpp_pc	plym.xtbl	plym.xtbl	m02	hnrscu enter a</ID><Animation><Filename>m02_shnrscu_entr_a.animx</Filename></Animat
misc_tables.vpp_pc	plym.xtbl	plym.xtbl	m02	name></Animation></Action>  <Action><ID>m02 shootqte end a</ID><Animation><Filename
misc_tables.vpp_pc	plym.xtbl	plym.xtbl	m02	shootqte end a</ID><Animation><Filename>m02_qte2_shoot_end_a.animx</Filename></Anim
misc_tables.vpp_pc	plym.xtbl	plym.xtbl	m02	name></Animation></Action>  <Action><ID>m02 shootqte enter a</ID><Animation><Filena
misc_tables.vpp_pc	plym.xtbl	plym.xtbl	m02	ootqte enter a</ID><Animation><Filename>m02_qte2_shoot_entr_a.animx</Filename></Ani
misc_tables.vpp_pc	plym.xtbl	plym.xtbl	m02	name></Animation></Action>  <Action><ID>m02 shootqte exit a</ID><Animation><Filenam
misc_tables.vpp_pc	plym.xtbl	plym.xtbl	m02	hootqte exit a</ID><Animation><Filename>m02_qte2_shoot_ext_a.animx</Filename></Anim
misc_tables.vpp_pc	plym.xtbl	plym.xtbl	m02	name></Animation></Action>  <Action><ID>m02 shnrscu convo a</ID><Animation><Filenam
misc_tables.vpp_pc	plym.xtbl	plym.xtbl	m02	hnrscu convo a</ID><Animation><Filename>m02_shnrscu_cnv_a.animx</Filename></Animati
misc_tables.vpp_pc	plym.xtbl	plym.xtbl	m02	2</ID><Animation><Filename>mad06_coop_aim02.animx</Filename></Animation></State>  <
misc_tables.vpp_pc	plym.xtbl	plym.xtbl	m02	2</ID><Animation><Filename>mad06_plym_aim02.animx</Filename></Animation></State>  <
misc_tables.vpp_pc	plym.xtbl	plym.xtbl	m03	3</ID><Animation><Filename>mad06_coop_aim03.animx</Filename></Animation></State>  <
misc_tables.vpp_pc	plym.xtbl	plym.xtbl	m03	3</ID><Animation><Filename>mad06_plym_aim03.animx</Filename></Animation></State>  <
misc_tables.vpp_pc	plym.xtbl	plym.xtbl	m04	4</ID><Animation><Filename>mad06_coop_aim04.animx</Filename></Animation></State>  <
misc_tables.vpp_pc	plym.xtbl	plym.xtbl	m04	4</ID><Animation><Filename>mad06_plym_aim04.animx</Filename></Animation></State>  <
misc_tables.vpp_pc	plym.xtbl	plym.xtbl	m05	lename></Animation></State>  <State><ID>m05 qte1 seq1</ID><Animation><Filename>m05_
misc_tables.vpp_pc	plym.xtbl	plym.xtbl	m05	>m05 qte1 seq1</ID><Animation><Filename>m05_qte1_seq1.animx</Filename></Animation><
misc_tables.vpp_pc	plym.xtbl	plym.xtbl	m05	lename></Animation></State>  <State><ID>m05 qte2 seq1 b</ID><Animation><Filename>m0
misc_tables.vpp_pc	plym.xtbl	plym.xtbl	m05	05 qte2 seq1 b</ID><Animation><Filename>m05_qte2_seq1_b.animx</Filename></Animation
misc_tables.vpp_pc	plym.xtbl	plym.xtbl	m05	lename></Animation></State>  <State><ID>m05 qte2 seq10 b</ID><Animation><Filename>m
misc_tables.vpp_pc	plym.xtbl	plym.xtbl	m05	5 qte2 seq10 b</ID><Animation><Filename>m05_qte2_seq10_b.animx</Filename></Animatio
misc_tables.vpp_pc	plym.xtbl	plym.xtbl	m05	lename></Animation></State>  <State><ID>m05 qte2 seq2 b</ID><Animation><Filename>m0
misc_tables.vpp_pc	plym.xtbl	plym.xtbl	m05	05 qte2 seq2 b</ID><Animation><Filename>m05_qte2_seq2_b.animx</Filename></Animation
misc_tables.vpp_pc	plym.xtbl	plym.xtbl	m05	lename></Animation></State>  <State><ID>m05 qte2 seq4 b</ID><Animation><Filename>m0
misc_tables.vpp_pc	plym.xtbl	plym.xtbl	m05	05 qte2 seq4 b</ID><Animation><Filename>m05_qte2_seq4_b.animx</Filename></Animation
misc_tables.vpp_pc	plym.xtbl	plym.xtbl	m05	lename></Animation></State>  <State><ID>m05 qte2 seq5 b</ID><Animation><Filename>m0
misc_tables.vpp_pc	plym.xtbl	plym.xtbl	m05	05 qte2 seq5 b</ID><Animation><Filename>m05_qte2_seq5_b.animx</Filename></Animation
misc_tables.vpp_pc	plym.xtbl	plym.xtbl	m05	lename></Animation></State>  <State><ID>m05 qte2 seq7 b</ID><Animation><Filename>m0
misc_tables.vpp_pc	plym.xtbl	plym.xtbl	m05	05 qte2 seq7 b</ID><Animation><Filename>m05_qte2_seq7_b.animx</Filename></Animation
misc_tables.vpp_pc	plym.xtbl	plym.xtbl	m05	lename></Animation></State>  <State><ID>m05 qte2 seq9 b</ID><Animation><Filename>m0
misc_tables.vpp_pc	plym.xtbl	plym.xtbl	m05	05 qte2 seq9 b</ID><Animation><Filename>m05_qte2_seq9_b.animx</Filename></Animation
misc_tables.vpp_pc	plym.xtbl	plym.xtbl	m05	name></Animation></Action>  <Action><ID>m05 qte1 end</ID><Animation><Filename>m05_q
misc_tables.vpp_pc	plym.xtbl	plym.xtbl	m05	D>m05 qte1 end</ID><Animation><Filename>m05_qte1_end.animx</Filename></Animation></
misc_tables.vpp_pc	plym.xtbl	plym.xtbl	m05	name></Animation></Action>  <Action><ID>m05 qte1 enter</ID><Animation><Filename>m05
misc_tables.vpp_pc	plym.xtbl	plym.xtbl	m05	m05 qte1 enter</ID><Animation><Filename>m05_qte1_entr.animx</Filename></Animation><
misc_tables.vpp_pc	plym.xtbl	plym.xtbl	m05	name></Animation></Action>  <Action><ID>m05 qte1 exit</ID><Animation><Filename>m05_
misc_tables.vpp_pc	plym.xtbl	plym.xtbl	m05	>m05 qte1 exit</ID><Animation><Filename>m05_qte1_ext.animx</Filename></Animation></
misc_tables.vpp_pc	plym.xtbl	plym.xtbl	m05	name></Animation></Action>  <Action><ID>m05 qte2 enter b</ID><Animation><Filename>m
misc_tables.vpp_pc	plym.xtbl	plym.xtbl	m05	5 qte2 enter b</ID><Animation><Filename>m05_qte2_entr_b.animx</Filename></Animation
misc_tables.vpp_pc	plym.xtbl	plym.xtbl	m05	name></Animation></Action>  <Action><ID>m05 qte2 exit b</ID><Animation><Filename>m0
misc_tables.vpp_pc	plym.xtbl	plym.xtbl	m05	05 qte2 exit b</ID><Animation><Filename>m05_qte2_ext_b.animx</Filename></Animation>
misc_tables.vpp_pc	plym.xtbl	plym.xtbl	m05	name></Animation></Action>  <Action><ID>m05 qte2 seq1 atk b</ID><Animation><Filenam
misc_tables.vpp_pc	plym.xtbl	plym.xtbl	m05	te2 seq1 atk b</ID><Animation><Filename>m05_qte2_seq1_attk_b.animx</Filename></Anim
misc_tables.vpp_pc	plym.xtbl	plym.xtbl	m05	name></Animation></Action>  <Action><ID>m05 qte2 seq1 end b</ID><Animation><Filenam
misc_tables.vpp_pc	plym.xtbl	plym.xtbl	m05	te2 seq1 end b</ID><Animation><Filename>m05_qte2_seq1_end_b.animx</Filename></Anima
misc_tables.vpp_pc	plym.xtbl	plym.xtbl	m05	name></Animation></Action>  <Action><ID>m05 qte2 seq1 esc b</ID><Animation><Filenam
misc_tables.vpp_pc	plym.xtbl	plym.xtbl	m05	te2 seq1 esc b</ID><Animation><Filename>m05_qte2_seq1_esc_b.animx</Filename></Anima
misc_tables.vpp_pc	plym.xtbl	plym.xtbl	m05	name></Animation></Action>  <Action><ID>m05 qte2 seq10 start b</ID><Animation><File
misc_tables.vpp_pc	plym.xtbl	plym.xtbl	m05	 seq10 start b</ID><Animation><Filename>m05_qte2_seq10_strt_b.animx</Filename></Ani
misc_tables.vpp_pc	plym.xtbl	plym.xtbl	m05	name></Animation></Action>  <Action><ID>m05 qte2 seq2 end b</ID><Animation><Filenam
misc_tables.vpp_pc	plym.xtbl	plym.xtbl	m05	te2 seq2 end b</ID><Animation><Filename>m05_qte2_seq2_end_b.animx</Filename></Anima
misc_tables.vpp_pc	plym.xtbl	plym.xtbl	m05	name></Animation></Action>  <Action><ID>m05 qte2 seq3 end b</ID><Animation><Filenam
misc_tables.vpp_pc	plym.xtbl	plym.xtbl	m05	te2 seq3 end b</ID><Animation><Filename>m05_qte2_seq3_end_b.animx</Filename></Anima
misc_tables.vpp_pc	plym.xtbl	plym.xtbl	m05	name></Animation></Action>  <Action><ID>m05 qte2 seq3 start b</ID><Animation><Filen
misc_tables.vpp_pc	plym.xtbl	plym.xtbl	m05	2 seq3 start b</ID><Animation><Filename>m05_qte2_seq3_strt_b.animx</Filename></Anim
misc_tables.vpp_pc	plym.xtbl	plym.xtbl	m05	name></Animation></Action>  <Action><ID>m05 qte2 seq4 end b</ID><Animation><Filenam
misc_tables.vpp_pc	plym.xtbl	plym.xtbl	m05	te2 seq4 end b</ID><Animation><Filename>m05_qte2_seq4_end_b.animx</Filename></Anima
misc_tables.vpp_pc	plym.xtbl	plym.xtbl	m05	name></Animation></Action>  <Action><ID>m05 qte2 seq4 start b</ID><Animation><Filen
misc_tables.vpp_pc	plym.xtbl	plym.xtbl	m05	2 seq4 start b</ID><Animation><Filename>m05_qte2_seq4_strt_b.animx</Filename></Anim
misc_tables.vpp_pc	plym.xtbl	plym.xtbl	m05	name></Animation></Action>  <Action><ID>m05 qte2 seq5 end b</ID><Animation><Filenam
misc_tables.vpp_pc	plym.xtbl	plym.xtbl	m05	te2 seq5 end b</ID><Animation><Filename>m05_qte2_seq5_end_b.animx</Filename></Anima
misc_tables.vpp_pc	plym.xtbl	plym.xtbl	m05	name></Animation></Action>  <Action><ID>m05 qte2 seq5 start b</ID><Animation><Filen
misc_tables.vpp_pc	plym.xtbl	plym.xtbl	m05	2 seq5 start b</ID><Animation><Filename>m05_qte2_seq5_strt_b.animx</Filename></Anim
misc_tables.vpp_pc	plym.xtbl	plym.xtbl	m05	name></Animation></Action>  <Action><ID>m05 qte2 seq6 b</ID><Animation><Filename>m0
misc_tables.vpp_pc	plym.xtbl	plym.xtbl	m05	05 qte2 seq6 b</ID><Animation><Filename>m05_qte2_seq6_b.animx</Filename></Animation
misc_tables.vpp_pc	plym.xtbl	plym.xtbl	m05	name></Animation></Action>  <Action><ID>m05 qte2 seq6 end b</ID><Animation><Filenam
misc_tables.vpp_pc	plym.xtbl	plym.xtbl	m05	te2 seq6 end b</ID><Animation><Filename>m05_qte2_seq6_end_b.animx</Filename></Anima
misc_tables.vpp_pc	plym.xtbl	plym.xtbl	m05	name></Animation></Action>  <Action><ID>m05 qte2 seq6 start b</ID><Animation><Filen
misc_tables.vpp_pc	plym.xtbl	plym.xtbl	m05	2 seq6 start b</ID><Animation><Filename>m05_qte2_seq6_strt_b.animx</Filename></Anim
misc_tables.vpp_pc	plym.xtbl	plym.xtbl	m05	name></Animation></Action>  <Action><ID>m05 qte2 seq7 end b</ID><Animation><Filenam
misc_tables.vpp_pc	plym.xtbl	plym.xtbl	m05	te2 seq7 end b</ID><Animation><Filename>m05_qte2_seq7_end_b.animx</Filename></Anima
misc_tables.vpp_pc	plym.xtbl	plym.xtbl	m05	name></Animation></Action>  <Action><ID>m05 qte2 seq7 start b</ID><Animation><Filen
misc_tables.vpp_pc	plym.xtbl	plym.xtbl	m05	2 seq7 start b</ID><Animation><Filename>m05_qte2_seq7_strt_b.animx</Filename></Anim
misc_tables.vpp_pc	plym.xtbl	plym.xtbl	m05	name></Animation></Action>  <Action><ID>m05 qte2 seq8 b</ID><Animation><Filename>m0
misc_tables.vpp_pc	plym.xtbl	plym.xtbl	m05	05 qte2 seq8 b</ID><Animation><Filename>m05_qte2_seq8_b.animx</Filename></Animation
misc_tables.vpp_pc	plym.xtbl	plym.xtbl	m05	name></Animation></Action>  <Action><ID>m05 qte2 seq8 end b</ID><Animation><Filenam
misc_tables.vpp_pc	plym.xtbl	plym.xtbl	m05	te2 seq8 end b</ID><Animation><Filename>m05_qte2_seq8_end_b.animx</Filename></Anima
misc_tables.vpp_pc	plym.xtbl	plym.xtbl	m05	name></Animation></Action>  <Action><ID>m05 qte2 seq8 start b</ID><Animation><Filen
misc_tables.vpp_pc	plym.xtbl	plym.xtbl	m05	2 seq8 start b</ID><Animation><Filename>m05_qte2_seq8_strt_b.animx</Filename></Anim
misc_tables.vpp_pc	plym.xtbl	plym.xtbl	m05	name></Animation></Action>  <Action><ID>m05 qte2 seq9 atk b</ID><Animation><Filenam
misc_tables.vpp_pc	plym.xtbl	plym.xtbl	m05	te2 seq9 atk b</ID><Animation><Filename>m05_qte2_seq9_attk_b.animx</Filename></Anim
misc_tables.vpp_pc	plym.xtbl	plym.xtbl	m05	name></Animation></Action>  <Action><ID>m05 qte2 seq9 start b</ID><Animation><Filen
misc_tables.vpp_pc	plym.xtbl	plym.xtbl	m05	2 seq9 start b</ID><Animation><Filename>m05_qte2_seq9_strt_b.animx</Filename></Anim
misc_tables.vpp_pc	plym.xtbl	plym.xtbl	m06	lename></Animation></State>  <State><ID>m06 coop aim a</ID><Animation><Filename>mad
misc_tables.vpp_pc	plym.xtbl	plym.xtbl	m06	lename></Animation></State>  <State><ID>m06 player aim a</ID><Animation><Filename>m
misc_tables.vpp_pc	plym.xtbl	plym.xtbl	m06	lename></Animation></State>  <State><ID>m06 coop aim a</ID><Animation><Filename>han
misc_tables.vpp_pc	plym.xtbl	plym.xtbl	m06	lename></Animation></State>  <State><ID>m06 player aim a</ID><Animation><Filename>h
misc_tables.vpp_pc	plym.xtbl	plym.xtbl	m06	lename></Animation></State>  <State><ID>m06 coop aim 01</ID><Animation><Filename>ma
misc_tables.vpp_pc	plym.xtbl	plym.xtbl	m06	lename></Animation></State>  <State><ID>m06 coop aim 02</ID><Animation><Filename>ma
misc_tables.vpp_pc	plym.xtbl	plym.xtbl	m06	lename></Animation></State>  <State><ID>m06 coop aim 03</ID><Animation><Filename>ma
misc_tables.vpp_pc	plym.xtbl	plym.xtbl	m06	lename></Animation></State>  <State><ID>m06 coop aim 04</ID><Animation><Filename>ma
misc_tables.vpp_pc	plym.xtbl	plym.xtbl	m06	lename></Animation></State>  <State><ID>m06 player aim 02</ID><Animation><Filename>
misc_tables.vpp_pc	plym.xtbl	plym.xtbl	m06	lename></Animation></State>  <State><ID>m06 player aim 03</ID><Animation><Filename>
misc_tables.vpp_pc	plym.xtbl	plym.xtbl	m06	lename></Animation></State>  <State><ID>m06 player aim 04</ID><Animation><Filename>
misc_tables.vpp_pc	plym.xtbl	plym.xtbl	m06	lename></Animation></State>  <State><ID>m06 plyaer aim 01</ID><Animation><Filename>
misc_tables.vpp_pc	plym.xtbl	plym.xtbl	m07	name></Animation></Action>  <Action><ID>m07 club owner interrogation player</ID><An
misc_tables.vpp_pc	plym.xtbl	plym.xtbl	m07	name></Animation></Action>  <Action><ID>m07 club owner interrogation victim</ID><An
misc_tables.vpp_pc	plym.xtbl	plym.xtbl	m09	name></Animation></Action>  <Action><ID>m09 open container</ID><Animation><Filename
misc_tables.vpp_pc	plym.xtbl	plym.xtbl	m12	lename></Animation></State>  <State><ID>m12_josh_overshoulder_exittocar_c</ID><Anim
misc_tables.vpp_pc	plym.xtbl	plym.xtbl	m12	lename></Animation></State>  <State><ID>m12_josh_overshoulder_reload</ID><Animation
misc_tables.vpp_pc	plym.xtbl	plym.xtbl	m12	lename></Animation></State>  <State><ID>m12_josh_overshoulder_run_back</ID><Animati
misc_tables.vpp_pc	plym.xtbl	plym.xtbl	m12	lename></Animation></State>  <State><ID>m12_josh_overshoulder_run_forward</ID><Anim
misc_tables.vpp_pc	plym.xtbl	plym.xtbl	m12	lename></Animation></State>  <State><ID>m12_josh_overshoulder_run_left</ID><Animati
misc_tables.vpp_pc	plym.xtbl	plym.xtbl	m12	lename></Animation></State>  <State><ID>m12_josh_overshoulder_run_right</ID><Animat
misc_tables.vpp_pc	plym.xtbl	plym.xtbl	m12	lename></Animation></State>  <State><ID>m12_josh_overshoulder_stand</ID><Animation>
misc_tables.vpp_pc	plym.xtbl	plym.xtbl	m12	lename></Animation></State>  <State><ID>m12_josh_overshoulder_walk_back</ID><Animat
misc_tables.vpp_pc	plym.xtbl	plym.xtbl	m12	lename></Animation></State>  <State><ID>m12_josh_overshoulder_walk_forward</ID><Ani
misc_tables.vpp_pc	plym.xtbl	plym.xtbl	m12	lename></Animation></State>  <State><ID>m12_josh_overshoulder_walk_left</ID><Animat
misc_tables.vpp_pc	plym.xtbl	plym.xtbl	m12	lename></Animation></State>  <State><ID>m12_josh_overshoulder_walk_right</ID><Anima
misc_tables.vpp_pc	plym.xtbl	plym.xtbl	m12	lename></Animation></State>  <State><ID>m12_plym_overshoulder_exittocar_c</ID><Anim
misc_tables.vpp_pc	plym.xtbl	plym.xtbl	m12	lename></Animation></State>  <State><ID>m12_plym_overshoulder_reload</ID><Animation
misc_tables.vpp_pc	plym.xtbl	plym.xtbl	m12	lename></Animation></State>  <State><ID>m12_plym_overshoulder_run_back</ID><Animati
misc_tables.vpp_pc	plym.xtbl	plym.xtbl	m12	lename></Animation></State>  <State><ID>m12_plym_overshoulder_run_forward</ID><Anim
misc_tables.vpp_pc	plym.xtbl	plym.xtbl	m12	lename></Animation></State>  <State><ID>m12_plym_overshoulder_run_left</ID><Animati
misc_tables.vpp_pc	plym.xtbl	plym.xtbl	m12	lename></Animation></State>  <State><ID>m12_plym_overshoulder_run_right</ID><Animat
misc_tables.vpp_pc	plym.xtbl	plym.xtbl	m12	lename></Animation></State>  <State><ID>m12_plym_overshoulder_stand</ID><Animation>
misc_tables.vpp_pc	plym.xtbl	plym.xtbl	m12	lename></Animation></State>  <State><ID>m12_plym_overshoulder_walk_back</ID><Animat
misc_tables.vpp_pc	plym.xtbl	plym.xtbl	m12	lename></Animation></State>  <State><ID>m12_plym_overshoulder_walk_forward</ID><Ani
misc_tables.vpp_pc	plym.xtbl	plym.xtbl	m12	lename></Animation></State>  <State><ID>m12_plym_overshoulder_walk_left</ID><Animat
misc_tables.vpp_pc	plym.xtbl	plym.xtbl	m12	lename></Animation></State>  <State><ID>m12_plym_overshoulder_walk_right</ID><Anima
misc_tables.vpp_pc	plym.xtbl	plym.xtbl	m12	name></Animation></Action>  <Action><ID>m12_josh_overshoulder_exittocar_a</ID><Anim
misc_tables.vpp_pc	plym.xtbl	plym.xtbl	m12	name></Animation></Action>  <Action><ID>m12_josh_overshoulder_exittocar_b</ID><Anim
misc_tables.vpp_pc	plym.xtbl	plym.xtbl	m12	name></Animation></Action>  <Action><ID>m12_plym_overshoulder_exittocar_a</ID><Anim
misc_tables.vpp_pc	plym.xtbl	plym.xtbl	m12	name></Animation></Action>  <Action><ID>m12_plym_overshoulder_exittocar_b</ID><Anim
misc_tables.vpp_pc	plym.xtbl	plym.xtbl	m13	lename></Animation></State>  <State><ID>m13 hs stand</ID><Animation><Filename>mad13
misc_tables.vpp_pc	plym.xtbl	plym.xtbl	m14	lename></Animation></State>  <State><ID>m14 transmitter idle</ID><Animation><Filena
misc_tables.vpp_pc	plym.xtbl	plym.xtbl	m14	name></Animation></Action>  <Action><ID>m14 transmitter in</ID><Animation><Filename
misc_tables.vpp_pc	plym.xtbl	plym.xtbl	m14	name></Animation></Action>  <Action><ID>m14 transmitter out</ID><Animation><Filenam
misc_tables.vpp_pc	plym.xtbl	plym.xtbl	m16	lename></Animation></State>  <State><ID>m16 wqte pb hold b</ID><Animation><Filename
misc_tables.vpp_pc	plym.xtbl	plym.xtbl	m16	wqte pb hold b</ID><Animation><Filename>m16_wqte_pb_hold_b.animx</Filename></Animat
misc_tables.vpp_pc	plym.xtbl	plym.xtbl	m16	name></Animation></Action>  <Action><ID>m16 wqte pa end b</ID><Animation><Filename>
misc_tables.vpp_pc	plym.xtbl	plym.xtbl	m16	 wqte pa end b</ID><Animation><Filename>m16_wqte_pa_end_b.animx</Filename></Animati
misc_tables.vpp_pc	plym.xtbl	plym.xtbl	m16	name></Animation></Action>  <Action><ID>m16 wqte pa exit b</ID><Animation><Filename
misc_tables.vpp_pc	plym.xtbl	plym.xtbl	m16	wqte pa exit b</ID><Animation><Filename>m16_wqte_pa_ext_b.animx</Filename></Animati
misc_tables.vpp_pc	plym.xtbl	plym.xtbl	m16	name></Animation></Action>  <Action><ID>m16 wqte pa start b</ID><Animation><Filenam
misc_tables.vpp_pc	plym.xtbl	plym.xtbl	m16	qte pa start b</ID><Animation><Filename>m16_wqte_pa_strt_b.animx</Filename></Animat
misc_tables.vpp_pc	plym.xtbl	plym.xtbl	m16	name></Animation></Action>  <Action><ID>m16 wqte pb atk b</ID><Animation><Filename>
misc_tables.vpp_pc	plym.xtbl	plym.xtbl	m16	 wqte pb atk b</ID><Animation><Filename>m16_wqte_pb_atk_b.animx</Filename></Animati
misc_tables.vpp_pc	plym.xtbl	plym.xtbl	m16	name></Animation></Action>  <Action><ID>m16 wqte pb end b</ID><Animation><Filename>
misc_tables.vpp_pc	plym.xtbl	plym.xtbl	m16	 wqte pb end b</ID><Animation><Filename>m16_wqte_pb_end_b.animx</Filename></Animati
misc_tables.vpp_pc	plym.xtbl	plym.xtbl	m16	name></Animation></Action>  <Action><ID>m16 wqte pb exit b</ID><Animation><Filename
misc_tables.vpp_pc	plym.xtbl	plym.xtbl	m16	wqte pb exit b</ID><Animation><Filename>m16_wqte_pb_ext_b.animx</Filename></Animati
misc_tables.vpp_pc	plym.xtbl	plym.xtbl	m16	name></Animation></Action>  <Action><ID>m16 wqte pb start b</ID><Animation><Filenam
misc_tables.vpp_pc	plym.xtbl	plym.xtbl	m16	qte pb start b</ID><Animation><Filename>m16_wqte_pb_strt_b.animx</Filename></Animat
misc_tables.vpp_pc	plym.xtbl	plym.xtbl	m19	lename></Animation></State>  <State><ID>m19 qte grapple struggle a</ID><Animation><
misc_tables.vpp_pc	plym.xtbl	plym.xtbl	m19	lename></Animation></State>  <State><ID>m19 qte2 grapple struggle a</ID><Animation>
misc_tables.vpp_pc	plym.xtbl	plym.xtbl	m19	name></Animation></Action>  <Action><ID>m19 qte grapple enter a</ID><Animation><Fil
misc_tables.vpp_pc	plym.xtbl	plym.xtbl	m19	name></Animation></Action>  <Action><ID>m19 qte grapple exit a</ID><Animation><File
misc_tables.vpp_pc	plym.xtbl	plym.xtbl	m19	name></Animation></Action>  <Action><ID>m19 qte2 grapple enter a</ID><Animation><Fi
misc_tables.vpp_pc	plym.xtbl	plym.xtbl	m19	name></Animation></Action>  <Action><ID>m19 qte2 grapple exit a</ID><Animation><Fil
misc_tables.vpp_pc	plym.xtbl	plym.xtbl	m21	lename></Animation></State>  <State><ID>m21_plym_tageteam_rope_idle</ID><Animation>
misc_tables.vpp_pc	plym.xtbl	plym.xtbl	m21	name></Animation></Action>  <Action><ID>m21_plym_tagteam_cheer</ID><Animation><File
misc_tables.vpp_pc	plym.xtbl	plym.xtbl	m21	name></Animation></Action>  <Action><ID>m21_plym_tagteam_swapa</ID><Animation><File
misc_tables.vpp_pc	plym.xtbl	plym.xtbl	m21	name></Animation></Action>  <Action><ID>m21_plym_tagteam_swapb</ID><Animation><File
misc_tables.vpp_pc	plym.xtbl	plym.xtbl	m21	name></Animation></Action>  <Action><ID>m21_plym_tagteam_wave</ID><Animation><Filen
misc_tables.vpp_pc	plym.xtbl	plym.xtbl	m24	name></Animation></Action>  <Action><ID>m24 qte beatdown one a</ID><Animation><File
misc_tables.vpp_pc	plym.xtbl	plym.xtbl	m24	name></Animation></Action>  <Action><ID>m24 qte beatdown three a</ID><Animation><Fi
misc_tables.vpp_pc	plym.xtbl	plym.xtbl	m24	name></Animation></Action>  <Action><ID>m24 qte beatdown two a</ID><Animation><File
misc_tables.vpp_pc	plym.xtbl	plym.xtbl	m24	name></Animation></Action>  <Action><ID>m24 computer hack</ID><Animation><Filename>
misc_tables.vpp_pc	plym.xtbl	plym.xtbl	m24	name></Animation></Action>  <Action><ID>m24 dramatic no</ID><Animation><Filename>pl
misc_tables.vpp_pc	plym.xtbl	plym.xtbl	sh03	name></Animation></Action>  <Action><ID>sh03 vomit hack</ID><Animation><Filename>ply
misc_tables.vpp_pc	qte_sequences.xtbl	qte_sequences.xtbl	m02	<Synced_State>        <Synced_Animation>m02 skyqte3 struggle a</Synced_Animation>  
misc_tables.vpp_pc	qte_sequences.xtbl	qte_sequences.xtbl	m05	ew_Remotely>    </QTE>   <QTE>    <Name>m05_leap</Name>    <Disable_Player>True</Di
misc_tables.vpp_pc	qte_sequences.xtbl	qte_sequences.xtbl	m05	E_Nodes>     <QTE_Node>      <Node_Name>m05_leap_enter</Node_Name>      <HUD_Interf
misc_tables.vpp_pc	qte_sequences.xtbl	qte_sequences.xtbl	m05	 <Enter_Action>       <Player_Animation>m05 qte1 enter</Player_Animation>       </E
misc_tables.vpp_pc	qte_sequences.xtbl	qte_sequences.xtbl	m05	ng_State>       <Player_Animation_State>m05 qte1 seq1</Player_Animation_State>     
misc_tables.vpp_pc	qte_sequences.xtbl	qte_sequences.xtbl	m05	   <Repeat>0</Repeat>       <Go_To_Node>m05_leap_win</Go_To_Node>       <Keep_HUD>F
misc_tables.vpp_pc	qte_sequences.xtbl	qte_sequences.xtbl	m05	ccess>      <On_Fail>       <Go_To_Node>m05_leap_lose</Go_To_Node>       <Keep_HUD>
misc_tables.vpp_pc	qte_sequences.xtbl	qte_sequences.xtbl	m05	TE_Node>     <QTE_Node>      <Node_Name>m05_leap_win</Node_Name>      <Enter_Action
misc_tables.vpp_pc	qte_sequences.xtbl	qte_sequences.xtbl	m05	 <Enter_Action>       <Player_Animation>m05 qte1 exit</Player_Animation>       </En
misc_tables.vpp_pc	qte_sequences.xtbl	qte_sequences.xtbl	m05	TE_Node>     <QTE_Node>      <Node_Name>m05_leap_lose</Node_Name>      <Enter_Actio
misc_tables.vpp_pc	qte_sequences.xtbl	qte_sequences.xtbl	m05	 <Enter_Action>       <Player_Animation>m05 qte1 end</Player_Animation>       </Ent
misc_tables.vpp_pc	qte_sequences.xtbl	qte_sequences.xtbl	m05	ew_Remotely>    </QTE>   <QTE>    <Name>m05_heli</Name>    <Disable_Player>True</Di
misc_tables.vpp_pc	qte_sequences.xtbl	qte_sequences.xtbl	m05	E_Nodes>     <QTE_Node>      <Node_Name>m05_heli_enter</Node_Name>      <HUD_Interf
misc_tables.vpp_pc	qte_sequences.xtbl	qte_sequences.xtbl	m05	 <Enter_Action>       <Player_Animation>m05 qte2 enter b</Player_Animation>       <
misc_tables.vpp_pc	qte_sequences.xtbl	qte_sequences.xtbl	m05	ng_State>       <Player_Animation_State>m05 qte2 seq1 b</Player_Animation_State>   
misc_tables.vpp_pc	qte_sequences.xtbl	qte_sequences.xtbl	m05	dditive_Action>       <Player_Animation>m05 qte2 seq1 atk b</Player_Animation>     
misc_tables.vpp_pc	qte_sequences.xtbl	qte_sequences.xtbl	m05	       <NPC_Animation>        <NPC_Name>m05_heli_guard 001</NPC_Name>        <Enter
misc_tables.vpp_pc	qte_sequences.xtbl	qte_sequences.xtbl	m05	ard 001</NPC_Name>        <Enter_Action>m05 qte2 enter a</Enter_Action>        <Loo
misc_tables.vpp_pc	qte_sequences.xtbl	qte_sequences.xtbl	m05	 a</Enter_Action>        <Looping_State>m05 qte2 seq1 a</Looping_State>        <Add
misc_tables.vpp_pc	qte_sequences.xtbl	qte_sequences.xtbl	m05	/Looping_State>        <Additive_Action>m05 qte2 seq1 flinch a</Additive_Action>   
misc_tables.vpp_pc	qte_sequences.xtbl	qte_sequences.xtbl	m05	   <Repeat>0</Repeat>       <Go_To_Node>m05_heli_enter_win</Go_To_Node>       <Keep
misc_tables.vpp_pc	qte_sequences.xtbl	qte_sequences.xtbl	m05	ccess>      <On_Fail>       <Go_To_Node>m05_heli_enter_lose</Go_To_Node>       <Kee
misc_tables.vpp_pc	qte_sequences.xtbl	qte_sequences.xtbl	m05	TE_Node>     <QTE_Node>      <Node_Name>m05_heli_enter_win</Node_Name>      <Enter_
misc_tables.vpp_pc	qte_sequences.xtbl	qte_sequences.xtbl	m05	 <Enter_Action>       <Player_Animation>m05 qte2 seq1 esc b</Player_Animation>     
misc_tables.vpp_pc	qte_sequences.xtbl	qte_sequences.xtbl	m05	ng_State>       <Player_Animation_State>m05 qte2 seq2 b</Player_Animation_State>   
misc_tables.vpp_pc	qte_sequences.xtbl	qte_sequences.xtbl	m05	       <NPC_Animation>        <NPC_Name>m05_heli_guard 001</NPC_Name>        <Enter
misc_tables.vpp_pc	qte_sequences.xtbl	qte_sequences.xtbl	m05	ard 001</NPC_Name>        <Enter_Action>m05 qte2 seq1 esc a</Enter_Action>        <
misc_tables.vpp_pc	qte_sequences.xtbl	qte_sequences.xtbl	m05	ccess>      <On_Fail>       <Go_To_Node>m05_heli_hang</Go_To_Node>       <Keep_HUD>
misc_tables.vpp_pc	qte_sequences.xtbl	qte_sequences.xtbl	m05	TE_Node>     <QTE_Node>      <Node_Name>m05_heli_enter_lose</Node_Name>      <Enter
misc_tables.vpp_pc	qte_sequences.xtbl	qte_sequences.xtbl	m05	 <Enter_Action>       <Player_Animation>m05 qte2 seq1 end b</Player_Animation>     
misc_tables.vpp_pc	qte_sequences.xtbl	qte_sequences.xtbl	m05	       <NPC_Animation>        <NPC_Name>m05_heli_guard 001</NPC_Name>        <Enter
misc_tables.vpp_pc	qte_sequences.xtbl	qte_sequences.xtbl	m05	ard 001</NPC_Name>        <Enter_Action>m05 qte2 seq1 end a</Enter_Action>        <
misc_tables.vpp_pc	qte_sequences.xtbl	qte_sequences.xtbl	m05	TE_Node>     <QTE_Node>      <Node_Name>m05_heli_hang</Node_Name>      <HUD_Interfa
misc_tables.vpp_pc	qte_sequences.xtbl	qte_sequences.xtbl	m05	ng_State>       <Player_Animation_State>m05 qte2 seq2 b</Player_Animation_State>   
misc_tables.vpp_pc	qte_sequences.xtbl	qte_sequences.xtbl	m05	_HUD>False</Keep_HUD>       <Go_To_Node>m05_heli_climb</Go_To_Node>       <Kill_Par
misc_tables.vpp_pc	qte_sequences.xtbl	qte_sequences.xtbl	m05	_HUD>False</Keep_HUD>       <Go_To_Node>m05_heli_hang_lose</Go_To_Node>       </On_
misc_tables.vpp_pc	qte_sequences.xtbl	qte_sequences.xtbl	m05	TE_Node>     <QTE_Node>      <Node_Name>m05_heli_hang_lose</Node_Name>      <Enter_
misc_tables.vpp_pc	qte_sequences.xtbl	qte_sequences.xtbl	m05	 <Enter_Action>       <Player_Animation>m05 qte2 seq2 end b</Player_Animation>     
misc_tables.vpp_pc	qte_sequences.xtbl	qte_sequences.xtbl	m05	ng_State>       <Player_Animation_State>m05 qte2 seq2 b</Player_Animation_State>   
misc_tables.vpp_pc	qte_sequences.xtbl	qte_sequences.xtbl	m05	TE_Node>     <QTE_Node>      <Node_Name>m05_heli_climb</Node_Name>      <NPC_Animat
misc_tables.vpp_pc	qte_sequences.xtbl	qte_sequences.xtbl	m05	       <NPC_Animation>        <NPC_Name>m05_heli_guard 002</NPC_Name>        <Enter
misc_tables.vpp_pc	qte_sequences.xtbl	qte_sequences.xtbl	m05	ard 002</NPC_Name>        <Enter_Action>m05 qte2 seq3 start a</Enter_Action>       
misc_tables.vpp_pc	qte_sequences.xtbl	qte_sequences.xtbl	m05	_HUD>False</Keep_HUD>       <Go_To_Node>m05_heli_arm</Go_To_Node>       <Kill_Partn
misc_tables.vpp_pc	qte_sequences.xtbl	qte_sequences.xtbl	m05	_HUD>False</Keep_HUD>       <Go_To_Node>m05_heli_climb_lose</Go_To_Node>       </On
misc_tables.vpp_pc	qte_sequences.xtbl	qte_sequences.xtbl	m05	 <Enter_Action>       <Player_Animation>m05 qte2 seq3 start b</Player_Animation>   
misc_tables.vpp_pc	qte_sequences.xtbl	qte_sequences.xtbl	m05	TE_Node>     <QTE_Node>      <Node_Name>m05_heli_climb_lose</Node_Name>      <Enter
misc_tables.vpp_pc	qte_sequences.xtbl	qte_sequences.xtbl	m05	 <Enter_Action>       <Player_Animation>m05 qte2 seq3 end b</Player_Animation>     
misc_tables.vpp_pc	qte_sequences.xtbl	qte_sequences.xtbl	m05	       <NPC_Animation>        <NPC_Name>m05_heli_guard 002</NPC_Name>        <Enter
misc_tables.vpp_pc	qte_sequences.xtbl	qte_sequences.xtbl	m05	ard 002</NPC_Name>        <Enter_Action>m05 qte2 seq3 end a</Enter_Action>        <
misc_tables.vpp_pc	qte_sequences.xtbl	qte_sequences.xtbl	m05	ccess>      <On_Fail>       <Go_To_Node>m05_heli_hang</Go_To_Node>       <Keep_HUD>
misc_tables.vpp_pc	qte_sequences.xtbl	qte_sequences.xtbl	m05	ng_State>       <Player_Animation_State>m05 qte2 seq2 b</Player_Animation_State>   
misc_tables.vpp_pc	qte_sequences.xtbl	qte_sequences.xtbl	m05	TE_Node>     <QTE_Node>      <Node_Name>m05_heli_arm</Node_Name>      <HUD_Interfac
misc_tables.vpp_pc	qte_sequences.xtbl	qte_sequences.xtbl	m05	 <Enter_Action>       <Player_Animation>m05 qte2 seq4 start b</Player_Animation>   
misc_tables.vpp_pc	qte_sequences.xtbl	qte_sequences.xtbl	m05	ng_State>       <Player_Animation_State>m05 qte2 seq4 b</Player_Animation_State>   
misc_tables.vpp_pc	qte_sequences.xtbl	qte_sequences.xtbl	m05	       <NPC_Animation>        <NPC_Name>m05_heli_guard 002</NPC_Name>        <Enter
misc_tables.vpp_pc	qte_sequences.xtbl	qte_sequences.xtbl	m05	ard 002</NPC_Name>        <Enter_Action>m05 qte2 seq4 start a</Enter_Action>       
misc_tables.vpp_pc	qte_sequences.xtbl	qte_sequences.xtbl	m05	 a</Enter_Action>        <Looping_State>m05 qte2 seq4 a</Looping_State>        </NP
misc_tables.vpp_pc	qte_sequences.xtbl	qte_sequences.xtbl	m05	   <Repeat>0</Repeat>       <Go_To_Node>m05_heli_toss</Go_To_Node>       <Keep_HUD>
misc_tables.vpp_pc	qte_sequences.xtbl	qte_sequences.xtbl	m05	ccess>      <On_Fail>       <Go_To_Node>m05_heli_arm_lose</Go_To_Node>       <Keep_
misc_tables.vpp_pc	qte_sequences.xtbl	qte_sequences.xtbl	m05	TE_Node>     <QTE_Node>      <Node_Name>m05_heli_arm_lose</Node_Name>      <Enter_A
misc_tables.vpp_pc	qte_sequences.xtbl	qte_sequences.xtbl	m05	 <Enter_Action>       <Player_Animation>m05 qte2 seq4 end b</Player_Animation>     
misc_tables.vpp_pc	qte_sequences.xtbl	qte_sequences.xtbl	m05	       <NPC_Animation>        <NPC_Name>m05_heli_guard 002</NPC_Name>        <Enter
misc_tables.vpp_pc	qte_sequences.xtbl	qte_sequences.xtbl	m05	ard 002</NPC_Name>        <Enter_Action>m05 qte2 seq4 end a</Enter_Action>        <
misc_tables.vpp_pc	qte_sequences.xtbl	qte_sequences.xtbl	m05	ccess>      <On_Fail>       <Go_To_Node>m05_heli_hang</Go_To_Node>       <Keep_HUD>
misc_tables.vpp_pc	qte_sequences.xtbl	qte_sequences.xtbl	m05	ng_State>       <Player_Animation_State>m05 qte2 seq2 b</Player_Animation_State>   
misc_tables.vpp_pc	qte_sequences.xtbl	qte_sequences.xtbl	m05	TE_Node>     <QTE_Node>      <Node_Name>m05_heli_toss</Node_Name>      <HUD_Interfa
misc_tables.vpp_pc	qte_sequences.xtbl	qte_sequences.xtbl	m05	 <Enter_Action>       <Player_Animation>m05 qte2 seq5 start b</Player_Animation>   
misc_tables.vpp_pc	qte_sequences.xtbl	qte_sequences.xtbl	m05	ng_State>       <Player_Animation_State>m05 qte2 seq5 b</Player_Animation_State>   
misc_tables.vpp_pc	qte_sequences.xtbl	qte_sequences.xtbl	m05	       <NPC_Animation>        <NPC_Name>m05_heli_guard 002</NPC_Name>        <Enter
misc_tables.vpp_pc	qte_sequences.xtbl	qte_sequences.xtbl	m05	ard 002</NPC_Name>        <Enter_Action>m05 qte2 seq5 start a</Enter_Action>       
misc_tables.vpp_pc	qte_sequences.xtbl	qte_sequences.xtbl	m05	 a</Enter_Action>        <Looping_State>m05 qte2 seq5 a</Looping_State>        </NP
misc_tables.vpp_pc	qte_sequences.xtbl	qte_sequences.xtbl	m05	_HUD>False</Keep_HUD>       <Go_To_Node>m05_heli_toss_win</Go_To_Node>       <Kill_
misc_tables.vpp_pc	qte_sequences.xtbl	qte_sequences.xtbl	m05	ccess>      <On_Fail>       <Go_To_Node>m05_heli_toss_lose</Go_To_Node>       <Keep
misc_tables.vpp_pc	qte_sequences.xtbl	qte_sequences.xtbl	m05	TE_Node>     <QTE_Node>      <Node_Name>m05_heli_toss_win</Node_Name>      <Enter_A
misc_tables.vpp_pc	qte_sequences.xtbl	qte_sequences.xtbl	m05	 <Enter_Action>       <Player_Animation>m05 qte2 seq6 start b</Player_Animation>   
misc_tables.vpp_pc	qte_sequences.xtbl	qte_sequences.xtbl	m05	       <NPC_Animation>        <NPC_Name>m05_heli_guard 002</NPC_Name>        <Enter
misc_tables.vpp_pc	qte_sequences.xtbl	qte_sequences.xtbl	m05	ard 002</NPC_Name>        <Enter_Action>m05 qte2 seq6 start a</Enter_Action>       
misc_tables.vpp_pc	qte_sequences.xtbl	qte_sequences.xtbl	m05	       <NPC_Animation>        <NPC_Name>m05_heli_lieutenant</NPC_Name>        <Ente
misc_tables.vpp_pc	qte_sequences.xtbl	qte_sequences.xtbl	m05	utenant</NPC_Name>        <Enter_Action>m05 qte2 seq6 start c</Enter_Action>       
misc_tables.vpp_pc	qte_sequences.xtbl	qte_sequences.xtbl	m05	ccess>      <On_Fail>       <Go_To_Node>m05_heli_dodge</Go_To_Node>       <Keep_HUD
misc_tables.vpp_pc	qte_sequences.xtbl	qte_sequences.xtbl	m05	TE_Node>     <QTE_Node>      <Node_Name>m05_heli_toss_lose</Node_Name>      <Enter_
misc_tables.vpp_pc	qte_sequences.xtbl	qte_sequences.xtbl	m05	 <Enter_Action>       <Player_Animation>m05 qte2 seq5 end b</Player_Animation>     
misc_tables.vpp_pc	qte_sequences.xtbl	qte_sequences.xtbl	m05	       <NPC_Animation>        <NPC_Name>m05_heli_guard 002</NPC_Name>        <Enter
misc_tables.vpp_pc	qte_sequences.xtbl	qte_sequences.xtbl	m05	ard 002</NPC_Name>        <Enter_Action>m05 qte2 seq5 end a</Enter_Action>        <
misc_tables.vpp_pc	qte_sequences.xtbl	qte_sequences.xtbl	m05	ccess>      <On_Fail>       <Go_To_Node>m05_heli_hang</Go_To_Node>       <Keep_HUD>
misc_tables.vpp_pc	qte_sequences.xtbl	qte_sequences.xtbl	m05	ng_State>       <Player_Animation_State>m05 qte2 seq2 b</Player_Animation_State>   
misc_tables.vpp_pc	qte_sequences.xtbl	qte_sequences.xtbl	m05	TE_Node>     <QTE_Node>      <Node_Name>m05_heli_dodge</Node_Name>      <HUD_Interf
misc_tables.vpp_pc	qte_sequences.xtbl	qte_sequences.xtbl	m05	 <Enter_Action>       <Player_Animation>m05 qte2 seq6 b</Player_Animation>       </
misc_tables.vpp_pc	qte_sequences.xtbl	qte_sequences.xtbl	m05	       <NPC_Animation>        <NPC_Name>m05_heli_lieutenant</NPC_Name>        <Ente
misc_tables.vpp_pc	qte_sequences.xtbl	qte_sequences.xtbl	m05	utenant</NPC_Name>        <Enter_Action>m05 qte2 seq6 a</Enter_Action>        </NPC
misc_tables.vpp_pc	qte_sequences.xtbl	qte_sequences.xtbl	m05	   <Repeat>0</Repeat>       <Go_To_Node>m05_heli_head</Go_To_Node>       <Keep_HUD>
misc_tables.vpp_pc	qte_sequences.xtbl	qte_sequences.xtbl	m05	ccess>      <On_Fail>       <Go_To_Node>m05_heli_dodge_lose</Go_To_Node>       <Kee
misc_tables.vpp_pc	qte_sequences.xtbl	qte_sequences.xtbl	m05	TE_Node>     <QTE_Node>      <Node_Name>m05_heli_dodge_lose</Node_Name>      <Enter
misc_tables.vpp_pc	qte_sequences.xtbl	qte_sequences.xtbl	m05	 <Enter_Action>       <Player_Animation>m05 qte2 seq6 end b</Player_Animation>     
misc_tables.vpp_pc	qte_sequences.xtbl	qte_sequences.xtbl	m05	       <NPC_Animation>        <NPC_Name>m05_heli_lieutenant</NPC_Name>        <Ente
misc_tables.vpp_pc	qte_sequences.xtbl	qte_sequences.xtbl	m05	utenant</NPC_Name>        <Enter_Action>m05 qte2 seq6 end a</Enter_Action>        <
misc_tables.vpp_pc	qte_sequences.xtbl	qte_sequences.xtbl	m05	ccess>      <On_Fail>       <Go_To_Node>m05_heli_dodge</Go_To_Node>       <Keep_HUD
misc_tables.vpp_pc	qte_sequences.xtbl	qte_sequences.xtbl	m05	TE_Node>     <QTE_Node>      <Node_Name>m05_heli_head</Node_Name>      <HUD_Interfa
misc_tables.vpp_pc	qte_sequences.xtbl	qte_sequences.xtbl	m05	 <Enter_Action>       <Player_Animation>m05 qte2 seq7 start b</Player_Animation>   
misc_tables.vpp_pc	qte_sequences.xtbl	qte_sequences.xtbl	m05	ng_State>       <Player_Animation_State>m05 qte2 seq7 b</Player_Animation_State>   
misc_tables.vpp_pc	qte_sequences.xtbl	qte_sequences.xtbl	m05	       <NPC_Animation>        <NPC_Name>m05_heli_lieutenant</NPC_Name>        <Ente
misc_tables.vpp_pc	qte_sequences.xtbl	qte_sequences.xtbl	m05	utenant</NPC_Name>        <Enter_Action>m05 qte2 seq7 start a</Enter_Action>       
misc_tables.vpp_pc	qte_sequences.xtbl	qte_sequences.xtbl	m05	 a</Enter_Action>        <Looping_State>m05 qte2 seq7 a</Looping_State>        </NP
misc_tables.vpp_pc	qte_sequences.xtbl	qte_sequences.xtbl	m05	   <Repeat>0</Repeat>       <Go_To_Node>m05_heli_head_win</Go_To_Node>       <Keep_
misc_tables.vpp_pc	qte_sequences.xtbl	qte_sequences.xtbl	m05	ccess>      <On_Fail>       <Go_To_Node>m05_heli_head_lose</Go_To_Node>       <Keep
misc_tables.vpp_pc	qte_sequences.xtbl	qte_sequences.xtbl	m05	TE_Node>     <QTE_Node>      <Node_Name>m05_heli_head_win</Node_Name>      <Enter_A
misc_tables.vpp_pc	qte_sequences.xtbl	qte_sequences.xtbl	m05	 <Enter_Action>       <Player_Animation>m05 qte2 seq8 start b</Player_Animation>   
misc_tables.vpp_pc	qte_sequences.xtbl	qte_sequences.xtbl	m05	       <NPC_Animation>        <NPC_Name>m05_heli_lieutenant</NPC_Name>        <Ente
misc_tables.vpp_pc	qte_sequences.xtbl	qte_sequences.xtbl	m05	utenant</NPC_Name>        <Enter_Action>m05 qte2 seq8 start a</Enter_Action>       
misc_tables.vpp_pc	qte_sequences.xtbl	qte_sequences.xtbl	m05	ccess>      <On_Fail>       <Go_To_Node>m05_heli_crotch</Go_To_Node>       <Keep_HU
misc_tables.vpp_pc	qte_sequences.xtbl	qte_sequences.xtbl	m05	TE_Node>     <QTE_Node>      <Node_Name>m05_heli_head_lose</Node_Name>      <Enter_
misc_tables.vpp_pc	qte_sequences.xtbl	qte_sequences.xtbl	m05	 <Enter_Action>       <Player_Animation>m05 qte2 seq7 end b</Player_Animation>     
misc_tables.vpp_pc	qte_sequences.xtbl	qte_sequences.xtbl	m05	       <NPC_Animation>        <NPC_Name>m05_heli_lieutenant</NPC_Name>        <Ente
misc_tables.vpp_pc	qte_sequences.xtbl	qte_sequences.xtbl	m05	utenant</NPC_Name>        <Enter_Action>m05 qte2 seq7 end a</Enter_Action>        <
misc_tables.vpp_pc	qte_sequences.xtbl	qte_sequences.xtbl	m05	ccess>      <On_Fail>       <Go_To_Node>m05_heli_dodge</Go_To_Node>       <Keep_HUD
misc_tables.vpp_pc	qte_sequences.xtbl	qte_sequences.xtbl	m05	TE_Node>     <QTE_Node>      <Node_Name>m05_heli_crotch</Node_Name>      <HUD_Inter
misc_tables.vpp_pc	qte_sequences.xtbl	qte_sequences.xtbl	m05	 <Enter_Action>       <Player_Animation>m05 qte2 seq8 b</Player_Animation>       </
misc_tables.vpp_pc	qte_sequences.xtbl	qte_sequences.xtbl	m05	       <NPC_Animation>        <NPC_Name>m05_heli_lieutenant</NPC_Name>        <Ente
misc_tables.vpp_pc	qte_sequences.xtbl	qte_sequences.xtbl	m05	utenant</NPC_Name>        <Enter_Action>m05 qte2 seq8 a</Enter_Action>        </NPC
misc_tables.vpp_pc	qte_sequences.xtbl	qte_sequences.xtbl	m05	_HUD>False</Keep_HUD>       <Go_To_Node>m05_heli_punch</Go_To_Node>       <Kill_Par
misc_tables.vpp_pc	qte_sequences.xtbl	qte_sequences.xtbl	m05	ccess>      <On_Fail>       <Go_To_Node>m05_heli_crotch_lose</Go_To_Node>       <Ke
misc_tables.vpp_pc	qte_sequences.xtbl	qte_sequences.xtbl	m05	TE_Node>     <QTE_Node>      <Node_Name>m05_heli_crotch_lose</Node_Name>      <Ente
misc_tables.vpp_pc	qte_sequences.xtbl	qte_sequences.xtbl	m05	 <Enter_Action>       <Player_Animation>m05 qte2 seq8 end b</Player_Animation>     
misc_tables.vpp_pc	qte_sequences.xtbl	qte_sequences.xtbl	m05	       <NPC_Animation>        <NPC_Name>m05_heli_lieutenant</NPC_Name>        <Ente
misc_tables.vpp_pc	qte_sequences.xtbl	qte_sequences.xtbl	m05	utenant</NPC_Name>        <Enter_Action>m05 qte2 seq8 end a</Enter_Action>        <
misc_tables.vpp_pc	qte_sequences.xtbl	qte_sequences.xtbl	m05	_HUD>False</Keep_HUD>       <Go_To_Node>m05_heli_crotch</Go_To_Node>       </On_Fai
misc_tables.vpp_pc	qte_sequences.xtbl	qte_sequences.xtbl	m05	TE_Node>     <QTE_Node>      <Node_Name>m05_heli_punch</Node_Name>      <HUD_Interf
misc_tables.vpp_pc	qte_sequences.xtbl	qte_sequences.xtbl	m05	 <Enter_Action>       <Player_Animation>m05 qte2 seq9 start b</Player_Animation>   
misc_tables.vpp_pc	qte_sequences.xtbl	qte_sequences.xtbl	m05	ng_State>       <Player_Animation_State>m05 qte2 seq9 b</Player_Animation_State>   
misc_tables.vpp_pc	qte_sequences.xtbl	qte_sequences.xtbl	m05	dditive_Action>       <Player_Animation>m05 qte2 seq9 atk b</Player_Animation>     
misc_tables.vpp_pc	qte_sequences.xtbl	qte_sequences.xtbl	m05	       <NPC_Animation>        <NPC_Name>m05_heli_lieutenant</NPC_Name>        <Ente
misc_tables.vpp_pc	qte_sequences.xtbl	qte_sequences.xtbl	m05	utenant</NPC_Name>        <Enter_Action>m05 qte2 seq9 start a</Enter_Action>       
misc_tables.vpp_pc	qte_sequences.xtbl	qte_sequences.xtbl	m05	 a</Enter_Action>        <Looping_State>m05 qte2 seq9 a</Looping_State>        <Add
misc_tables.vpp_pc	qte_sequences.xtbl	qte_sequences.xtbl	m05	/Looping_State>        <Additive_Action>m05 qte2 seq9 atk a</Additive_Action>      
misc_tables.vpp_pc	qte_sequences.xtbl	qte_sequences.xtbl	m05	   <Repeat>0</Repeat>       <Go_To_Node>m05_heli_dangle</Go_To_Node>       <Keep_HU
misc_tables.vpp_pc	qte_sequences.xtbl	qte_sequences.xtbl	m05	TE_Node>     <QTE_Node>      <Node_Name>m05_heli_dangle</Node_Name>      <HUD_Inter
misc_tables.vpp_pc	qte_sequences.xtbl	qte_sequences.xtbl	m05	 <Enter_Action>       <Player_Animation>m05 qte2 seq10 start b</Player_Animation>  
misc_tables.vpp_pc	qte_sequences.xtbl	qte_sequences.xtbl	m05	ng_State>       <Player_Animation_State>m05 qte2 seq10 b</Player_Animation_State>  
misc_tables.vpp_pc	qte_sequences.xtbl	qte_sequences.xtbl	m05	       <NPC_Animation>        <NPC_Name>m05_heli_lieutenant</NPC_Name>        <Ente
misc_tables.vpp_pc	qte_sequences.xtbl	qte_sequences.xtbl	m05	utenant</NPC_Name>        <Enter_Action>m05 qte2 seq10 start a</Enter_Action>      
misc_tables.vpp_pc	qte_sequences.xtbl	qte_sequences.xtbl	m05	 a</Enter_Action>        <Looping_State>m05 qte2 seq10 a</Looping_State>        </N
misc_tables.vpp_pc	qte_sequences.xtbl	qte_sequences.xtbl	m05	   <Repeat>0</Repeat>       <Go_To_Node>m05_heli_drop</Go_To_Node>       <Keep_HUD>
misc_tables.vpp_pc	qte_sequences.xtbl	qte_sequences.xtbl	m05	TE_Node>     <QTE_Node>      <Node_Name>m05_heli_drop</Node_Name>      <Fail_Time>1
misc_tables.vpp_pc	qte_sequences.xtbl	qte_sequences.xtbl	m05	 <Enter_Action>       <Player_Animation>m05 qte2 exit b</Player_Animation>       </
misc_tables.vpp_pc	qte_sequences.xtbl	qte_sequences.xtbl	m05	       <NPC_Animation>        <NPC_Name>m05_heli_lieutenant</NPC_Name>        <Ente
misc_tables.vpp_pc	qte_sequences.xtbl	qte_sequences.xtbl	m05	utenant</NPC_Name>        <Enter_Action>m05 qte2 exit a</Enter_Action>        <Pers
misc_tables.vpp_pc	qte_sequences.xtbl	qte_sequences.xtbl	m05	NPCs>     <Animated_NPC>      <NPC_Name>m05_heli_guard 001</NPC_Name>      </Animat
misc_tables.vpp_pc	qte_sequences.xtbl	qte_sequences.xtbl	m05	_NPC>     <Animated_NPC>      <NPC_Name>m05_heli_guard 002</NPC_Name>      </Animat
misc_tables.vpp_pc	qte_sequences.xtbl	qte_sequences.xtbl	m05	_NPC>     <Animated_NPC>      <NPC_Name>m05_heli_lieutenant</NPC_Name>      </Anima
misc_tables.vpp_pc	qte_sequences.xtbl	qte_sequences.xtbl	m05	ew_Remotely>    </QTE>   <QTE>    <Name>m05_heli_coop</Name>    <Disable_Player>Tru
misc_tables.vpp_pc	qte_sequences.xtbl	qte_sequences.xtbl	m05	E_Nodes>     <QTE_Node>      <Node_Name>m05_heli_enter</Node_Name>      <HUD_Interf
misc_tables.vpp_pc	qte_sequences.xtbl	qte_sequences.xtbl	m05	 <Enter_Action>       <Player_Animation>m05 qte2 enter b</Player_Animation>       <
misc_tables.vpp_pc	qte_sequences.xtbl	qte_sequences.xtbl	m05	ng_State>       <Player_Animation_State>m05 qte2 seq1 b</Player_Animation_State>   
misc_tables.vpp_pc	qte_sequences.xtbl	qte_sequences.xtbl	m05	dditive_Action>       <Player_Animation>m05 qte2 seq1 atk b</Player_Animation>     
misc_tables.vpp_pc	qte_sequences.xtbl	qte_sequences.xtbl	m05	       <NPC_Animation>        <NPC_Name>m05_heli_guard_coop 001</NPC_Name>        <
misc_tables.vpp_pc	qte_sequences.xtbl	qte_sequences.xtbl	m05	oop 001</NPC_Name>        <Enter_Action>m05 qte2 enter a</Enter_Action>        <Loo
misc_tables.vpp_pc	qte_sequences.xtbl	qte_sequences.xtbl	m05	 a</Enter_Action>        <Looping_State>m05 qte2 seq1 a</Looping_State>        <Add
misc_tables.vpp_pc	qte_sequences.xtbl	qte_sequences.xtbl	m05	/Looping_State>        <Additive_Action>m05 qte2 seq1 flinch a</Additive_Action>   
misc_tables.vpp_pc	qte_sequences.xtbl	qte_sequences.xtbl	m05	   <Repeat>0</Repeat>       <Go_To_Node>m05_heli_enter_win</Go_To_Node>       <Keep
misc_tables.vpp_pc	qte_sequences.xtbl	qte_sequences.xtbl	m05	ccess>      <On_Fail>       <Go_To_Node>m05_heli_enter_lose</Go_To_Node>       <Kee
misc_tables.vpp_pc	qte_sequences.xtbl	qte_sequences.xtbl	m05	TE_Node>     <QTE_Node>      <Node_Name>m05_heli_enter_win</Node_Name>      <Enter_
misc_tables.vpp_pc	qte_sequences.xtbl	qte_sequences.xtbl	m05	 <Enter_Action>       <Player_Animation>m05 qte2 seq1 esc b</Player_Animation>     
misc_tables.vpp_pc	qte_sequences.xtbl	qte_sequences.xtbl	m05	ng_State>       <Player_Animation_State>m05 qte2 seq2 b</Player_Animation_State>   
misc_tables.vpp_pc	qte_sequences.xtbl	qte_sequences.xtbl	m05	       <NPC_Animation>        <NPC_Name>m05_heli_guard_coop 001</NPC_Name>        <
misc_tables.vpp_pc	qte_sequences.xtbl	qte_sequences.xtbl	m05	oop 001</NPC_Name>        <Enter_Action>m05 qte2 seq1 esc a</Enter_Action>        <
misc_tables.vpp_pc	qte_sequences.xtbl	qte_sequences.xtbl	m05	ccess>      <On_Fail>       <Go_To_Node>m05_heli_hang</Go_To_Node>       <Keep_HUD>
misc_tables.vpp_pc	qte_sequences.xtbl	qte_sequences.xtbl	m05	TE_Node>     <QTE_Node>      <Node_Name>m05_heli_enter_lose</Node_Name>      <Enter
misc_tables.vpp_pc	qte_sequences.xtbl	qte_sequences.xtbl	m05	 <Enter_Action>       <Player_Animation>m05 qte2 seq1 end b</Player_Animation>     
misc_tables.vpp_pc	qte_sequences.xtbl	qte_sequences.xtbl	m05	       <NPC_Animation>        <NPC_Name>m05_heli_guard_coop 001</NPC_Name>        <
misc_tables.vpp_pc	qte_sequences.xtbl	qte_sequences.xtbl	m05	oop 001</NPC_Name>        <Enter_Action>m05 qte2 seq1 end a</Enter_Action>        <
misc_tables.vpp_pc	qte_sequences.xtbl	qte_sequences.xtbl	m05	TE_Node>     <QTE_Node>      <Node_Name>m05_heli_hang</Node_Name>      <HUD_Interfa
misc_tables.vpp_pc	qte_sequences.xtbl	qte_sequences.xtbl	m05	ng_State>       <Player_Animation_State>m05 qte2 seq2 b</Player_Animation_State>   
misc_tables.vpp_pc	qte_sequences.xtbl	qte_sequences.xtbl	m05	_HUD>False</Keep_HUD>       <Go_To_Node>m05_heli_climb</Go_To_Node>       <Kill_Par
misc_tables.vpp_pc	qte_sequences.xtbl	qte_sequences.xtbl	m05	_HUD>False</Keep_HUD>       <Go_To_Node>m05_heli_hang_lose</Go_To_Node>       </On_
misc_tables.vpp_pc	qte_sequences.xtbl	qte_sequences.xtbl	m05	TE_Node>     <QTE_Node>      <Node_Name>m05_heli_hang_lose</Node_Name>      <Enter_
misc_tables.vpp_pc	qte_sequences.xtbl	qte_sequences.xtbl	m05	 <Enter_Action>       <Player_Animation>m05 qte2 seq2 end b</Player_Animation>     
misc_tables.vpp_pc	qte_sequences.xtbl	qte_sequences.xtbl	m05	ng_State>       <Player_Animation_State>m05 qte2 seq2 b</Player_Animation_State>   
misc_tables.vpp_pc	qte_sequences.xtbl	qte_sequences.xtbl	m05	TE_Node>     <QTE_Node>      <Node_Name>m05_heli_climb</Node_Name>      <NPC_Animat
misc_tables.vpp_pc	qte_sequences.xtbl	qte_sequences.xtbl	m05	       <NPC_Animation>        <NPC_Name>m05_heli_guard_coop 002</NPC_Name>        <
misc_tables.vpp_pc	qte_sequences.xtbl	qte_sequences.xtbl	m05	oop 002</NPC_Name>        <Enter_Action>m05 qte2 seq3 start a</Enter_Action>       
misc_tables.vpp_pc	qte_sequences.xtbl	qte_sequences.xtbl	m05	_HUD>False</Keep_HUD>       <Go_To_Node>m05_heli_arm</Go_To_Node>       <Kill_Partn
misc_tables.vpp_pc	qte_sequences.xtbl	qte_sequences.xtbl	m05	_HUD>False</Keep_HUD>       <Go_To_Node>m05_heli_climb_lose</Go_To_Node>       </On
misc_tables.vpp_pc	qte_sequences.xtbl	qte_sequences.xtbl	m05	 <Enter_Action>       <Player_Animation>m05 qte2 seq3 start b</Player_Animation>   
misc_tables.vpp_pc	qte_sequences.xtbl	qte_sequences.xtbl	m05	TE_Node>     <QTE_Node>      <Node_Name>m05_heli_climb_lose</Node_Name>      <Enter
misc_tables.vpp_pc	qte_sequences.xtbl	qte_sequences.xtbl	m05	 <Enter_Action>       <Player_Animation>m05 qte2 seq3 end b</Player_Animation>     
misc_tables.vpp_pc	qte_sequences.xtbl	qte_sequences.xtbl	m05	       <NPC_Animation>        <NPC_Name>m05_heli_guard_coop 002</NPC_Name>        <
misc_tables.vpp_pc	qte_sequences.xtbl	qte_sequences.xtbl	m05	oop 002</NPC_Name>        <Enter_Action>m05 qte2 seq3 end a</Enter_Action>        <
misc_tables.vpp_pc	qte_sequences.xtbl	qte_sequences.xtbl	m05	ccess>      <On_Fail>       <Go_To_Node>m05_heli_hang</Go_To_Node>       <Keep_HUD>
misc_tables.vpp_pc	qte_sequences.xtbl	qte_sequences.xtbl	m05	ng_State>       <Player_Animation_State>m05 qte2 seq2 b</Player_Animation_State>   
misc_tables.vpp_pc	qte_sequences.xtbl	qte_sequences.xtbl	m05	TE_Node>     <QTE_Node>      <Node_Name>m05_heli_arm</Node_Name>      <HUD_Interfac
misc_tables.vpp_pc	qte_sequences.xtbl	qte_sequences.xtbl	m05	 <Enter_Action>       <Player_Animation>m05 qte2 seq4 start b</Player_Animation>   
misc_tables.vpp_pc	qte_sequences.xtbl	qte_sequences.xtbl	m05	ng_State>       <Player_Animation_State>m05 qte2 seq4 b</Player_Animation_State>   
misc_tables.vpp_pc	qte_sequences.xtbl	qte_sequences.xtbl	m05	       <NPC_Animation>        <NPC_Name>m05_heli_guard_coop 002</NPC_Name>        <
misc_tables.vpp_pc	qte_sequences.xtbl	qte_sequences.xtbl	m05	oop 002</NPC_Name>        <Enter_Action>m05 qte2 seq4 start a</Enter_Action>       
misc_tables.vpp_pc	qte_sequences.xtbl	qte_sequences.xtbl	m05	 a</Enter_Action>        <Looping_State>m05 qte2 seq4 a</Looping_State>        </NP
misc_tables.vpp_pc	qte_sequences.xtbl	qte_sequences.xtbl	m05	   <Repeat>0</Repeat>       <Go_To_Node>m05_heli_toss</Go_To_Node>       <Keep_HUD>
misc_tables.vpp_pc	qte_sequences.xtbl	qte_sequences.xtbl	m05	ccess>      <On_Fail>       <Go_To_Node>m05_heli_arm_lose</Go_To_Node>       <Keep_
misc_tables.vpp_pc	qte_sequences.xtbl	qte_sequences.xtbl	m05	TE_Node>     <QTE_Node>      <Node_Name>m05_heli_arm_lose</Node_Name>      <Enter_A
misc_tables.vpp_pc	qte_sequences.xtbl	qte_sequences.xtbl	m05	 <Enter_Action>       <Player_Animation>m05 qte2 seq4 end b</Player_Animation>     
misc_tables.vpp_pc	qte_sequences.xtbl	qte_sequences.xtbl	m05	       <NPC_Animation>        <NPC_Name>m05_heli_guard_coop 002</NPC_Name>        <
misc_tables.vpp_pc	qte_sequences.xtbl	qte_sequences.xtbl	m05	oop 002</NPC_Name>        <Enter_Action>m05 qte2 seq4 end a</Enter_Action>        <
misc_tables.vpp_pc	qte_sequences.xtbl	qte_sequences.xtbl	m05	ccess>      <On_Fail>       <Go_To_Node>m05_heli_hang</Go_To_Node>       <Keep_HUD>
misc_tables.vpp_pc	qte_sequences.xtbl	qte_sequences.xtbl	m05	ng_State>       <Player_Animation_State>m05 qte2 seq2 b</Player_Animation_State>   
misc_tables.vpp_pc	qte_sequences.xtbl	qte_sequences.xtbl	m05	TE_Node>     <QTE_Node>      <Node_Name>m05_heli_toss</Node_Name>      <HUD_Interfa
misc_tables.vpp_pc	qte_sequences.xtbl	qte_sequences.xtbl	m05	 <Enter_Action>       <Player_Animation>m05 qte2 seq5 start b</Player_Animation>   
misc_tables.vpp_pc	qte_sequences.xtbl	qte_sequences.xtbl	m05	ng_State>       <Player_Animation_State>m05 qte2 seq5 b</Player_Animation_State>   
misc_tables.vpp_pc	qte_sequences.xtbl	qte_sequences.xtbl	m05	       <NPC_Animation>        <NPC_Name>m05_heli_guard_coop 002</NPC_Name>        <
misc_tables.vpp_pc	qte_sequences.xtbl	qte_sequences.xtbl	m05	oop 002</NPC_Name>        <Enter_Action>m05 qte2 seq5 start a</Enter_Action>       
misc_tables.vpp_pc	qte_sequences.xtbl	qte_sequences.xtbl	m05	 a</Enter_Action>        <Looping_State>m05 qte2 seq5 a</Looping_State>        </NP
misc_tables.vpp_pc	qte_sequences.xtbl	qte_sequences.xtbl	m05	_HUD>False</Keep_HUD>       <Go_To_Node>m05_heli_toss_win</Go_To_Node>       <Kill_
misc_tables.vpp_pc	qte_sequences.xtbl	qte_sequences.xtbl	m05	ccess>      <On_Fail>       <Go_To_Node>m05_heli_toss_lose</Go_To_Node>       <Keep
misc_tables.vpp_pc	qte_sequences.xtbl	qte_sequences.xtbl	m05	TE_Node>     <QTE_Node>      <Node_Name>m05_heli_toss_win</Node_Name>      <Enter_A
misc_tables.vpp_pc	qte_sequences.xtbl	qte_sequences.xtbl	m05	 <Enter_Action>       <Player_Animation>m05 qte2 seq6 start b</Player_Animation>   
misc_tables.vpp_pc	qte_sequences.xtbl	qte_sequences.xtbl	m05	       <NPC_Animation>        <NPC_Name>m05_heli_guard_coop 002</NPC_Name>        <
misc_tables.vpp_pc	qte_sequences.xtbl	qte_sequences.xtbl	m05	oop 002</NPC_Name>        <Enter_Action>m05 qte2 seq6 start a</Enter_Action>       
misc_tables.vpp_pc	qte_sequences.xtbl	qte_sequences.xtbl	m05	       <NPC_Animation>        <NPC_Name>m05_heli_lieutenant_coop</NPC_Name>        
misc_tables.vpp_pc	qte_sequences.xtbl	qte_sequences.xtbl	m05	nt_coop</NPC_Name>        <Enter_Action>m05 qte2 seq6 start c</Enter_Action>       
misc_tables.vpp_pc	qte_sequences.xtbl	qte_sequences.xtbl	m05	ccess>      <On_Fail>       <Go_To_Node>m05_heli_dodge</Go_To_Node>       <Keep_HUD
misc_tables.vpp_pc	qte_sequences.xtbl	qte_sequences.xtbl	m05	TE_Node>     <QTE_Node>      <Node_Name>m05_heli_toss_lose</Node_Name>      <Enter_
misc_tables.vpp_pc	qte_sequences.xtbl	qte_sequences.xtbl	m05	 <Enter_Action>       <Player_Animation>m05 qte2 seq5 end b</Player_Animation>     
misc_tables.vpp_pc	qte_sequences.xtbl	qte_sequences.xtbl	m05	       <NPC_Animation>        <NPC_Name>m05_heli_guard_coop 002</NPC_Name>        <
misc_tables.vpp_pc	qte_sequences.xtbl	qte_sequences.xtbl	m05	oop 002</NPC_Name>        <Enter_Action>m05 qte2 seq5 end a</Enter_Action>        <
misc_tables.vpp_pc	qte_sequences.xtbl	qte_sequences.xtbl	m05	ccess>      <On_Fail>       <Go_To_Node>m05_heli_hang</Go_To_Node>       <Keep_HUD>
misc_tables.vpp_pc	qte_sequences.xtbl	qte_sequences.xtbl	m05	ng_State>       <Player_Animation_State>m05 qte2 seq2 b</Player_Animation_State>   
misc_tables.vpp_pc	qte_sequences.xtbl	qte_sequences.xtbl	m05	TE_Node>     <QTE_Node>      <Node_Name>m05_heli_dodge</Node_Name>      <HUD_Interf
misc_tables.vpp_pc	qte_sequences.xtbl	qte_sequences.xtbl	m05	 <Enter_Action>       <Player_Animation>m05 qte2 seq6 b</Player_Animation>       </
misc_tables.vpp_pc	qte_sequences.xtbl	qte_sequences.xtbl	m05	       <NPC_Animation>        <NPC_Name>m05_heli_lieutenant_coop</NPC_Name>        
misc_tables.vpp_pc	qte_sequences.xtbl	qte_sequences.xtbl	m05	nt_coop</NPC_Name>        <Enter_Action>m05 qte2 seq6 a</Enter_Action>        </NPC
misc_tables.vpp_pc	qte_sequences.xtbl	qte_sequences.xtbl	m05	   <Repeat>0</Repeat>       <Go_To_Node>m05_heli_head</Go_To_Node>       <Keep_HUD>
misc_tables.vpp_pc	qte_sequences.xtbl	qte_sequences.xtbl	m05	ccess>      <On_Fail>       <Go_To_Node>m05_heli_dodge_lose</Go_To_Node>       <Kee
misc_tables.vpp_pc	qte_sequences.xtbl	qte_sequences.xtbl	m05	TE_Node>     <QTE_Node>      <Node_Name>m05_heli_dodge_lose</Node_Name>      <Enter
misc_tables.vpp_pc	qte_sequences.xtbl	qte_sequences.xtbl	m05	 <Enter_Action>       <Player_Animation>m05 qte2 seq6 end b</Player_Animation>     
misc_tables.vpp_pc	qte_sequences.xtbl	qte_sequences.xtbl	m05	       <NPC_Animation>        <NPC_Name>m05_heli_lieutenant_coop</NPC_Name>        
misc_tables.vpp_pc	qte_sequences.xtbl	qte_sequences.xtbl	m05	nt_coop</NPC_Name>        <Enter_Action>m05 qte2 seq6 end a</Enter_Action>        <
misc_tables.vpp_pc	qte_sequences.xtbl	qte_sequences.xtbl	m05	ccess>      <On_Fail>       <Go_To_Node>m05_heli_dodge</Go_To_Node>       <Keep_HUD
misc_tables.vpp_pc	qte_sequences.xtbl	qte_sequences.xtbl	m05	TE_Node>     <QTE_Node>      <Node_Name>m05_heli_head</Node_Name>      <HUD_Interfa
misc_tables.vpp_pc	qte_sequences.xtbl	qte_sequences.xtbl	m05	 <Enter_Action>       <Player_Animation>m05 qte2 seq7 start b</Player_Animation>   
misc_tables.vpp_pc	qte_sequences.xtbl	qte_sequences.xtbl	m05	ng_State>       <Player_Animation_State>m05 qte2 seq7 b</Player_Animation_State>   
misc_tables.vpp_pc	qte_sequences.xtbl	qte_sequences.xtbl	m05	       <NPC_Animation>        <NPC_Name>m05_heli_lieutenant_coop</NPC_Name>        
misc_tables.vpp_pc	qte_sequences.xtbl	qte_sequences.xtbl	m05	nt_coop</NPC_Name>        <Enter_Action>m05 qte2 seq7 start a</Enter_Action>       
misc_tables.vpp_pc	qte_sequences.xtbl	qte_sequences.xtbl	m05	 a</Enter_Action>        <Looping_State>m05 qte2 seq7 a</Looping_State>        </NP
misc_tables.vpp_pc	qte_sequences.xtbl	qte_sequences.xtbl	m05	   <Repeat>0</Repeat>       <Go_To_Node>m05_heli_head_win</Go_To_Node>       <Keep_
misc_tables.vpp_pc	qte_sequences.xtbl	qte_sequences.xtbl	m05	ccess>      <On_Fail>       <Go_To_Node>m05_heli_head_lose</Go_To_Node>       <Keep
misc_tables.vpp_pc	qte_sequences.xtbl	qte_sequences.xtbl	m05	TE_Node>     <QTE_Node>      <Node_Name>m05_heli_head_win</Node_Name>      <Enter_A
misc_tables.vpp_pc	qte_sequences.xtbl	qte_sequences.xtbl	m05	 <Enter_Action>       <Player_Animation>m05 qte2 seq8 start b</Player_Animation>   
misc_tables.vpp_pc	qte_sequences.xtbl	qte_sequences.xtbl	m05	       <NPC_Animation>        <NPC_Name>m05_heli_lieutenant_coop</NPC_Name>        
misc_tables.vpp_pc	qte_sequences.xtbl	qte_sequences.xtbl	m05	nt_coop</NPC_Name>        <Enter_Action>m05 qte2 seq8 start a</Enter_Action>       
misc_tables.vpp_pc	qte_sequences.xtbl	qte_sequences.xtbl	m05	ccess>      <On_Fail>       <Go_To_Node>m05_heli_crotch</Go_To_Node>       <Keep_HU
misc_tables.vpp_pc	qte_sequences.xtbl	qte_sequences.xtbl	m05	TE_Node>     <QTE_Node>      <Node_Name>m05_heli_head_lose</Node_Name>      <Enter_
misc_tables.vpp_pc	qte_sequences.xtbl	qte_sequences.xtbl	m05	 <Enter_Action>       <Player_Animation>m05 qte2 seq7 end b</Player_Animation>     
misc_tables.vpp_pc	qte_sequences.xtbl	qte_sequences.xtbl	m05	       <NPC_Animation>        <NPC_Name>m05_heli_lieutenant_coop</NPC_Name>        
misc_tables.vpp_pc	qte_sequences.xtbl	qte_sequences.xtbl	m05	nt_coop</NPC_Name>        <Enter_Action>m05 qte2 seq7 end a</Enter_Action>        <
misc_tables.vpp_pc	qte_sequences.xtbl	qte_sequences.xtbl	m05	ccess>      <On_Fail>       <Go_To_Node>m05_heli_dodge</Go_To_Node>       <Keep_HUD
misc_tables.vpp_pc	qte_sequences.xtbl	qte_sequences.xtbl	m05	TE_Node>     <QTE_Node>      <Node_Name>m05_heli_crotch</Node_Name>      <HUD_Inter
misc_tables.vpp_pc	qte_sequences.xtbl	qte_sequences.xtbl	m05	 <Enter_Action>       <Player_Animation>m05 qte2 seq8 b</Player_Animation>       </
misc_tables.vpp_pc	qte_sequences.xtbl	qte_sequences.xtbl	m05	       <NPC_Animation>        <NPC_Name>m05_heli_lieutenant_coop</NPC_Name>        
misc_tables.vpp_pc	qte_sequences.xtbl	qte_sequences.xtbl	m05	nt_coop</NPC_Name>        <Enter_Action>m05 qte2 seq8 a</Enter_Action>        </NPC
misc_tables.vpp_pc	qte_sequences.xtbl	qte_sequences.xtbl	m05	_HUD>False</Keep_HUD>       <Go_To_Node>m05_heli_punch</Go_To_Node>       <Kill_Par
misc_tables.vpp_pc	qte_sequences.xtbl	qte_sequences.xtbl	m05	ccess>      <On_Fail>       <Go_To_Node>m05_heli_crotch_lose</Go_To_Node>       <Ke
misc_tables.vpp_pc	qte_sequences.xtbl	qte_sequences.xtbl	m05	TE_Node>     <QTE_Node>      <Node_Name>m05_heli_crotch_lose</Node_Name>      <Ente
misc_tables.vpp_pc	qte_sequences.xtbl	qte_sequences.xtbl	m05	 <Enter_Action>       <Player_Animation>m05 qte2 seq8 end b</Player_Animation>     
misc_tables.vpp_pc	qte_sequences.xtbl	qte_sequences.xtbl	m05	       <NPC_Animation>        <NPC_Name>m05_heli_lieutenant_coop</NPC_Name>        
misc_tables.vpp_pc	qte_sequences.xtbl	qte_sequences.xtbl	m05	nt_coop</NPC_Name>        <Enter_Action>m05 qte2 seq8 end a</Enter_Action>        <
misc_tables.vpp_pc	qte_sequences.xtbl	qte_sequences.xtbl	m05	_HUD>False</Keep_HUD>       <Go_To_Node>m05_heli_crotch</Go_To_Node>       </On_Fai
misc_tables.vpp_pc	qte_sequences.xtbl	qte_sequences.xtbl	m05	TE_Node>     <QTE_Node>      <Node_Name>m05_heli_punch</Node_Name>      <HUD_Interf
misc_tables.vpp_pc	qte_sequences.xtbl	qte_sequences.xtbl	m05	 <Enter_Action>       <Player_Animation>m05 qte2 seq9 start b</Player_Animation>   
misc_tables.vpp_pc	qte_sequences.xtbl	qte_sequences.xtbl	m05	ng_State>       <Player_Animation_State>m05 qte2 seq9 b</Player_Animation_State>   
misc_tables.vpp_pc	qte_sequences.xtbl	qte_sequences.xtbl	m05	dditive_Action>       <Player_Animation>m05 qte2 seq9 atk b</Player_Animation>     
misc_tables.vpp_pc	qte_sequences.xtbl	qte_sequences.xtbl	m05	       <NPC_Animation>        <NPC_Name>m05_heli_lieutenant_coop</NPC_Name>        
misc_tables.vpp_pc	qte_sequences.xtbl	qte_sequences.xtbl	m05	nt_coop</NPC_Name>        <Enter_Action>m05 qte2 seq9 start a</Enter_Action>       
misc_tables.vpp_pc	qte_sequences.xtbl	qte_sequences.xtbl	m05	 a</Enter_Action>        <Looping_State>m05 qte2 seq9 a</Looping_State>        <Add
misc_tables.vpp_pc	qte_sequences.xtbl	qte_sequences.xtbl	m05	/Looping_State>        <Additive_Action>m05 qte2 seq9 atk a</Additive_Action>      
misc_tables.vpp_pc	qte_sequences.xtbl	qte_sequences.xtbl	m05	   <Repeat>0</Repeat>       <Go_To_Node>m05_heli_dangle</Go_To_Node>       <Keep_HU
misc_tables.vpp_pc	qte_sequences.xtbl	qte_sequences.xtbl	m05	TE_Node>     <QTE_Node>      <Node_Name>m05_heli_dangle</Node_Name>      <HUD_Inter
misc_tables.vpp_pc	qte_sequences.xtbl	qte_sequences.xtbl	m05	 <Enter_Action>       <Player_Animation>m05 qte2 seq10 start b</Player_Animation>  
misc_tables.vpp_pc	qte_sequences.xtbl	qte_sequences.xtbl	m05	ng_State>       <Player_Animation_State>m05 qte2 seq10 b</Player_Animation_State>  
misc_tables.vpp_pc	qte_sequences.xtbl	qte_sequences.xtbl	m05	       <NPC_Animation>        <NPC_Name>m05_heli_lieutenant_coop</NPC_Name>        
misc_tables.vpp_pc	qte_sequences.xtbl	qte_sequences.xtbl	m05	nt_coop</NPC_Name>        <Enter_Action>m05 qte2 seq10 start a</Enter_Action>      
misc_tables.vpp_pc	qte_sequences.xtbl	qte_sequences.xtbl	m05	 a</Enter_Action>        <Looping_State>m05 qte2 seq10 a</Looping_State>        </N
misc_tables.vpp_pc	qte_sequences.xtbl	qte_sequences.xtbl	m05	   <Repeat>0</Repeat>       <Go_To_Node>m05_heli_drop</Go_To_Node>       <Keep_HUD>
misc_tables.vpp_pc	qte_sequences.xtbl	qte_sequences.xtbl	m05	TE_Node>     <QTE_Node>      <Node_Name>m05_heli_drop</Node_Name>      <Fail_Time>1
misc_tables.vpp_pc	qte_sequences.xtbl	qte_sequences.xtbl	m05	 <Enter_Action>       <Player_Animation>m05 qte2 exit b</Player_Animation>       </
misc_tables.vpp_pc	qte_sequences.xtbl	qte_sequences.xtbl	m05	       <NPC_Animation>        <NPC_Name>m05_heli_lieutenant_coop</NPC_Name>        
misc_tables.vpp_pc	qte_sequences.xtbl	qte_sequences.xtbl	m05	nt_coop</NPC_Name>        <Enter_Action>m05 qte2 exit a</Enter_Action>        <Pers
misc_tables.vpp_pc	qte_sequences.xtbl	qte_sequences.xtbl	m05	NPCs>     <Animated_NPC>      <NPC_Name>m05_heli_guard_coop 001</NPC_Name>      </A
misc_tables.vpp_pc	qte_sequences.xtbl	qte_sequences.xtbl	m05	_NPC>     <Animated_NPC>      <NPC_Name>m05_heli_guard_coop 002</NPC_Name>      </A
misc_tables.vpp_pc	qte_sequences.xtbl	qte_sequences.xtbl	m05	_NPC>     <Animated_NPC>      <NPC_Name>m05_heli_lieutenant_coop</NPC_Name>      </
misc_tables.vpp_pc	qte_sequences.xtbl	qte_sequences.xtbl	m09	ew_Remotely>    </QTE>   <QTE>    <Name>m09_open_container</Name>    <Disable_Playe
misc_tables.vpp_pc	qte_sequences.xtbl	qte_sequences.xtbl	m12	ew_Remotely>    </QTE>   <QTE>    <Name>m12_abuse_josh_y</Name>    <Disable_Player>
misc_tables.vpp_pc	qte_sequences.xtbl	qte_sequences.xtbl	m12	E_Nodes>     <QTE_Node>      <Node_Name>m12_josh_released_y</Node_Name>      <HUD_I
misc_tables.vpp_pc	qte_sequences.xtbl	qte_sequences.xtbl	m12	_HUD>False</Keep_HUD>       <Go_To_Node>m12_josh_hit</Go_To_Node>       <Kill_Partn
misc_tables.vpp_pc	qte_sequences.xtbl	qte_sequences.xtbl	m12	_HUD>False</Keep_HUD>       <Go_To_Node>m12_player_hit</Go_To_Node>       </On_Fail
misc_tables.vpp_pc	qte_sequences.xtbl	qte_sequences.xtbl	m12	TE_Node>     <QTE_Node>      <Node_Name>m12_josh_hit</Node_Name>      <Fail_Time>10
misc_tables.vpp_pc	qte_sequences.xtbl	qte_sequences.xtbl	m12	TE_Node>     <QTE_Node>      <Node_Name>m12_player_hit</Node_Name>      <Fail_Time>
misc_tables.vpp_pc	qte_sequences.xtbl	qte_sequences.xtbl	m12	ew_Remotely>    </QTE>   <QTE>    <Name>m12_abuse_josh_x</Name>    <Disable_Player>
misc_tables.vpp_pc	qte_sequences.xtbl	qte_sequences.xtbl	m12	E_Nodes>     <QTE_Node>      <Node_Name>m12_josh_released_x</Node_Name>      <HUD_I
misc_tables.vpp_pc	qte_sequences.xtbl	qte_sequences.xtbl	m12	_HUD>False</Keep_HUD>       <Go_To_Node>m12_josh_hit</Go_To_Node>       <Kill_Partn
misc_tables.vpp_pc	qte_sequences.xtbl	qte_sequences.xtbl	m12	_HUD>False</Keep_HUD>       <Go_To_Node>m12_player_hit</Go_To_Node>       </On_Fail
misc_tables.vpp_pc	qte_sequences.xtbl	qte_sequences.xtbl	m12	TE_Node>     <QTE_Node>      <Node_Name>m12_josh_hit</Node_Name>      <Fail_Time>10
misc_tables.vpp_pc	qte_sequences.xtbl	qte_sequences.xtbl	m12	TE_Node>     <QTE_Node>      <Node_Name>m12_player_hit</Node_Name>      <Fail_Time>
misc_tables.vpp_pc	qte_sequences.xtbl	qte_sequences.xtbl	m16	E_Nodes>     <QTE_Node>      <Node_Name>m16_FQTE_enter</Node_Name>      <Enter_Acti
misc_tables.vpp_pc	qte_sequences.xtbl	qte_sequences.xtbl	m16	_HUD>False</Keep_HUD>       <Go_To_Node>m16_FQTE_pA_escape</Go_To_Node>       <Kill
misc_tables.vpp_pc	qte_sequences.xtbl	qte_sequences.xtbl	m16	_HUD>False</Keep_HUD>       <Go_To_Node>m16_FQTE_pA_fail</Go_To_Node>       </On_Fa
misc_tables.vpp_pc	qte_sequences.xtbl	qte_sequences.xtbl	m16	TE_Node>     <QTE_Node>      <Node_Name>m16_FQTE_pA_escape</Node_Name>      <NPC_An
misc_tables.vpp_pc	qte_sequences.xtbl	qte_sequences.xtbl	m16	_HUD>False</Keep_HUD>       <Go_To_Node>m16_FQTE_pB</Go_To_Node>       </On_Fail>  
misc_tables.vpp_pc	qte_sequences.xtbl	qte_sequences.xtbl	m16	TE_Node>     <QTE_Node>      <Node_Name>m16_FQTE_pA_fail</Node_Name>      <Enter_Ac
misc_tables.vpp_pc	qte_sequences.xtbl	qte_sequences.xtbl	m16	TE_Node>     <QTE_Node>      <Node_Name>m16_FQTE_pB</Node_Name>      <Enter_Action>
misc_tables.vpp_pc	qte_sequences.xtbl	qte_sequences.xtbl	m16	_HUD>False</Keep_HUD>       <Go_To_Node>m16_FQTE_pB_escape</Go_To_Node>       <Kill
misc_tables.vpp_pc	qte_sequences.xtbl	qte_sequences.xtbl	m16	ccess>      <On_Fail>       <Go_To_Node>m16_FQTE_pB_fail</Go_To_Node>       <Keep_H
misc_tables.vpp_pc	qte_sequences.xtbl	qte_sequences.xtbl	m16	TE_Node>     <QTE_Node>      <Node_Name>m16_FQTE_pB_escape</Node_Name>      <NPC_An
misc_tables.vpp_pc	qte_sequences.xtbl	qte_sequences.xtbl	m16	_HUD>False</Keep_HUD>       <Go_To_Node>m16_FQTE_pC</Go_To_Node>       </On_Fail>  
misc_tables.vpp_pc	qte_sequences.xtbl	qte_sequences.xtbl	m16	TE_Node>     <QTE_Node>      <Node_Name>m16_FQTE_pB_fail</Node_Name>      <NPC_Anim
misc_tables.vpp_pc	qte_sequences.xtbl	qte_sequences.xtbl	m16	ccess>      <On_Fail>       <Go_To_Node>m16_FQTE_pC</Go_To_Node>       <Keep_HUD>Fa
misc_tables.vpp_pc	qte_sequences.xtbl	qte_sequences.xtbl	m16	TE_Node>     <QTE_Node>      <Node_Name>m16_FQTE_pC</Node_Name>      <NPC_Animation
misc_tables.vpp_pc	qte_sequences.xtbl	qte_sequences.xtbl	m16	ccess>      <On_Fail>       <Go_To_Node>m16_FQTE_pD</Go_To_Node>       <Keep_HUD>Fa
misc_tables.vpp_pc	qte_sequences.xtbl	qte_sequences.xtbl	m16	TE_Node>     <QTE_Node>      <Node_Name>m16_FQTE_pD</Node_Name>      <HUD_Interface
misc_tables.vpp_pc	qte_sequences.xtbl	qte_sequences.xtbl	m16	   <Repeat>0</Repeat>       <Go_To_Node>m16_FQTE_pD_exit</Go_To_Node>       <Keep_H
misc_tables.vpp_pc	qte_sequences.xtbl	qte_sequences.xtbl	m16	_HUD>False</Keep_HUD>       <Go_To_Node>m16_FQTE_pD_exit</Go_To_Node>       </On_Fa
misc_tables.vpp_pc	qte_sequences.xtbl	qte_sequences.xtbl	m16	TE_Node>     <QTE_Node>      <Node_Name>m16_FQTE_pD_exit</Node_Name>      <Enter_Ac
misc_tables.vpp_pc	qte_sequences.xtbl	qte_sequences.xtbl	m16	_HUD>False</Keep_HUD>       <Go_To_Node>m16_FQTE_pE</Go_To_Node>       </On_Fail>  
misc_tables.vpp_pc	qte_sequences.xtbl	qte_sequences.xtbl	m16	TE_Node>     <QTE_Node>      <Node_Name>m16_FQTE_pE</Node_Name>      <Enter_Action>
misc_tables.vpp_pc	qte_sequences.xtbl	qte_sequences.xtbl	m16	_HUD>False</Keep_HUD>       <Go_To_Node>m16_FQTE_pF</Go_To_Node>       <Kill_Partne
misc_tables.vpp_pc	qte_sequences.xtbl	qte_sequences.xtbl	m16	_HUD>False</Keep_HUD>       <Go_To_Node>m16_FQTE_pF</Go_To_Node>       </On_Fail>  
misc_tables.vpp_pc	qte_sequences.xtbl	qte_sequences.xtbl	m16	TE_Node>     <QTE_Node>      <Node_Name>m16_FQTE_pF</Node_Name>      <HUD_Interface
misc_tables.vpp_pc	qte_sequences.xtbl	qte_sequences.xtbl	m16	   <Repeat>0</Repeat>       <Go_To_Node>m16_FQTE_exit</Go_To_Node>       <Keep_HUD>
misc_tables.vpp_pc	qte_sequences.xtbl	qte_sequences.xtbl	m16	ccess>      <On_Fail>       <Go_To_Node>m16_FQTE_exit</Go_To_Node>       <Keep_HUD>
misc_tables.vpp_pc	qte_sequences.xtbl	qte_sequences.xtbl	m16	TE_Node>     <QTE_Node>      <Node_Name>m16_FQTE_exit</Node_Name>      <NPC_Animati
misc_tables.vpp_pc	qte_sequences.xtbl	qte_sequences.xtbl	m16	E_Nodes>     <QTE_Node>      <Node_Name>m16_WQTE_enter</Node_Name>      <Enter_Acti
misc_tables.vpp_pc	qte_sequences.xtbl	qte_sequences.xtbl	m16	_HUD>False</Keep_HUD>       <Go_To_Node>m16_WQTE_pA_escape</Go_To_Node>       <Kill
misc_tables.vpp_pc	qte_sequences.xtbl	qte_sequences.xtbl	m16	_HUD>False</Keep_HUD>       <Go_To_Node>m16_WQTE_pA_fail</Go_To_Node>       </On_Fa
misc_tables.vpp_pc	qte_sequences.xtbl	qte_sequences.xtbl	m16	TE_Node>     <QTE_Node>      <Node_Name>m16_WQTE_pA_escape</Node_Name>      <Enter_
misc_tables.vpp_pc	qte_sequences.xtbl	qte_sequences.xtbl	m16	_HUD>False</Keep_HUD>       <Go_To_Node>m16_WQTE_pB</Go_To_Node>       </On_Fail>  
misc_tables.vpp_pc	qte_sequences.xtbl	qte_sequences.xtbl	m16	TE_Node>     <QTE_Node>      <Node_Name>m16_WQTE_pA_fail</Node_Name>      <Enter_Ac
misc_tables.vpp_pc	qte_sequences.xtbl	qte_sequences.xtbl	m16	TE_Node>     <QTE_Node>      <Node_Name>m16_WQTE_pB</Node_Name>      <HUD_Interface
misc_tables.vpp_pc	qte_sequences.xtbl	qte_sequences.xtbl	m16	/New_Fail_Time>       <Player_Animation>m16 wqte pb atk b</Player_Animation>       
misc_tables.vpp_pc	qte_sequences.xtbl	qte_sequences.xtbl	m16	   <Repeat>0</Repeat>       <Go_To_Node>m16_WQTE_exit</Go_To_Node>       <Keep_HUD>
misc_tables.vpp_pc	qte_sequences.xtbl	qte_sequences.xtbl	m16	ccess>      <On_Fail>       <Go_To_Node>m16_WQTE_pB_fail</Go_To_Node>       <Keep_H
misc_tables.vpp_pc	qte_sequences.xtbl	qte_sequences.xtbl	m16	TE_Node>     <QTE_Node>      <Node_Name>m16_WQTE_pB_fail</Node_Name>      <Enter_Ac
misc_tables.vpp_pc	qte_sequences.xtbl	qte_sequences.xtbl	m16	TE_Node>     <QTE_Node>      <Node_Name>m16_WQTE_exit</Node_Name>      <NPC_Animati
misc_tables.vpp_pc	qte_sequences.xtbl	qte_sequences.xtbl	m16	E_Nodes>     <QTE_Node>      <Node_Name>m16_qte_start</Node_Name>      <Enter_Actio
misc_tables.vpp_pc	qte_sequences.xtbl	qte_sequences.xtbl	m16	_HUD>False</Keep_HUD>       <Go_To_Node>m16_qte_seq_1_grab_start</Go_To_Node>      
misc_tables.vpp_pc	qte_sequences.xtbl	qte_sequences.xtbl	m16	_HUD>False</Keep_HUD>       <Go_To_Node>m16_qte_seq_1_grab_start</Go_To_Node>      
misc_tables.vpp_pc	qte_sequences.xtbl	qte_sequences.xtbl	m16	TE_Node>     <QTE_Node>      <Node_Name>m16_qte_seq_1_grab_start</Node_Name>      <
misc_tables.vpp_pc	qte_sequences.xtbl	qte_sequences.xtbl	m16	_HUD>False</Keep_HUD>       <Go_To_Node>m16_qte_seq_1_success_dodge</Go_To_Node>   
misc_tables.vpp_pc	qte_sequences.xtbl	qte_sequences.xtbl	m16	_HUD>False</Keep_HUD>       <Go_To_Node>m16_qte_seq_1_fail_dodge</Go_To_Node>      
misc_tables.vpp_pc	qte_sequences.xtbl	qte_sequences.xtbl	m16	TE_Node>     <QTE_Node>      <Node_Name>m16_qte_seq_1_fail_dodge</Node_Name>      <
misc_tables.vpp_pc	qte_sequences.xtbl	qte_sequences.xtbl	m16	TE_Node>     <QTE_Node>      <Node_Name>m16_qte_seq_1_success_dodge</Node_Name>    
misc_tables.vpp_pc	qte_sequences.xtbl	qte_sequences.xtbl	m16	_HUD>False</Keep_HUD>       <Go_To_Node>m16_qte_seq_2_grab_start</Go_To_Node>      
misc_tables.vpp_pc	qte_sequences.xtbl	qte_sequences.xtbl	m16	TE_Node>     <QTE_Node>      <Node_Name>m16_qte_seq_2_grab_start</Node_Name>      <
misc_tables.vpp_pc	qte_sequences.xtbl	qte_sequences.xtbl	m16	_HUD>False</Keep_HUD>       <Go_To_Node>m16_qte_seq_2_pull_wings</Go_To_Node>      
misc_tables.vpp_pc	qte_sequences.xtbl	qte_sequences.xtbl	m16	_HUD>False</Keep_HUD>       <Go_To_Node>m16_qte_seq_2_fail_dodge</Go_To_Node>      
misc_tables.vpp_pc	qte_sequences.xtbl	qte_sequences.xtbl	m16	TE_Node>     <QTE_Node>      <Node_Name>m16_qte_seq_2_fail_dodge</Node_Name>      <
misc_tables.vpp_pc	qte_sequences.xtbl	qte_sequences.xtbl	m16	TE_Node>     <QTE_Node>      <Node_Name>m16_qte_seq_2_pull_wings</Node_Name>      <
misc_tables.vpp_pc	qte_sequences.xtbl	qte_sequences.xtbl	m16	   <Repeat>0</Repeat>       <Go_To_Node>m16_qte_exit</Go_To_Node>       <Keep_HUD>F
misc_tables.vpp_pc	qte_sequences.xtbl	qte_sequences.xtbl	m16	TE_Node>     <QTE_Node>      <Node_Name>m16_qte_exit</Node_Name>      <NPC_Animatio
misc_tables.vpp_pc	qte_sequences.xtbl	qte_sequences.xtbl	m16	E_Nodes>     <QTE_Node>      <Node_Name>m16_qte3_start</Node_Name>      <HUD_Interf
misc_tables.vpp_pc	qte_sequences.xtbl	qte_sequences.xtbl	m16	   <Repeat>0</Repeat>       <Go_To_Node>m16_qte3_seq1_pull</Go_To_Node>       <Keep
misc_tables.vpp_pc	qte_sequences.xtbl	qte_sequences.xtbl	m16	ccess>      <On_Fail>       <Go_To_Node>m16_qte3_start_fall_off</Go_To_Node>       
misc_tables.vpp_pc	qte_sequences.xtbl	qte_sequences.xtbl	m16	TE_Node>     <QTE_Node>      <Node_Name>m16_qte3_start_fall_off</Node_Name>      <E
misc_tables.vpp_pc	qte_sequences.xtbl	qte_sequences.xtbl	m16	TE_Node>     <QTE_Node>      <Node_Name>m16_qte3_seq1_pull</Node_Name>      <Enter_
misc_tables.vpp_pc	qte_sequences.xtbl	qte_sequences.xtbl	m16	_HUD>False</Keep_HUD>       <Go_To_Node>m16_qte3_seq_3_stab_success</Go_To_Node>   
misc_tables.vpp_pc	qte_sequences.xtbl	qte_sequences.xtbl	m16	_HUD>False</Keep_HUD>       <Go_To_Node>m16_qte3_seq_1_fall_off</Go_To_Node>       
misc_tables.vpp_pc	qte_sequences.xtbl	qte_sequences.xtbl	m16	TE_Node>     <QTE_Node>      <Node_Name>m16_qte3_seq_1_hang_on</Node_Name>      <NP
misc_tables.vpp_pc	qte_sequences.xtbl	qte_sequences.xtbl	m16	_HUD>False</Keep_HUD>       <Go_To_Node>m16_qte3_seq_2_start</Go_To_Node>       </O
misc_tables.vpp_pc	qte_sequences.xtbl	qte_sequences.xtbl	m16	TE_Node>     <QTE_Node>      <Node_Name>m16_qte3_seq_1_fall_off</Node_Name>      <N
misc_tables.vpp_pc	qte_sequences.xtbl	qte_sequences.xtbl	m16	TE_Node>     <QTE_Node>      <Node_Name>m16_qte3_seq_2_start</Node_Name>      <NPC_
misc_tables.vpp_pc	qte_sequences.xtbl	qte_sequences.xtbl	m16	_HUD>False</Keep_HUD>       <Go_To_Node>m16_qte3_seq_2_hang_on</Go_To_Node>       <
misc_tables.vpp_pc	qte_sequences.xtbl	qte_sequences.xtbl	m16	_HUD>False</Keep_HUD>       <Go_To_Node>m16_qte3_seq_2_fall_off</Go_To_Node>       
misc_tables.vpp_pc	qte_sequences.xtbl	qte_sequences.xtbl	m16	TE_Node>     <QTE_Node>      <Node_Name>m16_qte3_seq_2_hang_on</Node_Name>      <En
misc_tables.vpp_pc	qte_sequences.xtbl	qte_sequences.xtbl	m16	_HUD>False</Keep_HUD>       <Go_To_Node>m16_qte3_seq_3_start</Go_To_Node>       </O
misc_tables.vpp_pc	qte_sequences.xtbl	qte_sequences.xtbl	m16	TE_Node>     <QTE_Node>      <Node_Name>m16_qte3_seq_2_fall_off</Node_Name>      <N
misc_tables.vpp_pc	qte_sequences.xtbl	qte_sequences.xtbl	m16	TE_Node>     <QTE_Node>      <Node_Name>m16_qte3_seq_3_start</Node_Name>      <NPC_
misc_tables.vpp_pc	qte_sequences.xtbl	qte_sequences.xtbl	m16	_HUD>False</Keep_HUD>       <Go_To_Node>m16_qte3_seq_3_stab_success</Go_To_Node>   
misc_tables.vpp_pc	qte_sequences.xtbl	qte_sequences.xtbl	m16	_HUD>False</Keep_HUD>       <Go_To_Node>m16_qte3_seq_3_stab_fail</Go_To_Node>      
misc_tables.vpp_pc	qte_sequences.xtbl	qte_sequences.xtbl	m16	TE_Node>     <QTE_Node>      <Node_Name>m16_qte3_seq_3_stab_fail</Node_Name>      <
misc_tables.vpp_pc	qte_sequences.xtbl	qte_sequences.xtbl	m16	TE_Node>     <QTE_Node>      <Node_Name>m16_qte3_seq_3_stab_success</Node_Name>    
misc_tables.vpp_pc	qte_sequences.xtbl	qte_sequences.xtbl	m16	E_Nodes>     <QTE_Node>      <Node_Name>m16_qte2_enter</Node_Name>      <Enter_Acti
misc_tables.vpp_pc	qte_sequences.xtbl	qte_sequences.xtbl	m16	_HUD>False</Keep_HUD>       <Go_To_Node>m16_qte2_seq3_stab_start</Go_To_Node>      
misc_tables.vpp_pc	qte_sequences.xtbl	qte_sequences.xtbl	m16	_HUD>False</Keep_HUD>       <Go_To_Node>m16_qte2_seq1_escaped</Go_To_Node>       </
misc_tables.vpp_pc	qte_sequences.xtbl	qte_sequences.xtbl	m16	TE_Node>     <QTE_Node>      <Node_Name>m16_qte2_seq1_punching</Node_Name>      <HU
misc_tables.vpp_pc	qte_sequences.xtbl	qte_sequences.xtbl	m16	   <Repeat>0</Repeat>       <Go_To_Node>m16_qte2_seq3_stab_start</Go_To_Node>      
misc_tables.vpp_pc	qte_sequences.xtbl	qte_sequences.xtbl	m16	ccess>      <On_Fail>       <Go_To_Node>m16_qte2_seq1_escaped</Go_To_Node>       <K
misc_tables.vpp_pc	qte_sequences.xtbl	qte_sequences.xtbl	m16	TE_Node>     <QTE_Node>      <Node_Name>m16_qte2_seq1_escaped</Node_Name>      <NPC
misc_tables.vpp_pc	qte_sequences.xtbl	qte_sequences.xtbl	m16	_HUD>False</Keep_HUD>       <Go_To_Node>m16_qte2_seq1_punching</Go_To_Node>       <
misc_tables.vpp_pc	qte_sequences.xtbl	qte_sequences.xtbl	m16	TE_Node>     <QTE_Node>      <Node_Name>m16_qte2_seq3_stab_start</Node_Name>      <
misc_tables.vpp_pc	qte_sequences.xtbl	qte_sequences.xtbl	m16	_HUD>False</Keep_HUD>       <Go_To_Node>m16_qte2_seq4_chopping</Go_To_Node>       <
misc_tables.vpp_pc	qte_sequences.xtbl	qte_sequences.xtbl	m16	_HUD>False</Keep_HUD>       <Go_To_Node>m16_qte2_seq3_escaped</Go_To_Node>       </
misc_tables.vpp_pc	qte_sequences.xtbl	qte_sequences.xtbl	m16	TE_Node>     <QTE_Node>      <Node_Name>m16_qte2_seq3_stabbing</Node_Name>      <HU
misc_tables.vpp_pc	qte_sequences.xtbl	qte_sequences.xtbl	m16	   <Repeat>0</Repeat>       <Go_To_Node>m16_qte2_seq4_chopping</Go_To_Node>       <
misc_tables.vpp_pc	qte_sequences.xtbl	qte_sequences.xtbl	m16	ccess>      <On_Fail>       <Go_To_Node>m16_qte2_seq3_escaped</Go_To_Node>       <K
misc_tables.vpp_pc	qte_sequences.xtbl	qte_sequences.xtbl	m16	TE_Node>     <QTE_Node>      <Node_Name>m16_qte2_seq3_escaped</Node_Name>      <Ent
misc_tables.vpp_pc	qte_sequences.xtbl	qte_sequences.xtbl	m16	ccess>      <On_Fail>       <Go_To_Node>m16_qte2_seq3_stabbing</Go_To_Node>       <
misc_tables.vpp_pc	qte_sequences.xtbl	qte_sequences.xtbl	m16	TE_Node>     <QTE_Node>      <Node_Name>m16_qte2_seq4_chopping</Node_Name>      <HU
misc_tables.vpp_pc	qte_sequences.xtbl	qte_sequences.xtbl	m16	   <Repeat>0</Repeat>       <Go_To_Node>m16_qte2_seq5_final</Go_To_Node>       <Kee
misc_tables.vpp_pc	qte_sequences.xtbl	qte_sequences.xtbl	m16	TE_Node>     <QTE_Node>      <Node_Name>m16_qte2_seq5_final</Node_Name>      <HUD_I
misc_tables.vpp_pc	qte_sequences.xtbl	qte_sequences.xtbl	m16	   <Repeat>0</Repeat>       <Go_To_Node>m16_qte2_exit</Go_To_Node>       <Keep_HUD>
misc_tables.vpp_pc	qte_sequences.xtbl	qte_sequences.xtbl	m16	TE_Node>     <QTE_Node>      <Node_Name>m16_qte2_exit</Node_Name>      <Enter_Actio
misc_tables.vpp_pc	qte_sequences.xtbl	qte_sequences.xtbl	m19	<Synced_State>        <Synced_Animation>m19 qte grapple struggle a</Synced_Animatio
misc_tables.vpp_pc	qte_sequences.xtbl	qte_sequences.xtbl	m19	<Synced_State>        <Synced_Animation>m19 qte grapple struggle a</Synced_Animatio
misc_tables.vpp_pc	qte_sequences.xtbl	qte_sequences.xtbl	m19	<Synced_State>        <Synced_Animation>m19 qte2 grapple struggle a</Synced_Animati
misc_tables.vpp_pc	qte_sequences.xtbl	qte_sequences.xtbl	m22	ed_State>        <Synced_Animation>PLYM m22 seq 1 Hold</Synced_Animation>        <P
misc_tables.vpp_pc	qte_sequences.xtbl	qte_sequences.xtbl	m22	ed_State>        <Synced_Animation>PLYM m22 seq 2 Hold</Synced_Animation>        <P
misc_tables.vpp_pc	qte_sequences.xtbl	qte_sequences.xtbl	m22	ed_State>        <Synced_Animation>PLYM m22 seq 3 Hold</Synced_Animation>        <P
misc_tables.vpp_pc	refraction_situations.xtbl	refraction_situations.xtbl	m16	  <Refraction_Situation>    <Name>cyber_m16</Name>    <Scale>6</Scale>    <Frequenc
misc_tables.vpp_pc	refraction_situations.xtbl	refraction_situations.xtbl	m16	  <Refraction_Situation>    <Name>cyber_m16_glitch</Name>    <Scale>10</Scale>    <
misc_tables.vpp_pc	refraction_situations.xtbl	refraction_situations.xtbl	m16	  <Refraction_Situation>    <Name>cyber_m16(LR)</Name>    <Scale>6</Scale>    <Freq
misc_tables.vpp_pc	refraction_situations.xtbl	refraction_situations.xtbl	m16	  <Refraction_Situation>    <Name>cyber_m16_glitch(LR)</Name>    <Scale>10</Scale> 
misc_tables.vpp_pc	roadblock_layouts.xtbl	roadblock_layouts.xtbl	m01	e>        <Resource_name>npc_ped_youngfem01_fw</Resource_name>        <X_offset>-2.
misc_tables.vpp_pc	roadblock_layouts.xtbl	roadblock_layouts.xtbl	m04	e>        <Resource_name>npc_ped_youngfem04_fa</Resource_name>        <X_offset>3.0
misc_tables.vpp_pc	roadblock_layouts.xtbl	roadblock_layouts.xtbl	m04	e>        <Resource_name>npc_ped_youngfem04_fa</Resource_name>        <X_offset>2.3
misc_tables.vpp_pc	roadblock_layouts.xtbl	roadblock_layouts.xtbl	m22	layouts>   <Roadblock_layouts>    <Name>m22_skirmish_4lane</Name>    <Num_lanes>4</
misc_tables.vpp_pc	roadblock_layouts.xtbl	roadblock_layouts.xtbl	m22	layouts>   <Roadblock_layouts>    <Name>m22_skirmish_2lane</Name>    <Num_lanes>2</
misc_tables.vpp_pc	roadblock_layouts.xtbl	roadblock_layouts.xtbl	m22	layouts>   <Roadblock_layouts>    <Name>m22_wreckage_2lane</Name>    <Num_lanes>2</
misc_tables.vpp_pc	roadblock_layouts.xtbl	roadblock_layouts.xtbl	m22	layouts>   <Roadblock_layouts>    <Name>m22_wreckage_4lane</Name>    <Num_lanes>4</
misc_tables.vpp_pc	spawn_info_categories.xtbl	spawn_info_categories.xtbl	m20	/Category>   <Category>    <Name>sp_cat_m20Yearwood</Name>    <Groups>     <Group> 
misc_tables.vpp_pc	spawn_info_groups.xtbl	spawn_info_groups.xtbl	m01	haracter>     <Character>npc_ped_youngfem01_fw</Character>     <Character>npc_ped_y
misc_tables.vpp_pc	spawn_info_groups.xtbl	spawn_info_groups.xtbl	m01	aracters>     <Character>npc_ped_youngfem01_fw</Character>     <Character>npc_ped_y
misc_tables.vpp_pc	spawn_info_groups.xtbl	spawn_info_groups.xtbl	m01	haracter>     <Character>npc_ped_youngfem01_fw</Character>     <Character>npc_ped_y
misc_tables.vpp_pc	spawn_info_groups.xtbl	spawn_info_groups.xtbl	m01	haracter>     <Character>npc_ped_youngfem01_fw</Character>     <Character>npc_ped_y
misc_tables.vpp_pc	spawn_info_groups.xtbl	spawn_info_groups.xtbl	m01	haracter>     <Character>npc_ped_youngfem01_fw</Character>     <Character>npc_ped_y
misc_tables.vpp_pc	spawn_info_groups.xtbl	spawn_info_groups.xtbl	m01	haracter>     <Character>npc_ped_youngfem01_fw</Character>     <Character>npc_ped_y
misc_tables.vpp_pc	spawn_info_groups.xtbl	spawn_info_groups.xtbl	m02	haracter>     <Character>npc_ped_youngfem02_fb</Character>     <Character>npc_ped_y
misc_tables.vpp_pc	spawn_info_groups.xtbl	spawn_info_groups.xtbl	m02	pc_bum</Character>     <Character>npc_bum02_fw</Character>     <Character>npc_bum03
misc_tables.vpp_pc	spawn_info_groups.xtbl	spawn_info_groups.xtbl	m02	haracter>     <Character>npc_ped_youngfem02_fb</Character>     <Character>npc_ped_y
misc_tables.vpp_pc	spawn_info_groups.xtbl	spawn_info_groups.xtbl	m02	haracter>     <Character>npc_ped_youngfem02_fb</Character>     </Characters>    <sp
misc_tables.vpp_pc	spawn_info_groups.xtbl	spawn_info_groups.xtbl	m02	haracter>     <Character>npc_ped_youngfem02_fb</Character>     <Character>npc_ped_y
misc_tables.vpp_pc	spawn_info_groups.xtbl	spawn_info_groups.xtbl	m02	e>    <Characters>     <Character>npc_bum02_fw</Character>     <Character>npc_bum03
misc_tables.vpp_pc	spawn_info_groups.xtbl	spawn_info_groups.xtbl	m02	haracter>     <Character>npc_ped_youngfem02_fb</Character>     <Character>npc_ped_y
misc_tables.vpp_pc	spawn_info_groups.xtbl	spawn_info_groups.xtbl	m02	haracter>     <Character>npc_ped_youngfem02_fb</Character>     <Character>npc_ped_y
misc_tables.vpp_pc	spawn_info_groups.xtbl	spawn_info_groups.xtbl	m03	haracter>     <Character>npc_ped_youngfem03_fh</Character>     <Character>npc_ped_y
misc_tables.vpp_pc	spawn_info_groups.xtbl	spawn_info_groups.xtbl	m03	m02_fw</Character>     <Character>npc_bum03_mb</Character>     <Character>npc_bum04
misc_tables.vpp_pc	spawn_info_groups.xtbl	spawn_info_groups.xtbl	m03	haracter>     <Character>npc_ped_youngfem03_fh</Character>     <Character>npc_ped_y
misc_tables.vpp_pc	spawn_info_groups.xtbl	spawn_info_groups.xtbl	m03	haracter>     <Character>npc_ped_youngfem03_fh</Character>     </Characters>    <sp
misc_tables.vpp_pc	spawn_info_groups.xtbl	spawn_info_groups.xtbl	m03	haracter>     <Character>npc_ped_youngfem03_fh</Character>     <Character>npc_ped_y
misc_tables.vpp_pc	spawn_info_groups.xtbl	spawn_info_groups.xtbl	m03	m02_fw</Character>     <Character>npc_bum03_mb</Character>     <Character>npc_bum04
misc_tables.vpp_pc	spawn_info_groups.xtbl	spawn_info_groups.xtbl	m03	haracter>     <Character>npc_ped_youngfem03_fh</Character>     <Character>npc_ped_y
misc_tables.vpp_pc	spawn_info_groups.xtbl	spawn_info_groups.xtbl	m04	haracter>     <Character>npc_ped_youngfem04_fa</Character>     <Character>npc_ped_y
misc_tables.vpp_pc	spawn_info_groups.xtbl	spawn_info_groups.xtbl	m04	m03_mb</Character>     <Character>npc_bum04_fb</Character>     </Characters>    <Te
misc_tables.vpp_pc	spawn_info_groups.xtbl	spawn_info_groups.xtbl	m04	haracter>     <Character>npc_ped_youngfem04_fa</Character>     <Character>npc_ped_y
misc_tables.vpp_pc	spawn_info_groups.xtbl	spawn_info_groups.xtbl	m04	aracters>     <Character>npc_ped_youngfem04_fa</Character>     <Character>npc_ped_m
misc_tables.vpp_pc	spawn_info_groups.xtbl	spawn_info_groups.xtbl	m04	haracter>     <Character>npc_ped_youngfem04_fa</Character>     <Character>npc_ped_y
misc_tables.vpp_pc	spawn_info_groups.xtbl	spawn_info_groups.xtbl	m04	m03_mb</Character>     <Character>npc_bum04_fb</Character>     <Character>npc_bum</
misc_tables.vpp_pc	spawn_info_groups.xtbl	spawn_info_groups.xtbl	m04	haracter>     <Character>npc_ped_youngfem04_fa</Character>     <Character>npc_ped_y
misc_tables.vpp_pc	spawn_info_groups.xtbl	spawn_info_groups.xtbl	m04	pc_bum</Character>     <Character>npc_bum04_fb</Character>     <Character>npc_ped_b
misc_tables.vpp_pc	spawn_info_groups.xtbl	spawn_info_groups.xtbl	m04	haracter>     <Character>npc_ped_youngfem04_fa</Character>     <Character>npc_ped_y
misc_tables.vpp_pc	spawn_info_groups.xtbl	spawn_info_groups.xtbl	m05	haracter>     <Character>npc_ped_youngfem05_fw</Character>     </Characters>    <Te
misc_tables.vpp_pc	spawn_info_groups.xtbl	spawn_info_groups.xtbl	m05	haracter>     <Character>npc_ped_youngfem05_fw</Character>     <Character>npc_ped_y
misc_tables.vpp_pc	spawn_info_groups.xtbl	spawn_info_groups.xtbl	m05	haracter>     <Character>npc_ped_youngfem05_fw</Character>     </Characters>    <sp
misc_tables.vpp_pc	spawn_info_groups.xtbl	spawn_info_groups.xtbl	m05	haracter>     <Character>npc_ped_youngfem05_fw</Character>     <Character>npc_ped_s
misc_tables.vpp_pc	spawn_info_groups.xtbl	spawn_info_groups.xtbl	m05	haracter>     <Character>npc_ped_youngfem05_fw</Character>     <Character>npc_ped_y
misc_tables.vpp_pc	store_weapons.xtbl	store_weapons.xtbl	m06	     </Entry>     <Entry>      <Mission>m06</Mission>      <Weapon>Explosive-Rocket
misc_tables.vpp_pc	store_weapons.xtbl	store_weapons.xtbl	m06	<Unlocked>true</Unlocked>      <Mission>m06</Mission>      </Entry>     <Entry>    
misc_tables.vpp_pc	store_weapons.xtbl	store_weapons.xtbl	m06	<Unlocked>true</Unlocked>      <Mission>m06</Mission>      </Entry>     <Entry>    
misc_tables.vpp_pc	store_weapons.xtbl	store_weapons.xtbl	m06	<Unlocked>true</Unlocked>      <Mission>m06</Mission>      </Entry>     <Entry>    
misc_tables.vpp_pc	store_weapons.xtbl	store_weapons.xtbl	m10	<Unlocked>true</Unlocked>      <Mission>m10</Mission>      </Entry>     <Entry>    
misc_tables.vpp_pc	store_weapons.xtbl	store_weapons.xtbl	m10	<Unlocked>true</Unlocked>      <Mission>m10</Mission>      </Entry>     <Entry>    
misc_tables.vpp_pc	store_weapons.xtbl	store_weapons.xtbl	m16	<Unlocked>true</Unlocked>      <Mission>m16</Mission>      </Entry>     <Entry>    
misc_tables.vpp_pc	store_weapons.xtbl	store_weapons.xtbl	m16	<Unlocked>true</Unlocked>      <Mission>m16</Mission>      </Entry>     <Entry>    
misc_tables.vpp_pc	store_weapons.xtbl	store_weapons.xtbl	m21	<Unlocked>true</Unlocked>      <Mission>m21</Mission>      </Entry>     <Entry>    
misc_tables.vpp_pc	tweak_table.xtbl	tweak_table.xtbl	m16	nt speed for moving as Matt's Avatar in m16.</Description><_Editor><Category>Entrie
misc_tables.vpp_pc	veh_stag_tank.xtbl	veh_stag_tank.xtbl	m18	n</ID><Animation><Filename>stg_exit_qck_m18.animx</Filename></Animation></Action>  
misc_tables.vpp_pc	veh_tank.xtbl	veh_tank.xtbl	m18	</ID><Animation><Filename>tank_exit_qck_m18.animx</Filename></Animation></Action>  
misc_tables.vpp_pc	voice_control.xtbl	voice_control.xtbl	m01	event>    </Entry>    <Entry>     <Name>m01 - attack</Name>     <Voiceline_id>87499
misc_tables.vpp_pc	voice_control.xtbl	voice_control.xtbl	m01	event>    </Entry>    <Entry>     <Name>m01 - get robbed</Name>     <Voiceline_id>1
misc_tables.vpp_pc	voice_control.xtbl	voice_control.xtbl	m01	event>    </Entry>    <Entry>     <Name>m01 - see saints</Name>     <Voiceline_id>1
misc_tables.vpp_pc	voice_control.xtbl	voice_control.xtbl	m02	event>    </Entry>    <Entry>     <Name>m02 - attack</Name>     <Voiceline_id>84335
misc_tables.vpp_pc	voice_control.xtbl	voice_control.xtbl	m03	event>    </Entry>    <Entry>     <Name>m03 - attack</Name>     <Voiceline_id>23401
misc_tables.vpp_pc	voice_control.xtbl	voice_control.xtbl	m03	event>    </Entry>    <Entry>     <Name>m03 - defend bomb</Name>     <Voiceline_id>
misc_tables.vpp_pc	voice_control.xtbl	voice_control.xtbl	m04	event>    </Entry>    <Entry>     <Name>m04 - attack</Name>     <Voiceline_id>34214
misc_tables.vpp_pc	voice_control.xtbl	voice_control.xtbl	m05	event>    </Entry>    <Entry>     <Name>m05 - attack</Name>     <Voiceline_id>36915
misc_tables.vpp_pc	voice_control.xtbl	voice_control.xtbl	m06	event>    </Entry>    <Entry>     <Name>m06 - attack</Name>     <Voiceline_id>22700
misc_tables.vpp_pc	voice_control.xtbl	voice_control.xtbl	m06	event>    </Entry>    <Entry>     <Name>m06 - observe ball</Name>     <Voiceline_id
misc_tables.vpp_pc	voice_control.xtbl	voice_control.xtbl	m07	event>    </Entry>    <Entry>     <Name>m07 - attack</Name>     <Voiceline_id>16497
misc_tables.vpp_pc	voice_control.xtbl	voice_control.xtbl	m07	event>    </Entry>    <Entry>     <Name>m07 - attack angel</Name>     <Voiceline_id
misc_tables.vpp_pc	voice_control.xtbl	voice_control.xtbl	m07	event>    </Entry>    <Entry>     <Name>m07 - bdsm club dommes</Name>     <Voicelin
misc_tables.vpp_pc	voice_control.xtbl	voice_control.xtbl	m07	event>    </Entry>    <Entry>     <Name>m07 - bdsm club subs</Name>     <Voiceline_
misc_tables.vpp_pc	voice_control.xtbl	voice_control.xtbl	m08	event>    </Entry>    <Entry>     <Name>m08 - attack</Name>     <Voiceline_id>35522
misc_tables.vpp_pc	voice_control.xtbl	voice_control.xtbl	m08	event>    </Entry>    <Entry>     <Name>m08 - blackout</Name>     <Voiceline_id>291
misc_tables.vpp_pc	voice_control.xtbl	voice_control.xtbl	m09	event>    </Entry>    <Entry>     <Name>m09 - back in box</Name>     <Voiceline_id>
misc_tables.vpp_pc	voice_control.xtbl	voice_control.xtbl	m09	event>    </Entry>    <Entry>     <Name>m09 - plead</Name>     <Voiceline_id>877502
misc_tables.vpp_pc	voice_control.xtbl	voice_control.xtbl	m09	event>    </Entry>    <Entry>     <Name>m09 - box thanks</Name>     <Voiceline_id>3
misc_tables.vpp_pc	voice_control.xtbl	voice_control.xtbl	m10	event>    </Entry>    <Entry>     <Name>m10 - attack</Name>     <Voiceline_id>31533
misc_tables.vpp_pc	voice_control.xtbl	voice_control.xtbl	m11	event>    </Entry>    <Entry>     <Name>m11 - stag radio chatter</Name>     <Voicel
misc_tables.vpp_pc	voice_control.xtbl	voice_control.xtbl	m11	event>    </Entry>    <Entry>     <Name>m11 - vtol steal</Name>     <Voiceline_id>4
misc_tables.vpp_pc	voice_control.xtbl	voice_control.xtbl	m12	event>    </Entry>    <Entry>     <Name>m12 - secure building</Name>     <Voiceline
misc_tables.vpp_pc	voice_control.xtbl	voice_control.xtbl	m14	event>    </Entry>    <Entry>     <Name>m14 - attack</Name>     <Voiceline_id>23775
misc_tables.vpp_pc	voice_control.xtbl	voice_control.xtbl	m15	event>    </Entry>    <Entry>     <Name>m15 - attack</Name>     <Voiceline_id>17541
misc_tables.vpp_pc	voice_control.xtbl	voice_control.xtbl	m15	event>    </Entry>    <Entry>     <Name>m15 - computer</Name>     <Voiceline_id>366
misc_tables.vpp_pc	voice_control.xtbl	voice_control.xtbl	m16	event>    </Entry>    <Entry>     <Name>m16 - 1337</Name>     <Voiceline_id>3435491
misc_tables.vpp_pc	voice_control.xtbl	voice_control.xtbl	m17	ntry>    <Entry>     <Name>voice - fall m17</Name>     <Voiceline_id>4136597113</Vo
misc_tables.vpp_pc	voice_control.xtbl	voice_control.xtbl	m17	ry>    <Entry>     <Name>voice - thrown m17</Name>     <Voiceline_id>14439132</Voic
misc_tables.vpp_pc	voice_control.xtbl	voice_control.xtbl	m17	   <Entry>     <Name>voice - pain shout m17</Name>     <Voiceline_id>3115420178</Vo
misc_tables.vpp_pc	voice_control.xtbl	voice_control.xtbl	m17	 <Entry>     <Name>voice - death scream m17</Name>     <Voiceline_id>4146780712</Vo
misc_tables.vpp_pc	voice_control.xtbl	voice_control.xtbl	m17	   <Entry>     <Name>voice - struggling m17</Name>     <Voiceline_id>1372804886</Vo
misc_tables.vpp_pc	voice_control.xtbl	voice_control.xtbl	m17	try>    <Entry>     <Name>voice - laugh m17</Name>     <Voiceline_id>1144413173</Vo
misc_tables.vpp_pc	voice_control.xtbl	voice_control.xtbl	m17	try>    <Entry>     <Name>voice - cough m17</Name>     <Voiceline_id>1809590036</Vo
misc_tables.vpp_pc	voice_control.xtbl	voice_control.xtbl	m17	    <Name>voice - fire scream (on fire) m17</Name>     <Voiceline_id>3279681554</Vo
misc_tables.vpp_pc	voice_control.xtbl	voice_control.xtbl	m17	try>    <Entry>     <Name>voice - cheer m17</Name>     <Voiceline_id>234539613</Voi
misc_tables.vpp_pc	voice_control.xtbl	voice_control.xtbl	m17	event>    </Entry>    <Entry>     <Name>m17 - attack</Name>     <Voiceline_id>14333
misc_tables.vpp_pc	voice_control.xtbl	voice_control.xtbl	m17	try>    <Entry>     <Name>voice - grunt m17</Name>     <Voiceline_id>3152221588</Vo
misc_tables.vpp_pc	voice_control.xtbl	voice_control.xtbl	m17	>    <Entry>     <Name>voice - nut shot m17</Name>     <Voiceline_id>1323879858</Vo
misc_tables.vpp_pc	voice_control.xtbl	voice_control.xtbl	m18	event>    </Entry>    <Entry>     <Name>m18 - attack</Name>     <Voiceline_id>53134
misc_tables.vpp_pc	voice_control.xtbl	voice_control.xtbl	m18	event>    </Entry>    <Entry>     <Name>m18 - stag radio chatter</Name>     <Voicel
misc_tables.vpp_pc	voice_control.xtbl	voice_control.xtbl	m20	event>    </Entry>    <Entry>     <Name>m20 - tank out of control</Name>     <Voice
misc_tables.vpp_pc	voice_control.xtbl	voice_control.xtbl	m21	event>    </Entry>    <Entry>     <Name>m21 - dildo chant</Name>     <Voiceline_id>
misc_tables.vpp_pc	voice_control.xtbl	voice_control.xtbl	m21	event>    </Entry>    <Entry>     <Name>m21 - taunt wrestlers (angel fan)</Name>   
misc_tables.vpp_pc	voice_control.xtbl	voice_control.xtbl	m21	event>    </Entry>    <Entry>     <Name>m21 - taunt wrestlers (killbane fan)</Name>
misc_tables.vpp_pc	voice_control.xtbl	voice_control.xtbl	m22	event>    </Entry>    <Entry>     <Name>m22 - city on fire</Name>     <Voiceline_id
misc_tables.vpp_pc	voice_control.xtbl	voice_control.xtbl	m23	event>    </Entry>    <Entry>     <Name>m23 - STAG attack</Name>     <Voiceline_id>
misc_tables.vpp_pc	voice_control.xtbl	voice_control.xtbl	m24	event>    </Entry>    <Entry>     <Name>m24 - attack</Name>     <Voiceline_id>21352
misc_tables.vpp_pc	voice_control.xtbl	voice_control.xtbl	m24	event>    </Entry>    <Entry>     <Name>m24 - lava </Name>     <Voiceline_id>272461
misc_tables.vpp_pc	voice_control.xtbl	voice_control.xtbl	m24	event>    </Entry>    <Entry>     <Name>m24 - mars saints</Name>     <Voiceline_id>
misc_tables.vpp_pc	voice_control.xtbl	voice_control.xtbl	sh01	event>    </Entry>    <Entry>     <Name>sh01 - attack</Name>     <Voiceline_id>42127
misc_tables.vpp_pc	voice_control.xtbl	voice_control.xtbl	sh01	event>    </Entry>    <Entry>     <Name>sh01 - breakroom</Name>     <Voiceline_id>14
misc_tables.vpp_pc	voice_control.xtbl	voice_control.xtbl	sh01	event>    </Entry>    <Entry>     <Name>sh01 - defend powder</Name>     <Voiceline_i
misc_tables.vpp_pc	voice_control.xtbl	voice_control.xtbl	sh02	event>    </Entry>    <Entry>     <Name>sh02 - attack</Name>     <Voiceline_id>26694
misc_tables.vpp_pc	voice_control.xtbl	voice_control.xtbl	sh02	event>    </Entry>    <Entry>     <Name>sh02 - freedom</Name>     <Voiceline_id>1531
misc_tables.vpp_pc	voice_control.xtbl	voice_control.xtbl	sh02	event>    </Entry>    <Entry>     <Name>sh02 - scared</Name>     <Voiceline_id>38873
misc_tables.vpp_pc	voice_control.xtbl	voice_control.xtbl	sh03	event>    </Entry>    <Entry>     <Name>sh03 - attack</Name>     <Voiceline_id>14397
misc_tables.vpp_pc	voice_control.xtbl	voice_control.xtbl	sh04	event>    </Entry>    <Entry>     <Name>sh04 - attack</Name>     <Voiceline_id>12898
misc_tables.vpp_pc	vtol.xtbl	vtol.xtbl	m10	eg vtol attack</ID><Animation><Filename>m10_vtol_no_cntrl.animx</Filename></Animati
misc_tables.vpp_pc	vtol.xtbl	vtol.xtbl	m10	oleg vtol jump</ID><Animation><Filename>m10_vtol_null.animx</Filename></Animation><
misc_tables.vpp_pc	zombie.xtbl	zombie.xtbl	m19	lename></Animation></State>  <State><ID>m19 qte grapple struggle b</ID><Animation><
misc_tables.vpp_pc	zombie.xtbl	zombie.xtbl	m19	lename></Animation></State>  <State><ID>m19 qte2 grapple struggle b</ID><Animation>
misc_tables.vpp_pc	zombie.xtbl	zombie.xtbl	m19	name></Animation></Action>  <Action><ID>m19 qte grapple enter b</ID><Animation><Fil
misc_tables.vpp_pc	zombie.xtbl	zombie.xtbl	m19	name></Animation></Action>  <Action><ID>m19 qte grapple exit b</ID><Animation><File
misc_tables.vpp_pc	zombie.xtbl	zombie.xtbl	m19	name></Animation></Action>  <Action><ID>m19 qte2 grapple enter b</ID><Animation><Fi
misc_tables.vpp_pc	zombie.xtbl	zombie.xtbl	m19	name></Animation></Action>  <Action><ID>m19 qte2 grapple exit b</ID><Animation><Fil
misc_tables.vpp_pc	bitmap_sheets.xtbl	bitmap_sheets.xtbl	msn_cyber	heets>   <BitmapSheets>    <Name>ui_bms_msn_cyber</Name>    <_Editor>     <Category>Entri
misc_tables.vpp_pc	ui_bms_msn_cyber.xtbl	ui_bms_msn_cyber.xtbl	msn_cyber	Table>   <BitmapSheets>    <Name>ui_bms_msn_cyber</Name>    <Images>     <Properties>    
misc_tables.vpp_pc	02_in-lightset.xtbl	02_in-lightset.xtbl	m02	 <Ambient_Grid>       <Slate_Name>slate_m02_planeshot</Slate_Name>       <Level_Amb
misc_tables.vpp_pc	05_out-lightset.xtbl	05_out-lightset.xtbl	m01	     <Light>       <Name>S02_Killbane_Rim01</Name>       <Type>circular spotlight</
misc_tables.vpp_pc	05_out-lightset.xtbl	05_out-lightset.xtbl	m02	     <Light>       <Name>S02_Killbane_Rim02</Name>       <Type>circular spotlight</
misc_tables.vpp_pc	06_mid-lightset.xtbl	06_mid-lightset.xtbl	m01	hts>      <Light>       <Name>S01_red_rim01</Name>       <Type>circular spotlight</
misc_tables.vpp_pc	06_mid-lightset.xtbl	06_mid-lightset.xtbl	m01	    <Light>       <Name>S15_blue_left_rim01</Name>       <Type>circular spotlight</
misc_tables.vpp_pc	06_mid-lightset.xtbl	06_mid-lightset.xtbl	m02	ght>      <Light>       <Name>S01_red_rim02</Name>       <Type>circular spotlight</
misc_tables.vpp_pc	06_mid-lightset.xtbl	06_mid-lightset.xtbl	m02	ht>      <Light>       <Name>S15_blue_rim02</Name>       <Type>circular spotlight</
misc_tables.vpp_pc	06_mid-lightset.xtbl	06_mid-lightset.xtbl	m03	ht>      <Light>       <Name>S15_blue_rim03</Name>       <Type>circular spotlight</
misc_tables.vpp_pc	07_in-lightset.xtbl	07_in-lightset.xtbl	m01	ght>      <Light>       <Name>S07_car_rim01</Name>       <Type>circular spotlight</
misc_tables.vpp_pc	07_in-lightset.xtbl	07_in-lightset.xtbl	m01	<Light>       <Name>S39_killbane_moon_rim01</Name>       <Type>circular spotlight</
misc_tables.vpp_pc	07_out-lightset.xtbl	07_out-lightset.xtbl	m01	      <Light>       <Name>17_Killbane_Rim01</Name>       <Type>circular spotlight</
misc_tables.vpp_pc	09_in-lightset.xtbl	09_in-lightset.xtbl	m01	ht>      <Light>       <Name>S09_Ship_Rim01</Name>       <Type>circular spotlight</
misc_tables.vpp_pc	10_in-lightset.xtbl	10_in-lightset.xtbl	m01	t>      <Light>       <Name>S31_Car_bloom01</Name>       <Type>circular spotlight</
misc_tables.vpp_pc	10_in-lightset.xtbl	10_in-lightset.xtbl	m01	ight>      <Light>       <Name>S37_ol_rim01</Name>       <Type>omni</Type>       <C
misc_tables.vpp_pc	10_in-lightset.xtbl	10_in-lightset.xtbl	m01	ight>      <Light>       <Name>S39_ol_rim01</Name>       <Type>omni</Type>       <C
misc_tables.vpp_pc	10_in-lightset.xtbl	10_in-lightset.xtbl	m02	t>      <Light>       <Name>S31_Car_bloom02</Name>       <Type>circular spotlight</
misc_tables.vpp_pc	10_in-lightset.xtbl	10_in-lightset.xtbl	m02	ight>      <Light>       <Name>S39_ol_rim02</Name>       <Type>omni</Type>       <C
misc_tables.vpp_pc	11_out-lightset.xtbl	11_out-lightset.xtbl	m01	    <Light>       <Name>S08_commander_rim01</Name>       <Type>circular spotlight</
misc_tables.vpp_pc	11_out-lightset.xtbl	11_out-lightset.xtbl	m01	  <Light>       <Name>S08_soldier_blu_rim01</Name>       <Type>circular spotlight</
misc_tables.vpp_pc	11_out-lightset.xtbl	11_out-lightset.xtbl	m01	  <Light>       <Name>S09_soldier_blu_rim01</Name>       <Type>circular spotlight</
misc_tables.vpp_pc	11_out-lightset.xtbl	11_out-lightset.xtbl	m01	<Light>       <Name>S11_commander_blu_rim01</Name>       <Type>circular spotlight</
misc_tables.vpp_pc	11_out-lightset.xtbl	11_out-lightset.xtbl	m01	<Light>       <Name>S12_commander_blu_rim01</Name>       <Type>circular spotlight</
misc_tables.vpp_pc	11_out-lightset.xtbl	11_out-lightset.xtbl	m01	  <Light>       <Name>S12_soldier_blu_rim01</Name>       <Type>circular spotlight</
misc_tables.vpp_pc	11_out-lightset.xtbl	11_out-lightset.xtbl	m02	  <Light>       <Name>S08_soldier_blu_rim02</Name>       <Type>circular spotlight</
misc_tables.vpp_pc	11_out-lightset.xtbl	11_out-lightset.xtbl	m02	  <Light>       <Name>S09_soldier_blu_rim02</Name>       <Type>circular spotlight</
misc_tables.vpp_pc	12_out-lightset.xtbl	12_out-lightset.xtbl	m01	t>      <Light>       <Name>S09_Cloth_Rim01</Name>       <Type>circular spotlight</
misc_tables.vpp_pc	12_out-lightset.xtbl	12_out-lightset.xtbl	m01	ht>      <Light>       <Name>S09_STAG_Rim01</Name>       <Type>circular spotlight</
misc_tables.vpp_pc	12_out-lightset.xtbl	12_out-lightset.xtbl	m01	    <Light>       <Name>S10_STAG_Blue_Rim01</Name>       <Type>circular spotlight</
misc_tables.vpp_pc	12_out-lightset.xtbl	12_out-lightset.xtbl	m01	t>      <Light>       <Name>S11_Cyrus_Rim01</Name>       <Type>circular spotlight</
misc_tables.vpp_pc	12_out-lightset.xtbl	12_out-lightset.xtbl	m02	t>      <Light>       <Name>S09_Cyrus_Rim02</Name>       <Type>circular spotlight</
misc_tables.vpp_pc	12_out-lightset.xtbl	12_out-lightset.xtbl	m02	    <Light>       <Name>S10_STAG_Blue_Rim02</Name>       <Type>circular spotlight</
misc_tables.vpp_pc	13_out-lightset.xtbl	13_out-lightset.xtbl	m01	t>      <Light>       <Name>S06_Cyrus_Rim01</Name>       <Type>circular spotlight</
misc_tables.vpp_pc	13_out-lightset.xtbl	13_out-lightset.xtbl	m02	t>      <Light>       <Name>S06_Cyrus_Rim02</Name>       <Type>circular spotlight</
misc_tables.vpp_pc	14_in-lightset.xtbl	14_in-lightset.xtbl	m14	0</Attenuation>       <Slate_Name>slate_m14_tvstudio</Slate_Name>      </Light>    
misc_tables.vpp_pc	14_in-lightset.xtbl	14_in-lightset.xtbl	m14	5</Attenuation>       <Slate_Name>slate_m14_tvstudio</Slate_Name>      </Light>    
misc_tables.vpp_pc	14_in-lightset.xtbl	14_in-lightset.xtbl	m14	5</Attenuation>       <Slate_Name>slate_m14_tvstudio</Slate_Name>      </Light>    
misc_tables.vpp_pc	14_in-lightset.xtbl	14_in-lightset.xtbl	m14	0</Attenuation>       <Slate_Name>slate_m14_tvstudio</Slate_Name>      </Light>    
misc_tables.vpp_pc	14_in-lightset.xtbl	14_in-lightset.xtbl	m14	5</Attenuation>       <Slate_Name>slate_m14_tvstudio</Slate_Name>      </Light>    
misc_tables.vpp_pc	14_in-lightset.xtbl	14_in-lightset.xtbl	m14	0</Attenuation>       <Slate_Name>slate_m14_tvstudio</Slate_Name>      </Light>    
misc_tables.vpp_pc	14_in-lightset.xtbl	14_in-lightset.xtbl	m14	0</Attenuation>       <Slate_Name>slate_m14_tvstudio</Slate_Name>      </Light>    
misc_tables.vpp_pc	14_in-lightset.xtbl	14_in-lightset.xtbl	m14	0</Attenuation>       <Slate_Name>slate_m14_tvstudio</Slate_Name>      </Light>    
misc_tables.vpp_pc	14_in-lightset.xtbl	14_in-lightset.xtbl	m14	5</Attenuation>       <Slate_Name>slate_m14_tvstudio</Slate_Name>      </Light>    
misc_tables.vpp_pc	14_in-lightset.xtbl	14_in-lightset.xtbl	m14	5</Attenuation>       <Slate_Name>slate_m14_tvstudio</Slate_Name>      </Light>    
misc_tables.vpp_pc	14_in-lightset.xtbl	14_in-lightset.xtbl	m14	5</Attenuation>       <Slate_Name>slate_m14_tvstudio</Slate_Name>      </Light>    
misc_tables.vpp_pc	14_in-lightset.xtbl	14_in-lightset.xtbl	m14	5</Attenuation>       <Slate_Name>slate_m14_tvstudio</Slate_Name>      </Light>    
misc_tables.vpp_pc	14_in-lightset.xtbl	14_in-lightset.xtbl	m14	0</Attenuation>       <Slate_Name>slate_m14_tvstudio</Slate_Name>      </Light>    
misc_tables.vpp_pc	14_in-lightset.xtbl	14_in-lightset.xtbl	m14	0</Attenuation>       <Slate_Name>slate_m14_tvstudio</Slate_Name>      </Light>    
misc_tables.vpp_pc	14_in-lightset.xtbl	14_in-lightset.xtbl	m14	0</Attenuation>       <Slate_Name>slate_m14_tvstudio</Slate_Name>      </Light>    
misc_tables.vpp_pc	14_in-lightset.xtbl	14_in-lightset.xtbl	m14	5</Attenuation>       <Slate_Name>slate_m14_tvstudio</Slate_Name>      </Light>    
misc_tables.vpp_pc	14_in-lightset.xtbl	14_in-lightset.xtbl	m14	5</Attenuation>       <Slate_Name>slate_m14_tvstudio</Slate_Name>      </Light>    
misc_tables.vpp_pc	14_in-lightset.xtbl	14_in-lightset.xtbl	m14	5</Attenuation>       <Slate_Name>slate_m14_tvstudio</Slate_Name>      </Light>    
misc_tables.vpp_pc	14_in-lightset.xtbl	14_in-lightset.xtbl	m14	5</Attenuation>       <Slate_Name>slate_m14_tvstudio</Slate_Name>      </Light>    
misc_tables.vpp_pc	14_in-lightset.xtbl	14_in-lightset.xtbl	m14	5</Attenuation>       <Slate_Name>slate_m14_tvstudio</Slate_Name>      </Light>    
misc_tables.vpp_pc	14_in-lightset.xtbl	14_in-lightset.xtbl	m14	5</Attenuation>       <Slate_Name>slate_m14_tvstudio</Slate_Name>      </Light>    
misc_tables.vpp_pc	14_in-lightset.xtbl	14_in-lightset.xtbl	m14	5</Attenuation>       <Slate_Name>slate_m14_tvstudio</Slate_Name>      </Light>    
misc_tables.vpp_pc	14_in-lightset.xtbl	14_in-lightset.xtbl	m14	0</Attenuation>       <Slate_Name>slate_m14_tvstudio</Slate_Name>      </Light>    
misc_tables.vpp_pc	14_in-lightset.xtbl	14_in-lightset.xtbl	m14	5</Attenuation>       <Slate_Name>slate_m14_tvstudio</Slate_Name>      </Light>    
misc_tables.vpp_pc	14_in-lightset.xtbl	14_in-lightset.xtbl	m14	5</Attenuation>       <Slate_Name>slate_m14_tvstudio</Slate_Name>      </Light>    
misc_tables.vpp_pc	14_in-lightset.xtbl	14_in-lightset.xtbl	m14	5</Attenuation>       <Slate_Name>slate_m14_tvstudio</Slate_Name>      </Light>    
misc_tables.vpp_pc	14_in-lightset.xtbl	14_in-lightset.xtbl	m14	5</Attenuation>       <Slate_Name>slate_m14_tvstudio</Slate_Name>      </Light>    
misc_tables.vpp_pc	14_in-lightset.xtbl	14_in-lightset.xtbl	m14	0</Attenuation>       <Slate_Name>slate_m14_tvstudio</Slate_Name>      </Light>    
misc_tables.vpp_pc	14_in-lightset.xtbl	14_in-lightset.xtbl	m14	 <Ambient_Grid>       <Slate_Name>slate_m14_tvstudio</Slate_Name>       <Level_Ambi
misc_tables.vpp_pc	14_out-lightset.xtbl	14_out-lightset.xtbl	m01	ht>      <Light>       <Name>02_Helli_Rim01</Name>       <Type>circular spotlight</
misc_tables.vpp_pc	14_out-lightset.xtbl	14_out-lightset.xtbl	m01	t>      <Light>       <Name>07_Helli_Riim01</Name>       <Type>circular spotlight</
misc_tables.vpp_pc	14_out-lightset.xtbl	14_out-lightset.xtbl	m01	ht>      <Light>       <Name>09_Helli_Rim01</Name>       <Type>circular spotlight</
misc_tables.vpp_pc	14_out-lightset.xtbl	14_out-lightset.xtbl	m01	ht>      <Light>       <Name>10_Helli Rim01</Name>       <Type>circular spotlight</
misc_tables.vpp_pc	14_out-lightset.xtbl	14_out-lightset.xtbl	m01	>      <Light>       <Name>10_Shaundi Rim01</Name>       <Type>circular spotlight</
misc_tables.vpp_pc	14_out-lightset.xtbl	14_out-lightset.xtbl	m01	ht>      <Light>       <Name>11_Helli Rim01</Name>       <Type>circular spotlight</
misc_tables.vpp_pc	14_out-lightset.xtbl	14_out-lightset.xtbl	m02	ht>      <Light>       <Name>02_Helli_Rim02_02</Name>       <Type>circular spotligh
misc_tables.vpp_pc	14_out-lightset.xtbl	14_out-lightset.xtbl	m02	ht>      <Light>       <Name>07_Helli_Rim02</Name>       <Type>circular spotlight</
misc_tables.vpp_pc	14_out-lightset.xtbl	14_out-lightset.xtbl	m02	ht>      <Light>       <Name>10_Helli_Rim02</Name>       <Type>circular spotlight</
misc_tables.vpp_pc	16_in-lightset.xtbl	16_in-lightset.xtbl	m01	ht>      <Light>       <Name>S01_ChairRim01</Name>       <Type>circular spotlight</
misc_tables.vpp_pc	16_in-lightset.xtbl	16_in-lightset.xtbl	m01	t>      <Light>       <Name>Sh02_ChairRim01</Name>       <Type>circular spotlight</
misc_tables.vpp_pc	16_in-lightset.xtbl	16_in-lightset.xtbl	m01	ight>      <Light>       <Name>Sh02_PCRim01</Name>       <Type>circular spotlight</
misc_tables.vpp_pc	16_in-lightset.xtbl	16_in-lightset.xtbl	m01	ight>      <Light>       <Name>Sh04_PCRim01</Name>       <Type>circular spotlight</
misc_tables.vpp_pc	16_in-lightset.xtbl	16_in-lightset.xtbl	m01	ght>      <Light>       <Name>Sh06_KNZRim01</Name>       <Type>circular spotlight</
misc_tables.vpp_pc	16_in-lightset.xtbl	16_in-lightset.xtbl	m01	>      <Light>       <Name>Sh06_PurplrRim01</Name>       <Type>circular spotlight</
misc_tables.vpp_pc	16_in-lightset.xtbl	16_in-lightset.xtbl	m01	    <Light>       <Name>Sh08_ChaPurpleRim01</Name>       <Type>circular spotlight</
misc_tables.vpp_pc	16_in-lightset.xtbl	16_in-lightset.xtbl	m01	ght>      <Light>       <Name>Sh08_KnzRim01</Name>       <Type>circular spotlight</
misc_tables.vpp_pc	16_in-lightset.xtbl	16_in-lightset.xtbl	m01	ght>      <Light>       <Name>Sh10_KnzRim01</Name>       <Type>circular spotlight</
misc_tables.vpp_pc	16_in-lightset.xtbl	16_in-lightset.xtbl	m01	    <Light>       <Name>Sh12_ChairBlueRim01</Name>       <Type>circular spotlight</
misc_tables.vpp_pc	16_in-lightset.xtbl	16_in-lightset.xtbl	m02	ht>      <Light>       <Name>S01_ChairRim02</Name>       <Type>circular spotlight</
misc_tables.vpp_pc	16_in-lightset.xtbl	16_in-lightset.xtbl	m02	t>      <Light>       <Name>Sh02_ChairRim02</Name>       <Type>circular spotlight</
misc_tables.vpp_pc	16_in-lightset.xtbl	16_in-lightset.xtbl	m02	ght>      <Light>       <Name>Sh10_KnzRim02</Name>       <Type>circular spotlight</
misc_tables.vpp_pc	16_out-lightset.xtbl	16_out-lightset.xtbl	m01	Light>       <Name>S1-Bane/Matt_Right_Rim01</Name>       <Type>circular spotlight</
misc_tables.vpp_pc	16_out-lightset.xtbl	16_out-lightset.xtbl	m01	     <Light>       <Name>S9-Bane_Left_Rim01</Name>       <Type>circular spotlight</
misc_tables.vpp_pc	17_in-lightset.xtbl	17_in-lightset.xtbl	m01	>      <Light>       <Name>S01_Pierce_Rim01</Name>       <Type>circular spotlight</
misc_tables.vpp_pc	17_in-lightset.xtbl	17_in-lightset.xtbl	m02	ight>      <Light>       <Name>S01_PC_Rim02</Name>       <Type>circular spotlight</
misc_tables.vpp_pc	17_out-lightset.xtbl	17_out-lightset.xtbl	m02	   <Light>       <Name>S06_Characters_rim02</Name>       <Type>circular spotlight</
misc_tables.vpp_pc	17_out-lightset.xtbl	17_out-lightset.xtbl	m03	   <Light>       <Name>S06_Characters_rim03</Name>       <Type>circular spotlight</
misc_tables.vpp_pc	19_in-lightset.xtbl	19_in-lightset.xtbl	sh01	>     <Lights>      <Light>       <Name>sh01_ceiling_fill_A</Name>       <Type>circu
misc_tables.vpp_pc	19_in-lightset.xtbl	19_in-lightset.xtbl	sh01	      </Light>      <Light>       <Name>sh01_ceiling_fill_B</Name>       <Type>circu
misc_tables.vpp_pc	19_in-lightset.xtbl	19_in-lightset.xtbl	sh01	      </Light>      <Light>       <Name>sh01_pc+viola_neg</Name>       <Type>circula
misc_tables.vpp_pc	19_in-lightset.xtbl	19_in-lightset.xtbl	sh01	      </Light>      <Light>       <Name>sh01_pc_fill</Name>       <Type>circular spo
misc_tables.vpp_pc	19_in-lightset.xtbl	19_in-lightset.xtbl	sh01	      </Light>      <Light>       <Name>sh01_pc_key</Name>       <Type>circular spot
misc_tables.vpp_pc	19_in-lightset.xtbl	19_in-lightset.xtbl	sh01	      </Light>      <Light>       <Name>sh01_pc_rim</Name>       <Type>circular spot
misc_tables.vpp_pc	19_in-lightset.xtbl	19_in-lightset.xtbl	sh01	      </Light>      <Light>       <Name>sh01_viola_door_rim</Name>       <Type>circu
misc_tables.vpp_pc	19_in-lightset.xtbl	19_in-lightset.xtbl	sh02	      </Light>      <Light>       <Name>sh02_pc_door_rim</Name>       <Type>circular
misc_tables.vpp_pc	19_in-lightset.xtbl	19_in-lightset.xtbl	sh02	      </Light>      <Light>       <Name>sh02_pc_neg</Name>       <Type>circular spot
misc_tables.vpp_pc	19_in-lightset.xtbl	19_in-lightset.xtbl	sh02	      </Light>      <Light>       <Name>sh02_viola_key</Name>       <Type>circular s
misc_tables.vpp_pc	19_in-lightset.xtbl	19_in-lightset.xtbl	sh02	      </Light>      <Light>       <Name>sh02_viola_rim</Name>       <Type>circular s
misc_tables.vpp_pc	21_in-lightset.xtbl	21_in-lightset.xtbl	m01	     <Light>       <Name>08_Character_Rim01</Name>       <Type>circular spotlight</
misc_tables.vpp_pc	21_in-lightset.xtbl	21_in-lightset.xtbl	m01	t>      <Light>       <Name>09_Player_Rim01</Name>       <Type>circular spotlight</
misc_tables.vpp_pc	21_in-lightset.xtbl	21_in-lightset.xtbl	m01	ht>      <Light>       <Name>16_Angel_Rim01</Name>       <Type>circular spotlight</
misc_tables.vpp_pc	21_in-lightset.xtbl	21_in-lightset.xtbl	m01	      <Light>       <Name>19_Killbane_Rim01</Name>       <Type>circular spotlight</
misc_tables.vpp_pc	21_in-lightset.xtbl	21_in-lightset.xtbl	m02	ht>      <Light>       <Name>18_Angel_Rim02</Name>       <Type>circular spotlight</
misc_tables.vpp_pc	21_out-lightset.xtbl	21_out-lightset.xtbl	m01	ht>      <Light>       <Name>03_Angel_Rim01</Name>       <Type>circular spotlight</
misc_tables.vpp_pc	21_out-lightset.xtbl	21_out-lightset.xtbl	m01	 </Light>      <Light>       <Name>12_Rim01</Name>       <Type>circular spotlight</
misc_tables.vpp_pc	23_out-lightset.xtbl	23_out-lightset.xtbl	m01	     <Light>       <Name>17_Character_Rim01</Name>       <Type>circular spotlight</
misc_tables.vpp_pc	ms_sh01-lightset.xtbl	ms_sh01-lightset.xtbl	m01	>      <Light>       <Name>SH03_BGBlueRim01</Name>       <Type>circular spotlight</
misc_tables.vpp_pc	ms_sh01-lightset.xtbl	ms_sh01-lightset.xtbl	m01	    <Light>       <Name>Sh01_ChaYellowRim01</Name>       <Type>circular spotlight</
misc_tables.vpp_pc	ms_sh01-lightset.xtbl	ms_sh01-lightset.xtbl	m01	ight>      <Light>       <Name>Sh02_BGRim01</Name>       <Type>circular spotlight</
misc_tables.vpp_pc	ms_sh01-lightset.xtbl	ms_sh01-lightset.xtbl	m01	ight>      <Light>       <Name>Sh02_PCRim01</Name>       <Type>circular spotlight</
misc_tables.vpp_pc	ms_sh01-lightset.xtbl	ms_sh01-lightset.xtbl	m01	>      <Light>       <Name>Sh02_PillarRim01</Name>       <Type>circular spotlight</
misc_tables.vpp_pc	ms_sh01-lightset.xtbl	ms_sh01-lightset.xtbl	m01	      <Light>       <Name>Sh03_ChaBlueRim01</Name>       <Type>circular spotlight</
misc_tables.vpp_pc	ms_sh01-lightset.xtbl	ms_sh01-lightset.xtbl	m01	ght>      <Light>       <Name>Sh04_ChaRim01</Name>       <Type>circular spotlight</
misc_tables.vpp_pc	ms_sh01-lightset.xtbl	ms_sh01-lightset.xtbl	m01	ight>      <Light>       <Name>Sh04_PCRim01</Name>       <Type>circular spotlight</
misc_tables.vpp_pc	ms_sh01-lightset.xtbl	ms_sh01-lightset.xtbl	m01	ght>      <Light>       <Name>Sh04_ShnRim01</Name>       <Type>circular spotlight</
misc_tables.vpp_pc	ms_sh01-lightset.xtbl	ms_sh01-lightset.xtbl	m01	ght>      <Light>       <Name>Sh07_ChaRim01</Name>       <Type>circular spotlight</
misc_tables.vpp_pc	ms_sh01-lightset.xtbl	ms_sh01-lightset.xtbl	m01	ight>      <Light>       <Name>Sh07_PCRim01</Name>       <Type>circular spotlight</
misc_tables.vpp_pc	ms_sh01-lightset.xtbl	ms_sh01-lightset.xtbl	m02	ight>      <Light>       <Name>SH07_PCRim02</Name>       <Type>circular spotlight</
misc_tables.vpp_pc	ms_sh01-lightset.xtbl	ms_sh01-lightset.xtbl	m02	ight>      <Light>       <Name>Sh02_PCRim02</Name>       <Type>circular spotlight</
misc_tables.vpp_pc	ms_sh01-lightset.xtbl	ms_sh01-lightset.xtbl	sh02	      </Light>      <Light>       <Name>sh02_PCNeg02</Name>       <Type>circular spo
misc_tables.vpp_pc	ms_sh02-lightset.xtbl	ms_sh02-lightset.xtbl	m01	     <Light>       <Name>S02_zimos_pc_rim01</Name>       <Type>circular spotlight</
misc_tables.vpp_pc	ms_sh02-lightset.xtbl	ms_sh02-lightset.xtbl	m01	     <Light>       <Name>S09_pc_zimos_rim01</Name>       <Type>circular spotlight</
misc_tables.vpp_pc	ms_sh02-lightset.xtbl	ms_sh02-lightset.xtbl	m01	     <Light>       <Name>S09_pc_zimos_rim01_face</Name>       <Type>circular spotli
misc_tables.vpp_pc	ms_sh02-lightset.xtbl	ms_sh02-lightset.xtbl	m01	   <Light>       <Name>XXS07_pc_zimos_rim01</Name>       <Type>circular spotlight</
misc_tables.vpp_pc	ms_sh02-lightset.xtbl	ms_sh02-lightset.xtbl	m02	ight>      <Light>       <Name>S09_pc_rim02</Name>       <Type>circular spotlight</
misc_tables.vpp_pc	horde_mode.xtbl	horde_mode.xtbl	m02	e>      <Point_Value>       <Name>npc_bum02_fw</Name>       <Value>100</Value>     
misc_tables.vpp_pc	horde_mode.xtbl	horde_mode.xtbl	m03	e>      <Point_Value>       <Name>npc_bum03_mb</Name>       <Value>100</Value>     
misc_tables.vpp_pc	horde_mode.xtbl	horde_mode.xtbl	m04	e>      <Point_Value>       <Name>npc_bum04_fb</Name>       <Value>100</Value>     
misc_tables.vpp_pc	vi_ride.xtbl	vi_ride.xtbl	m06	ion_Grid>     <Element>      <Animation>m06 player aim a</Animation>      <Paramete
misc_tables.vpp_pc	vi_ride.xtbl	vi_ride.xtbl	m06	ion_Grid>     <Element>      <Animation>m06 coop aim a</Animation>      <Parameter1
misc_tables.vpp_pc	vfx.xtbl	vfx.xtbl	m02	ect>   <Effect>    <Name>GP_BarrellFire_m02</Name>    <VFX>     <Filename>VFX_Barre
misc_tables.vpp_pc	vfx.xtbl	vfx.xtbl	m02	    <VFX>     <Filename>VFX_BarrellFire_m02.effectx</Filename>     </VFX>    <Strea
misc_tables.vpp_pc	vfx.xtbl	vfx.xtbl	m02	ffect>   <Effect>    <Name>Fire_Sticky_Sm02</Name>    <VFX>     <Filename>VFX_Stick
misc_tables.vpp_pc	vfx.xtbl	vfx.xtbl	m06	llDust</Name>    <VFX>     <Filename>gp_m06_BallDust.effectx</Filename>     </VFX> 
misc_tables.vpp_pc	vfx.xtbl	vfx.xtbl	m06	or>    </Effect>   <Effect>    <Name>gp_m06_DustPlumes</Name>    <VFX>     <Filenam
misc_tables.vpp_pc	vfx.xtbl	vfx.xtbl	m06	Plumes</Name>    <VFX>     <Filename>gp_m06_DustPlumes.effectx</Filename>     </VFX
misc_tables.vpp_pc	vfx.xtbl	vfx.xtbl	sh01	  </Effect>   <Effect>    <Name>wtr_splash01</Name>    <VFX>     <Filename>wtr_splas
misc_tables.vpp_pc	vfx.xtbl	vfx.xtbl	sh01	1</Name>    <VFX>     <Filename>wtr_splash01.effectx</Filename>     </VFX>    <Strea
misc_tables.vpp_pc	vfx.xtbl	vfx.xtbl	sh02	   </Effect>   <Effect>    <Name>car_crash02</Name>    <VFX>     <Filename>fx_carcra
misc_tables.vpp_pc	vfx.xtbl	vfx.xtbl	sh03	   </Effect>   <Effect>    <Name>car_crash03</Name>    <VFX>     <Filename>fx_carcra
misc_tables.vpp_pc	_a_dt_dt_03.xtbl	_a_dt_dt_03.xtbl	m05	pawn>        <Buyer_Type>npc_ped_youngfem05_fw</Buyer_Type>        <Offroad_Start>o
misc_tables.vpp_pc	_a_dt_ne_01.xtbl	_a_dt_ne_01.xtbl	m05	pawn>        <Buyer_Type>npc_ped_youngfem05_fw</Buyer_Type>        </Deal>       <D
misc_tables.vpp_pc	_a_rm_dt_01.xtbl	_a_rm_dt_01.xtbl	m01	Targets</Timer>        <Trigger_Name>Room01_trigger</Trigger_Name>        </Target>
misc_tables.vpp_pc	_a_rm_dt_01.xtbl	_a_rm_dt_01.xtbl	m01	t</Target_Type>        <Trigger_Name>Room01_triggerA</Trigger_Name>        <Timer>T
misc_tables.vpp_pc	_a_rm_dt_01.xtbl	_a_rm_dt_01.xtbl	m01	t</Target_Type>        <Trigger_Name>Room01_triggerB</Trigger_Name>        <Timer>T
misc_tables.vpp_pc	_a_rm_dt_02.xtbl	_a_rm_dt_02.xtbl	m01	>Pop-up</Timer>        <Trigger_Name>Room01 trigger 02</Trigger_Name>        </Targ
misc_tables.vpp_pc	_a_rm_dt_02.xtbl	_a_rm_dt_02.xtbl	m01	>Pop-up</Timer>        <Trigger_Name>Room01 trigger 02</Trigger_Name>        </Targ
misc_tables.vpp_pc	_a_rm_dt_02.xtbl	_a_rm_dt_02.xtbl	m01	>Pop-up</Timer>        <Trigger_Name>Room01 trigger 04</Trigger_Name>        </Targ
misc_tables.vpp_pc	_a_rm_dt_02.xtbl	_a_rm_dt_02.xtbl	m01	t</Target_Type>        <Trigger_Name>Room01 trigger 01a</Trigger_Name>        <Time
misc_tables.vpp_pc	_a_rm_dt_02.xtbl	_a_rm_dt_02.xtbl	m01	>Pop-up</Timer>        <Trigger_Name>Room01 trigger 03</Trigger_Name>        </Targ
misc_tables.vpp_pc	_a_rm_dt_02.xtbl	_a_rm_dt_02.xtbl	m01	>Pop-up</Timer>        <Trigger_Name>Room01 trigger 03</Trigger_Name>        </Targ
misc_tables.vpp_pc	_a_rm_dt_02.xtbl	_a_rm_dt_02.xtbl	m02	>Pop-up</Timer>        <Trigger_Name>Room02_trigger 01</Trigger_Name>        </Targ
misc_tables.vpp_pc	_a_rm_dt_02.xtbl	_a_rm_dt_02.xtbl	m02	t</Target_Type>        <Trigger_Name>Room02_trigger 02</Trigger_Name>        <Timer
misc_tables.vpp_pc	_a_rm_dt_02.xtbl	_a_rm_dt_02.xtbl	m02	t</Target_Type>        <Trigger_Name>Room02_trigger 03</Trigger_Name>        <Timer
misc_tables.vpp_pc	_a_rm_dt_02.xtbl	_a_rm_dt_02.xtbl	m02	>Pop-up</Timer>        <Trigger_Name>Room02_trigger 02</Trigger_Name>        </Targ
misc_tables.vpp_pc	_a_rm_dt_02.xtbl	_a_rm_dt_02.xtbl	m02	t</Target_Type>        <Trigger_Name>Room02_trigger 04</Trigger_Name>        <Timer
misc_tables.vpp_pc	_a_rm_dt_02.xtbl	_a_rm_dt_02.xtbl	m02	t</Target_Type>        <Trigger_Name>Room02_trigger 05</Trigger_Name>        <Timer
misc_tables.vpp_pc	_a_rm_dt_02.xtbl	_a_rm_dt_02.xtbl	m02	t</Target_Type>        <Trigger_Name>Room02_trigger 04</Trigger_Name>        <Timer
misc_tables.vpp_pc	_a_rm_dt_02.xtbl	_a_rm_dt_02.xtbl	m03	t</Target_Type>        <Trigger_Name>Room03_trigger 02</Trigger_Name>        <Timer
misc_tables.vpp_pc	_a_rm_dt_02.xtbl	_a_rm_dt_02.xtbl	m03	t</Target_Type>        <Trigger_Name>Room03_trigger 03</Trigger_Name>        <Timer
misc_tables.vpp_pc	_a_rm_dt_03.xtbl	_a_rm_dt_03.xtbl	m01	 <Fire_Trap>          <Damage_Region>Room01_T01</Damage_Region>          <Script_Na
misc_tables.vpp_pc	_a_rm_dt_03.xtbl	_a_rm_dt_03.xtbl	m02	rget_Type>        <Trigger_Name>Last_room02</Trigger_Name>        <Timer>PopUp</Tim
misc_tables.vpp_pc	_a_rm_dt_03.xtbl	_a_rm_dt_03.xtbl	m02	rget_Type>        <Trigger_Name>Last_room02</Trigger_Name>        <Timer>PopUp</Tim
misc_tables.vpp_pc	_a_rm_dt_03.xtbl	_a_rm_dt_03.xtbl	m02	rget_Type>        <Trigger_Name>Last_room02</Trigger_Name>        <Timer>PopUp</Tim
misc_tables.vpp_pc	_a_rm_dt_03.xtbl	_a_rm_dt_03.xtbl	m03	t</Target_Type>        <Trigger_Name>Room03R</Trigger_Name>        <Timer>PopUp</Ti
misc_tables.vpp_pc	_a_rm_dt_03.xtbl	_a_rm_dt_03.xtbl	m06	t</Target_Type>        <Trigger_Name>Room06a</Trigger_Name>        <Timer>PopUp</Ti
misc_tables.vpp_pc	_a_rm_dt_03.xtbl	_a_rm_dt_03.xtbl	m06	t</Target_Type>        <Trigger_Name>Room06</Trigger_Name>        <Timer>PopUp</Tim
misc_tables.vpp_pc	_a_rm_dt_03.xtbl	_a_rm_dt_03.xtbl	m06	t</Target_Type>        <Trigger_Name>Room06</Trigger_Name>        <Timer>PopUp</Tim
misc_tables.vpp_pc	_a_rm_dt_03.xtbl	_a_rm_dt_03.xtbl	m06	t</Target_Type>        <Trigger_Name>Room06_hall</Trigger_Name>        <Timer>PopUp
misc_tables.vpp_pc	_a_rm_dt_03.xtbl	_a_rm_dt_03.xtbl	m06	t</Target_Type>        <Trigger_Name>Room06</Trigger_Name>        <Timer>PopUp</Tim
misc_tables.vpp_pc	_a_rm_sw_01.xtbl	_a_rm_sw_01.xtbl	m01	ectric_Trap>          <Damage_Region>Room01_E01</Damage_Region>          <Script_Na
misc_tables.vpp_pc	_a_rm_sw_01.xtbl	_a_rm_sw_01.xtbl	m01	ectric_Trap>          <Damage_Region>Room01_E02</Damage_Region>          <Script_Na
misc_tables.vpp_pc	_a_rm_sw_01.xtbl	_a_rm_sw_01.xtbl	m01	ectric_Trap>          <Damage_Region>Room01_E03</Damage_Region>          <Script_Na
misc_tables.vpp_pc	_a_rm_sw_01.xtbl	_a_rm_sw_01.xtbl	m02	t</Target_Type>        <Trigger_Name>Room02_target02</Trigger_Name>        <Timer>P
misc_tables.vpp_pc	_a_rm_sw_01.xtbl	_a_rm_sw_01.xtbl	m02	t</Target_Type>        <Trigger_Name>Room02_target02</Trigger_Name>        <Timer>P
misc_tables.vpp_pc	_a_rm_sw_01.xtbl	_a_rm_sw_01.xtbl	m02	t</Target_Type>        <Trigger_Name>Room02_target01</Trigger_Name>        <Timer>P
misc_tables.vpp_pc	_a_rm_sw_01.xtbl	_a_rm_sw_01.xtbl	m02	t</Target_Type>        <Trigger_Name>Room02_target01</Trigger_Name>        <Timer>P
misc_tables.vpp_pc	_a_rm_sw_01.xtbl	_a_rm_sw_01.xtbl	m02	t</Target_Type>        <Trigger_Name>Room02_target01</Trigger_Name>        <Timer>P
misc_tables.vpp_pc	_a_rm_sw_01.xtbl	_a_rm_sw_01.xtbl	m02	t</Target_Type>        <Trigger_Name>Room02_target01</Trigger_Name>        <Timer>P
misc_tables.vpp_pc	_a_tb_nw_01.xtbl	_a_tb_nw_01.xtbl	m16	l_Scale>       <Refract_Situation>cyber_m16</Refract_Situation>       </Screen_Effe
misc_tables.vpp_pc	_a_tb_nw_02.xtbl	_a_tb_nw_02.xtbl	m16	l_Scale>       <Refract_Situation>cyber_m16</Refract_Situation>       </Screen_Effe
misc_tables.vpp_pc	_a_tb_nw_03.xtbl	_a_tb_nw_03.xtbl	m16	l_Scale>       <Refract_Situation>cyber_m16</Refract_Situation>       </Screen_Effe
misc_tables.vpp_pc	sr3_city_challenges.xtbl	sr3_city_challenges.xtbl	m03	  <Unlock_Requirement>     <Unlock_Name>m03</Unlock_Name>     </Unlock_Requirement>
misc_tables.vpp_pc	sr3_city_challenges.xtbl	sr3_city_challenges.xtbl	m03	  <Unlock_Requirement>     <Unlock_Name>m03</Unlock_Name>     </Unlock_Requirement>
misc_tables.vpp_pc	sr3_city_challenges.xtbl	sr3_city_challenges.xtbl	m03	  <Unlock_Requirement>     <Unlock_Name>m03</Unlock_Name>     </Unlock_Requirement>
misc_tables.vpp_pc	sr3_city_challenges.xtbl	sr3_city_challenges.xtbl	m03	  <Unlock_Requirement>     <Unlock_Name>m03</Unlock_Name>     </Unlock_Requirement>
misc_tables.vpp_pc	sr3_city_challenges.xtbl	sr3_city_challenges.xtbl	m03	  <Unlock_Requirement>     <Unlock_Name>m03</Unlock_Name>     </Unlock_Requirement>
misc_tables.vpp_pc	sr3_city_challenges.xtbl	sr3_city_challenges.xtbl	m03	  <Unlock_Requirement>     <Unlock_Name>m03</Unlock_Name>     </Unlock_Requirement>
misc_tables.vpp_pc	sr3_city_challenges.xtbl	sr3_city_challenges.xtbl	m03	  <Unlock_Requirement>     <Unlock_Name>m03</Unlock_Name>     </Unlock_Requirement>
misc_tables.vpp_pc	sr3_city_challenges.xtbl	sr3_city_challenges.xtbl	m03	  <Unlock_Requirement>     <Unlock_Name>m03</Unlock_Name>     </Unlock_Requirement>
misc_tables.vpp_pc	sr3_city_challenges.xtbl	sr3_city_challenges.xtbl	m03	  <Unlock_Requirement>     <Unlock_Name>m03</Unlock_Name>     </Unlock_Requirement>
misc_tables.vpp_pc	sr3_city_challenges.xtbl	sr3_city_challenges.xtbl	m03	  <Unlock_Requirement>     <Unlock_Name>m03</Unlock_Name>     </Unlock_Requirement>
misc_tables.vpp_pc	sr3_city_challenges.xtbl	sr3_city_challenges.xtbl	m03	  <Unlock_Requirement>     <Unlock_Name>m03</Unlock_Name>     </Unlock_Requirement>
misc_tables.vpp_pc	sr3_city_challenges.xtbl	sr3_city_challenges.xtbl	m03	  <Unlock_Requirement>     <Unlock_Name>m03</Unlock_Name>     </Unlock_Requirement>
misc_tables.vpp_pc	sr3_city_challenges.xtbl	sr3_city_challenges.xtbl	m03	  <Unlock_Requirement>     <Unlock_Name>m03</Unlock_Name>     </Unlock_Requirement>
misc_tables.vpp_pc	sr3_city_challenges.xtbl	sr3_city_challenges.xtbl	m03	  <Unlock_Requirement>     <Unlock_Name>m03</Unlock_Name>     </Unlock_Requirement>
misc_tables.vpp_pc	sr3_city_challenges.xtbl	sr3_city_challenges.xtbl	m03	  <Unlock_Requirement>     <Unlock_Name>m03</Unlock_Name>     </Unlock_Requirement>
misc_tables.vpp_pc	sr3_city_challenges.xtbl	sr3_city_challenges.xtbl	m03	  <Unlock_Requirement>     <Unlock_Name>m03</Unlock_Name>     </Unlock_Requirement>
misc_tables.vpp_pc	sr3_city_challenges.xtbl	sr3_city_challenges.xtbl	m03	  <Unlock_Requirement>     <Unlock_Name>m03</Unlock_Name>     </Unlock_Requirement>
misc_tables.vpp_pc	sr3_city_challenges.xtbl	sr3_city_challenges.xtbl	m03	  <Unlock_Requirement>     <Unlock_Name>m03</Unlock_Name>     </Unlock_Requirement>
misc_tables.vpp_pc	sr3_city_challenges.xtbl	sr3_city_challenges.xtbl	m03	  <Unlock_Requirement>     <Unlock_Name>m03</Unlock_Name>     </Unlock_Requirement>
misc_tables.vpp_pc	sr3_city_challenges.xtbl	sr3_city_challenges.xtbl	m03	  <Unlock_Requirement>     <Unlock_Name>m03</Unlock_Name>     </Unlock_Requirement>
misc_tables.vpp_pc	sr3_city_challenges.xtbl	sr3_city_challenges.xtbl	m03	  <Unlock_Requirement>     <Unlock_Name>m03</Unlock_Name>     </Unlock_Requirement>
misc_tables.vpp_pc	sr3_city_challenges.xtbl	sr3_city_challenges.xtbl	m03	  <Unlock_Requirement>     <Unlock_Name>m03</Unlock_Name>     </Unlock_Requirement>
misc_tables.vpp_pc	sr3_city_challenges.xtbl	sr3_city_challenges.xtbl	m03	  <Unlock_Requirement>     <Unlock_Name>m03</Unlock_Name>     </Unlock_Requirement>
misc_tables.vpp_pc	sr3_city_challenges.xtbl	sr3_city_challenges.xtbl	m03	  <Unlock_Requirement>     <Unlock_Name>m03</Unlock_Name>     </Unlock_Requirement>
misc_tables.vpp_pc	sr3_city_challenges.xtbl	sr3_city_challenges.xtbl	m03	  <Unlock_Requirement>     <Unlock_Name>m03</Unlock_Name>     </Unlock_Requirement>
misc_tables.vpp_pc	sr3_city_challenges.xtbl	sr3_city_challenges.xtbl	m03	  <Unlock_Requirement>     <Unlock_Name>m03</Unlock_Name>     </Unlock_Requirement>
misc_tables.vpp_pc	sr3_city_challenges.xtbl	sr3_city_challenges.xtbl	m03	  <Unlock_Requirement>     <Unlock_Name>m03</Unlock_Name>     </Unlock_Requirement>
misc_tables.vpp_pc	sr3_city_challenges.xtbl	sr3_city_challenges.xtbl	m03	  <Unlock_Requirement>     <Unlock_Name>m03</Unlock_Name>     </Unlock_Requirement>
misc_tables.vpp_pc	sr3_city_challenges.xtbl	sr3_city_challenges.xtbl	m03	  <Unlock_Requirement>     <Unlock_Name>m03</Unlock_Name>     </Unlock_Requirement>
misc_tables.vpp_pc	sr3_city_challenges.xtbl	sr3_city_challenges.xtbl	m03	  <Unlock_Requirement>     <Unlock_Name>m03</Unlock_Name>     </Unlock_Requirement>
misc_tables.vpp_pc	sr3_city_challenges.xtbl	sr3_city_challenges.xtbl	m06	  <Unlock_Requirement>     <Unlock_Name>m06</Unlock_Name>     </Unlock_Requirement>
misc_tables.vpp_pc	sr3_city_challenges.xtbl	sr3_city_challenges.xtbl	m06	  <Unlock_Requirement>     <Unlock_Name>m06</Unlock_Name>     </Unlock_Requirement>
misc_tables.vpp_pc	sr3_city_challenges.xtbl	sr3_city_challenges.xtbl	m06	  <Unlock_Requirement>     <Unlock_Name>m06</Unlock_Name>     </Unlock_Requirement>
misc_tables.vpp_pc	sr3_city_challenges.xtbl	sr3_city_challenges.xtbl	m06	  <Unlock_Requirement>     <Unlock_Name>m06</Unlock_Name>     </Unlock_Requirement>
misc_tables.vpp_pc	sr3_city_challenges.xtbl	sr3_city_challenges.xtbl	m06	  <Unlock_Requirement>     <Unlock_Name>m06</Unlock_Name>     </Unlock_Requirement>
misc_tables.vpp_pc	sr3_city_challenges.xtbl	sr3_city_challenges.xtbl	m06	  <Unlock_Requirement>     <Unlock_Name>m06</Unlock_Name>     </Unlock_Requirement>
misc_tables.vpp_pc	sr3_city_challenges.xtbl	sr3_city_challenges.xtbl	m06	  <Unlock_Requirement>     <Unlock_Name>m06</Unlock_Name>     </Unlock_Requirement>
misc_tables.vpp_pc	sr3_city_challenges.xtbl	sr3_city_challenges.xtbl	m06	  <Unlock_Requirement>     <Unlock_Name>m06</Unlock_Name>     </Unlock_Requirement>
misc_tables.vpp_pc	sr3_city_challenges.xtbl	sr3_city_challenges.xtbl	m06	  <Unlock_Requirement>     <Unlock_Name>m06</Unlock_Name>     </Unlock_Requirement>
misc_tables.vpp_pc	sr3_city_challenges.xtbl	sr3_city_challenges.xtbl	m07	  <Unlock_Requirement>     <Unlock_Name>m07</Unlock_Name>     </Unlock_Requirement>
misc_tables.vpp_pc	sr3_city_challenges.xtbl	sr3_city_challenges.xtbl	m07	  <Unlock_Requirement>     <Unlock_Name>m07</Unlock_Name>     </Unlock_Requirement>
misc_tables.vpp_pc	sr3_city_challenges.xtbl	sr3_city_challenges.xtbl	m07	  <Unlock_Requirement>     <Unlock_Name>m07</Unlock_Name>     </Unlock_Requirement>
misc_tables.vpp_pc	sr3_city_challenges.xtbl	sr3_city_challenges.xtbl	m07	  <Unlock_Requirement>     <Unlock_Name>m07</Unlock_Name>     </Unlock_Requirement>
misc_tables.vpp_pc	sr3_city_challenges.xtbl	sr3_city_challenges.xtbl	m07	  <Unlock_Requirement>     <Unlock_Name>m07</Unlock_Name>     </Unlock_Requirement>
misc_tables.vpp_pc	sr3_city_challenges.xtbl	sr3_city_challenges.xtbl	m07	  <Unlock_Requirement>     <Unlock_Name>m07</Unlock_Name>     </Unlock_Requirement>
misc_tables.vpp_pc	sr3_city_challenges.xtbl	sr3_city_challenges.xtbl	m07	  <Unlock_Requirement>     <Unlock_Name>m07</Unlock_Name>     </Unlock_Requirement>
misc_tables.vpp_pc	sr3_city_challenges.xtbl	sr3_city_challenges.xtbl	m07	  <Unlock_Requirement>     <Unlock_Name>m07</Unlock_Name>     </Unlock_Requirement>
misc_tables.vpp_pc	sr3_city_challenges.xtbl	sr3_city_challenges.xtbl	m07	  <Unlock_Requirement>     <Unlock_Name>m07</Unlock_Name>     </Unlock_Requirement>
misc_tables.vpp_pc	sr3_city_challenges.xtbl	sr3_city_challenges.xtbl	m07	  <Unlock_Requirement>     <Unlock_Name>m07</Unlock_Name>     </Unlock_Requirement>
misc_tables.vpp_pc	sr3_city_challenges.xtbl	sr3_city_challenges.xtbl	m07	  <Unlock_Requirement>     <Unlock_Name>m07</Unlock_Name>     </Unlock_Requirement>
misc_tables.vpp_pc	sr3_city_challenges.xtbl	sr3_city_challenges.xtbl	m07	  <Unlock_Requirement>     <Unlock_Name>m07</Unlock_Name>     </Unlock_Requirement>
misc_tables.vpp_pc	sr3_city_challenges.xtbl	sr3_city_challenges.xtbl	m07	  <Unlock_Requirement>     <Unlock_Name>m07</Unlock_Name>     </Unlock_Requirement>
misc_tables.vpp_pc	sr3_city_challenges.xtbl	sr3_city_challenges.xtbl	m07	  <Unlock_Requirement>     <Unlock_Name>m07</Unlock_Name>     </Unlock_Requirement>
misc_tables.vpp_pc	sr3_city_challenges.xtbl	sr3_city_challenges.xtbl	m07	  <Unlock_Requirement>     <Unlock_Name>m07</Unlock_Name>     </Unlock_Requirement>
misc_tables.vpp_pc	sr3_city_challenges.xtbl	sr3_city_challenges.xtbl	m07	  <Unlock_Requirement>     <Unlock_Name>m07</Unlock_Name>     </Unlock_Requirement>
misc_tables.vpp_pc	sr3_city_challenges.xtbl	sr3_city_challenges.xtbl	m10	  <Unlock_Requirement>     <Unlock_Name>m10</Unlock_Name>     </Unlock_Requirement>
misc_tables.vpp_pc	sr3_city_challenges.xtbl	sr3_city_challenges.xtbl	m10	  <Unlock_Requirement>     <Unlock_Name>m10</Unlock_Name>     </Unlock_Requirement>
misc_tables.vpp_pc	sr3_city_challenges.xtbl	sr3_city_challenges.xtbl	m10	  <Unlock_Requirement>     <Unlock_Name>m10</Unlock_Name>     </Unlock_Requirement>
misc_tables.vpp_pc	sr3_city_challenges.xtbl	sr3_city_challenges.xtbl	m10	  <Unlock_Requirement>     <Unlock_Name>m10</Unlock_Name>     </Unlock_Requirement>
misc_tables.vpp_pc	sr3_city_chop_shop.xtbl	sr3_city_chop_shop.xtbl	m03	ter</Contact>       <Unlock_Requirement>m03</Unlock_Requirement>       </Shop_Info>
misc_tables.vpp_pc	sr3_city_chop_shop.xtbl	sr3_city_chop_shop.xtbl	m03	Dae</Contact>       <Unlock_Requirement>m03</Unlock_Requirement>       </Shop_Info>
misc_tables.vpp_pc	sr3_city_chop_shop.xtbl	sr3_city_chop_shop.xtbl	m03	ves</Contact>       <Unlock_Requirement>m03</Unlock_Requirement>       </Shop_Info>
misc_tables.vpp_pc	sr3_city_chop_shop.xtbl	sr3_city_chop_shop.xtbl	m03	igg</Contact>       <Unlock_Requirement>m03</Unlock_Requirement>       </Shop_Info>
misc_tables.vpp_pc	sr3_city_chop_shop.xtbl	sr3_city_chop_shop.xtbl	m10	nes</Contact>       <Unlock_Requirement>m10</Unlock_Requirement>       </Shop_Info>
misc_tables.vpp_pc	sr3_city_hitman.xtbl	sr3_city_hitman.xtbl	m03	y>         <Gameplay_Unlock_Requirement>m03</Gameplay_Unlock_Requirement>         <
misc_tables.vpp_pc	sr3_city_hitman.xtbl	sr3_city_hitman.xtbl	m03	y>         <Gameplay_Unlock_Requirement>m03</Gameplay_Unlock_Requirement>         <
misc_tables.vpp_pc	sr3_city_hitman.xtbl	sr3_city_hitman.xtbl	m03	l>         <Gameplay_Unlock_Requirement>m03</Gameplay_Unlock_Requirement>         <
misc_tables.vpp_pc	sr3_city_hitman.xtbl	sr3_city_hitman.xtbl	m03	l>         <Gameplay_Unlock_Requirement>m03</Gameplay_Unlock_Requirement>         <
misc_tables.vpp_pc	sr3_city_hitman.xtbl	sr3_city_hitman.xtbl	m05	k>         <Gameplay_Unlock_Requirement>m05</Gameplay_Unlock_Requirement>         <
misc_tables.vpp_pc	sr3_city_hitman.xtbl	sr3_city_hitman.xtbl	m07	e>         <Gameplay_Unlock_Requirement>m07</Gameplay_Unlock_Requirement>         <
misc_tables.vpp_pc	sr3_city_hitman.xtbl	sr3_city_hitman.xtbl	m07	e>         <Gameplay_Unlock_Requirement>m07</Gameplay_Unlock_Requirement>         <
misc_tables.vpp_pc	sr3_city_hitman.xtbl	sr3_city_hitman.xtbl	m07	e>         <Gameplay_Unlock_Requirement>m07</Gameplay_Unlock_Requirement>         <
misc_tables.vpp_pc	sr3_city_hitman.xtbl	sr3_city_hitman.xtbl	m07	t>         <Gameplay_Unlock_Requirement>m07</Gameplay_Unlock_Requirement>         <
misc_tables.vpp_pc	sr3_city_hitman.xtbl	sr3_city_hitman.xtbl	m07	t>         <Gameplay_Unlock_Requirement>m07</Gameplay_Unlock_Requirement>         <
misc_tables.vpp_pc	sr3_city_hitman.xtbl	sr3_city_hitman.xtbl	m07	t>         <Gameplay_Unlock_Requirement>m07</Gameplay_Unlock_Requirement>         <
misc_tables.vpp_pc	sr3_city_hitman.xtbl	sr3_city_hitman.xtbl	m07	t>         <Gameplay_Unlock_Requirement>m07</Gameplay_Unlock_Requirement>         <
misc_tables.vpp_pc	sr3_city_hitman.xtbl	sr3_city_hitman.xtbl	m07	t>         <Gameplay_Unlock_Requirement>m07</Gameplay_Unlock_Requirement>         <
misc_tables.vpp_pc	sr3_city_hitman.xtbl	sr3_city_hitman.xtbl	m07	t>         <Gameplay_Unlock_Requirement>m07</Gameplay_Unlock_Requirement>         <
misc_tables.vpp_pc	sr3_city_hitman.xtbl	sr3_city_hitman.xtbl	m10	y>         <Gameplay_Unlock_Requirement>m10</Gameplay_Unlock_Requirement>         <
misc_tables.vpp_pc	sr3_city_hitman.xtbl	sr3_city_hitman.xtbl	m10	k>         <Gameplay_Unlock_Requirement>m10</Gameplay_Unlock_Requirement>         <
misc_tables.vpp_pc	sr3_city_hitman.xtbl	sr3_city_hitman.xtbl	m17	_Level>         <Gameplay_Forced_Unlock>m17</Gameplay_Forced_Unlock>         <Can_S
misc_tables.vpp_pc	sr3_city_hitman.xtbl	sr3_city_hitman.xtbl	m19	e>         <Gameplay_Unlock_Requirement>m19</Gameplay_Unlock_Requirement>         <
misc_tables.vpp_pc	sr3_city_hitman.xtbl	sr3_city_hitman.xtbl	m19	e>         <Gameplay_Unlock_Requirement>m19</Gameplay_Unlock_Requirement>         <
misc_tables.vpp_pc	sr3_city_hitman.xtbl	sr3_city_hitman.xtbl	m22	rement>         <Gameplay_Forced_Unlock>m22</Gameplay_Forced_Unlock>         </Targ
misc_tables.vpp_pc	sr3_city_hitman.xtbl	sr3_city_hitman.xtbl	m22	rement>         <Gameplay_Forced_Unlock>m22</Gameplay_Forced_Unlock>         </Targ
misc_tables.vpp_pc	sr3_city_hitman.xtbl	sr3_city_hitman.xtbl	m22	_Delay>         <Gameplay_Forced_Unlock>m22</Gameplay_Forced_Unlock>         </Targ
misc_tables.vpp_pc	sr3_city_hitman.xtbl	sr3_city_hitman.xtbl	m22	_Delay>         <Gameplay_Forced_Unlock>m22</Gameplay_Forced_Unlock>         </Targ
misc_tables.vpp_pc	sr3_city_hitman.xtbl	sr3_city_hitman.xtbl	m22	_Delay>         <Gameplay_Forced_Unlock>m22</Gameplay_Forced_Unlock>         </Targ
misc_tables.vpp_pc	sr3_city_hitman.xtbl	sr3_city_hitman.xtbl	m22	_Delay>         <Gameplay_Forced_Unlock>m22</Gameplay_Forced_Unlock>         </Targ
misc_tables.vpp_pc	sr3_city_hitman.xtbl	sr3_city_hitman.xtbl	m22	_Delay>         <Gameplay_Forced_Unlock>m22</Gameplay_Forced_Unlock>         </Targ
misc_tables.vpp_pc	sr3_city_hitman.xtbl	sr3_city_hitman.xtbl	m22	_Delay>         <Gameplay_Forced_Unlock>m22</Gameplay_Forced_Unlock>         </Targ
misc_tables.vpp_pc	sr3_city_hitman.xtbl	sr3_city_hitman.xtbl	m22	_Delay>         <Gameplay_Forced_Unlock>m22</Gameplay_Forced_Unlock>         </Targ
misc_tables.vpp_pc	sr3_city_hitman.xtbl	sr3_city_hitman.xtbl	m22	_Delay>         <Gameplay_Forced_Unlock>m22</Gameplay_Forced_Unlock>         </Targ
misc_tables.vpp_pc	sr3_city_hitman.xtbl	sr3_city_hitman.xtbl	m22	_Delay>         <Gameplay_Forced_Unlock>m22</Gameplay_Forced_Unlock>         </Targ
misc_tables.vpp_pc	sr3_city_hitman.xtbl	sr3_city_hitman.xtbl	m22	_Delay>         <Gameplay_Forced_Unlock>m22</Gameplay_Forced_Unlock>         </Targ
misc_tables.vpp_pc	sr3_city_hitman.xtbl	sr3_city_hitman.xtbl	m22	_Delay>         <Gameplay_Forced_Unlock>m22</Gameplay_Forced_Unlock>         </Targ
misc_tables.vpp_pc	sr3_city_hitman.xtbl	sr3_city_hitman.xtbl	m22	_Delay>         <Gameplay_Forced_Unlock>m22</Gameplay_Forced_Unlock>         </Targ
misc_tables.vpp_pc	sr3_city_hitman.xtbl	sr3_city_hitman.xtbl	m22	_Delay>         <Gameplay_Forced_Unlock>m22</Gameplay_Forced_Unlock>         </Targ
misc_tables.vpp_pc	sr3_city_hitman.xtbl	sr3_city_hitman.xtbl	m22	_Delay>         <Gameplay_Forced_Unlock>m22</Gameplay_Forced_Unlock>         </Targ
misc_tables.vpp_pc	sr3_city_hitman.xtbl	sr3_city_hitman.xtbl	m22	_Delay>         <Gameplay_Forced_Unlock>m22</Gameplay_Forced_Unlock>         </Targ
misc_tables.vpp_pc	sr3_city_hitman.xtbl	sr3_city_hitman.xtbl	m22	_Delay>         <Gameplay_Forced_Unlock>m22</Gameplay_Forced_Unlock>         </Targ
misc_tables.vpp_pc	sr3_city_hitman.xtbl	sr3_city_hitman.xtbl	m22	_Delay>         <Gameplay_Forced_Unlock>m22</Gameplay_Forced_Unlock>         </Targ
misc_tables.vpp_pc	sr3_city_hitman.xtbl	sr3_city_hitman.xtbl	m22	_Delay>         <Gameplay_Forced_Unlock>m22</Gameplay_Forced_Unlock>         </Targ
misc_tables.vpp_pc	sr3_city_hitman.xtbl	sr3_city_hitman.xtbl	m22	_Delay>         <Gameplay_Forced_Unlock>m22</Gameplay_Forced_Unlock>         </Targ
misc_tables.vpp_pc	sr3_city_hitman.xtbl	sr3_city_hitman.xtbl	m22	_Delay>         <Gameplay_Forced_Unlock>m22</Gameplay_Forced_Unlock>         </Targ
misc_tables.vpp_pc	sr3_city_hitman.xtbl	sr3_city_hitman.xtbl	m22	_Delay>         <Gameplay_Forced_Unlock>m22</Gameplay_Forced_Unlock>         </Targ
misc_tables.vpp_pc	sr3_city_hitman.xtbl	sr3_city_hitman.xtbl	m22	_Delay>         <Gameplay_Forced_Unlock>m22</Gameplay_Forced_Unlock>         </Targ
misc_tables.vpp_pc	sr3_city_hitman.xtbl	sr3_city_hitman.xtbl	m22	_Delay>         <Gameplay_Forced_Unlock>m22</Gameplay_Forced_Unlock>         </Targ
misc_tables.vpp_pc	sr3_city_hitman.xtbl	sr3_city_hitman.xtbl	m22	_Delay>         <Gameplay_Forced_Unlock>m22</Gameplay_Forced_Unlock>         <Gamep
misc_tables.vpp_pc	sr3_city_hitman.xtbl	sr3_city_hitman.xtbl	m22	_Delay>         <Gameplay_Forced_Unlock>m22</Gameplay_Forced_Unlock>         </Targ
misc_tables.vpp_pc	sr3_city_hitman.xtbl	sr3_city_hitman.xtbl	m22	_Delay>         <Gameplay_Forced_Unlock>m22</Gameplay_Forced_Unlock>         </Targ
misc_tables.vpp_pc	sr3_city_hitman.xtbl	sr3_city_hitman.xtbl	m22	_Delay>         <Gameplay_Forced_Unlock>m22</Gameplay_Forced_Unlock>         </Targ
misc_tables.vpp_pc	sr3_city_hitman.xtbl	sr3_city_hitman.xtbl	m22	rement>         <Gameplay_Forced_Unlock>m22</Gameplay_Forced_Unlock>         </Targ
misc_tables.vpp_pc	sr3_city_hitman.xtbl	sr3_city_hitman.xtbl	m22	_Delay>         <Gameplay_Forced_Unlock>m22</Gameplay_Forced_Unlock>         <Gamep
misc_tables.vpp_pc	sr3_city_survival.xtbl	sr3_city_survival.xtbl	m03	Conversation>       <Unlock_Requirement>m03</Unlock_Requirement>       </Spawn_Info
misc_tables.vpp_pc	sr3_city_survival.xtbl	sr3_city_survival.xtbl	m03	Conversation>       <Unlock_Requirement>m03</Unlock_Requirement>       </Spawn_Info
misc_tables.vpp_pc	sr3_city_survival.xtbl	sr3_city_survival.xtbl	m03	Conversation>       <Unlock_Requirement>m03</Unlock_Requirement>       </Spawn_Info
misc_tables.vpp_pc	sr3_city_survival.xtbl	sr3_city_survival.xtbl	m03	Conversation>       <Unlock_Requirement>m03</Unlock_Requirement>       </Spawn_Info
misc_tables.vpp_pc	sr3_city_survival.xtbl	sr3_city_survival.xtbl	m03	Conversation>       <Unlock_Requirement>m03</Unlock_Requirement>       </Spawn_Info
misc_tables.vpp_pc	sr3_city_survival.xtbl	sr3_city_survival.xtbl	m03	Conversation>       <Unlock_Requirement>m03</Unlock_Requirement>       </Spawn_Info
misc_tables.vpp_pc	sr3_city_survival.xtbl	sr3_city_survival.xtbl	m03	Conversation>       <Unlock_Requirement>m03</Unlock_Requirement>       </Spawn_Info
misc_tables.vpp_pc	sr3_city_survival.xtbl	sr3_city_survival.xtbl	m03	Conversation>       <Unlock_Requirement>m03</Unlock_Requirement>       </Spawn_Info
misc_tables.vpp_pc	sr3_city_survival.xtbl	sr3_city_survival.xtbl	m03	Conversation>       <Unlock_Requirement>m03</Unlock_Requirement>       </Spawn_Info
misc_tables.vpp_pc	sr3_city_survival.xtbl	sr3_city_survival.xtbl	m03	Conversation>       <Unlock_Requirement>m03</Unlock_Requirement>       </Spawn_Info
misc_tables.vpp_pc	sr3_city_survival.xtbl	sr3_city_survival.xtbl	m03	Conversation>       <Unlock_Requirement>m03</Unlock_Requirement>       </Spawn_Info
misc_tables.vpp_pc	sr3_city_survival.xtbl	sr3_city_survival.xtbl	m03	Conversation>       <Unlock_Requirement>m03</Unlock_Requirement>       </Spawn_Info
misc_tables.vpp_pc	sr3_city_survival.xtbl	sr3_city_survival.xtbl	m03	Conversation>       <Unlock_Requirement>m03</Unlock_Requirement>       </Spawn_Info
misc_tables.vpp_pc	sr3_city_survival.xtbl	sr3_city_survival.xtbl	m03	Conversation>       <Unlock_Requirement>m03</Unlock_Requirement>       </Spawn_Info
misc_tables.vpp_pc	sr3_city_survival.xtbl	sr3_city_survival.xtbl	m03	Conversation>       <Unlock_Requirement>m03</Unlock_Requirement>       </Spawn_Info
misc_tables.vpp_pc	sr3_city_survival.xtbl	sr3_city_survival.xtbl	m03	Conversation>       <Unlock_Requirement>m03</Unlock_Requirement>       </Spawn_Info
misc_tables.vpp_pc	sr3_city_survival.xtbl	sr3_city_survival.xtbl	m03	Conversation>       <Unlock_Requirement>m03</Unlock_Requirement>       </Spawn_Info
misc_tables.vpp_pc	sr3_city_survival.xtbl	sr3_city_survival.xtbl	m03	Conversation>       <Unlock_Requirement>m03</Unlock_Requirement>       </Spawn_Info
misc_tables.vpp_pc	sr3_city_survival.xtbl	sr3_city_survival.xtbl	m03	Conversation>       <Unlock_Requirement>m03</Unlock_Requirement>       </Spawn_Info
misc_tables.vpp_pc	sr3_city_survival.xtbl	sr3_city_survival.xtbl	m03	Conversation>       <Unlock_Requirement>m03</Unlock_Requirement>       </Spawn_Info
misc_tables.vpp_pc	sr3_city_survival.xtbl	sr3_city_survival.xtbl	m03	Conversation>       <Unlock_Requirement>m03</Unlock_Requirement>       </Spawn_Info
misc_tables.vpp_pc	sr3_city_survival.xtbl	sr3_city_survival.xtbl	m03	Conversation>       <Unlock_Requirement>m03</Unlock_Requirement>       </Spawn_Info
misc_tables.vpp_pc	sr3_city_survival.xtbl	sr3_city_survival.xtbl	m03	Conversation>       <Unlock_Requirement>m03</Unlock_Requirement>       </Spawn_Info
misc_tables.vpp_pc	sr3_city_survival.xtbl	sr3_city_survival.xtbl	m03	Conversation>       <Unlock_Requirement>m03</Unlock_Requirement>       </Spawn_Info
misc_tables.vpp_pc	sr3_city_survival.xtbl	sr3_city_survival.xtbl	m05	Conversation>       <Unlock_Requirement>m05</Unlock_Requirement>       </Spawn_Info
misc_tables.vpp_pc	sr3_city_survival.xtbl	sr3_city_survival.xtbl	m19	Conversation>       <Unlock_Requirement>m19</Unlock_Requirement>       </Spawn_Info
misc_tables.vpp_pc	m01test_tod_override.xtbl	m01test_tod_override.xtbl	m01	me>21.0</time>        <lut_filename>lut_m01</lut_filename>        <zenith>0.171441 
misc_tables.vpp_pc	m01_tod_override.xtbl	m01_tod_override.xtbl	m01	me>21.0</time>        <lut_filename>lut_m01</lut_filename>        <zenith>0.072272 
misc_tables.vpp_pc	m02_tod_override.xtbl	m02_tod_override.xtbl	m02	ime>5.0</time>        <lut_filename>lut_m02</lut_filename>        <zenith>0.003035 
misc_tables.vpp_pc	m03_tod_override.xtbl	m03_tod_override.xtbl	m03	ime>5.0</time>        <lut_filename>lut_m03</lut_filename>        <zenith>0.171441 
misc_tables.vpp_pc	m04_tod_override.xtbl	m04_tod_override.xtbl	m04	/mission_name>        <lut_filename>lut_m04</lut_filename>        </mission_overrid
misc_tables.vpp_pc	m05_tod_override.xtbl	m05_tod_override.xtbl	m05	ime>5.0</time>        <lut_filename>lut_m05</lut_filename>        <zenith>0.009134 
misc_tables.vpp_pc	m06_tod_override.xtbl	m06_tod_override.xtbl	m06	ime>9.5</time>        <lut_filename>lut_m06</lut_filename>        <zenith>0.564712 
misc_tables.vpp_pc	m07in_tod_override.xtbl	m07in_tod_override.xtbl	m07	ime>5.0</time>        <lut_filename>lut_m07_in</lut_filename>        <zenith>0.0129
misc_tables.vpp_pc	m07_tod_override.xtbl	m07_tod_override.xtbl	m07	ime>5.0</time>        <lut_filename>lut_m07</lut_filename>        <zenith>0.01096 0
misc_tables.vpp_pc	m08_tod_override.xtbl	m08_tod_override.xtbl	m08	ime>5.0</time>        <lut_filename>lut_m08</lut_filename>        <zenith>0.01096 0
misc_tables.vpp_pc	m09_tod_override.xtbl	m09_tod_override.xtbl	m09	me>21.0</time>        <lut_filename>lut_m09</lut_filename>        <zenith>0.254152 
misc_tables.vpp_pc	m10_tod_override.xtbl	m10_tod_override.xtbl	m10	me>14.5</time>        <lut_filename>lut_m10</lut_filename>        <zenith>0.033105 
misc_tables.vpp_pc	m11out_tod_override.xtbl	m11out_tod_override.xtbl	m11	me>21.0</time>        <lut_filename>lut_m11out</lut_filename>        <zenith>0.1328
misc_tables.vpp_pc	m11_tod_override.xtbl	m11_tod_override.xtbl	m11	me>14.5</time>        <lut_filename>lut_m11</lut_filename>        <zenith>0.278894 
misc_tables.vpp_pc	m12_tod_override.xtbl	m12_tod_override.xtbl	m12	me>14.5</time>        <lut_filename>lut_m12</lut_filename>        <zenith>0.376262 
misc_tables.vpp_pc	m13_tod_override.xtbl	m13_tod_override.xtbl	m13	me>21.0</time>        <lut_filename>lut_m13</lut_filename>        <zenith>0.603827 
misc_tables.vpp_pc	m14out_tod_override.xtbl	m14out_tod_override.xtbl	m14	ime>5.0</time>        <lut_filename>lut_m14</lut_filename>        <zenith>0.012983 
misc_tables.vpp_pc	m14_tod_override.xtbl	m14_tod_override.xtbl	m14	ime>5.0</time>        <lut_filename>lut_m14</lut_filename>        <zenith>0.012983 
misc_tables.vpp_pc	m15_tod_override.xtbl	m15_tod_override.xtbl	m15	ime>5.0</time>        <lut_filename>lut_m15</lut_filename>        <zenith>0.006995 
misc_tables.vpp_pc	m16_tod_override.xtbl	m16_tod_override.xtbl	m16	0</fog_ground>        <lut_filename>lut_m16</lut_filename>        <horizon_mountain
misc_tables.vpp_pc	m17_tod_override.xtbl	m17_tod_override.xtbl	m17	ime>9.5</time>        <lut_filename>lut_m17</lut_filename>        <zenith>0.258183 
misc_tables.vpp_pc	m18out2_tod_override.xtbl	m18out2_tod_override.xtbl	m18	0 1.0</zenith>        <lut_filename>lut_m18</lut_filename>        </mission_overrid
misc_tables.vpp_pc	m18_tod_override.xtbl	m18_tod_override.xtbl	m18	ime>5.0</time>        <lut_filename>lut_m18</lut_filename>        <zenith>0.003035 
misc_tables.vpp_pc	m19_tod_override.xtbl	m19_tod_override.xtbl	m19	me>21.0</time>        <lut_filename>lut_m19</lut_filename>        <zenith>0.250158 
misc_tables.vpp_pc	m20_tod_override.xtbl	m20_tod_override.xtbl	m20	me>21.0</time>        <lut_filename>lut_m20</lut_filename>        <zenith>0.212231 
misc_tables.vpp_pc	m22_tod_override.xtbl	m22_tod_override.xtbl	m22	me>14.5</time>        <lut_filename>lut_m22</lut_filename>        <zenith>0.376262 
misc_tables.vpp_pc	m23in_tod_override.xtbl	m23in_tod_override.xtbl	m23	me>21.0</time>        <lut_filename>lut_m23</lut_filename>        <zenith>0.318547 
misc_tables.vpp_pc	m23_tod_override.xtbl	m23_tod_override.xtbl	m23	me>21.0</time>        <lut_filename>lut_m23</lut_filename>        <zenith>0.318547 
misc_tables.vpp_pc	m24_tod_override.xtbl	m24_tod_override.xtbl	m24	yer0_strength>        <lut_filename>lut_m24</lut_filename>        <zenith>0.318547 
misc_tables.vpp_pc	sh01_tod_override.xtbl	sh01_tod_override.xtbl	sh01	ime>5.0</time>        <lut_filename>lut_sh01</lut_filename>        <zenith>0.040915 
misc_tables.vpp_pc	sh02_tod_override.xtbl	sh02_tod_override.xtbl	sh02	ime>5.0</time>        <lut_filename>lut_sh02</lut_filename>        <zenith>0.01096 0
misc_tables.vpp_pc	sh03_tod_override.xtbl	sh03_tod_override.xtbl	sh03	ime>5.0</time>        <lut_filename>lut_sh03</lut_filename>        <zenith>0.006995 
misc_tables.vpp_pc	hanging_a_bt.xtbl	hanging_a_bt.xtbl	m06	me>     <type>clip</type>     <tag_name>m06 plyaer aim 01</tag_name>     <clip_name
misc_tables.vpp_pc	hanging_a_bt.xtbl	hanging_a_bt.xtbl	m06	me>     <type>clip</type>     <tag_name>m06 player aim 02</tag_name>     <clip_name
misc_tables.vpp_pc	hanging_a_bt.xtbl	hanging_a_bt.xtbl	m06	me>     <type>clip</type>     <tag_name>m06 player aim 03</tag_name>     <clip_name
misc_tables.vpp_pc	hanging_a_bt.xtbl	hanging_a_bt.xtbl	m06	me>     <type>clip</type>     <tag_name>m06 player aim 04</tag_name>     <clip_name
misc_tables.vpp_pc	hanging_b_bt.xtbl	hanging_b_bt.xtbl	m06	me>     <type>clip</type>     <tag_name>m06 coop aim 01</tag_name>     <clip_name><
misc_tables.vpp_pc	hanging_b_bt.xtbl	hanging_b_bt.xtbl	m06	me>     <type>clip</type>     <tag_name>m06 coop aim 02</tag_name>     <clip_name><
misc_tables.vpp_pc	hanging_b_bt.xtbl	hanging_b_bt.xtbl	m06	me>     <type>clip</type>     <tag_name>m06 coop aim 03</tag_name>     <clip_name><
misc_tables.vpp_pc	hanging_b_bt.xtbl	hanging_b_bt.xtbl	m06	me>     <type>clip</type>     <tag_name>m06 coop aim 04</tag_name>     <clip_name><
patch_compressed.vpp_pc	bitmap_sheets.xtbl	bitmap_sheets.xtbl	msn_cyber	heets>   <BitmapSheets>    <Name>ui_bms_msn_cyber</Name>    <_Editor>     <Category>Entri
patch_compressed.vpp_pc	PLYM.xtbl	PLYM.xtbl	m01	lename></Animation></State>  <State><ID>m01 z01 stand</ID><Animation><Filename>mad0
patch_compressed.vpp_pc	PLYM.xtbl	PLYM.xtbl	m01	name></Animation></Action>  <Action><ID>m01 z01 transition</ID><Animation><Filename
patch_compressed.vpp_pc	PLYM.xtbl	PLYM.xtbl	m01	a</ID><Animation><Filename>mad06_coop_aim01.animx</Filename></Animation></State>  <
patch_compressed.vpp_pc	PLYM.xtbl	PLYM.xtbl	m01	a</ID><Animation><Filename>mad06_plym_aim01.animx</Filename></Animation></State>  <
patch_compressed.vpp_pc	PLYM.xtbl	PLYM.xtbl	m01	1</ID><Animation><Filename>mad06_coop_aim01.animx</Filename></Animation></State>  <
patch_compressed.vpp_pc	PLYM.xtbl	PLYM.xtbl	m01	1</ID><Animation><Filename>mad06_plym_aim01.animx</Filename></Animation></State>  <
patch_compressed.vpp_pc	PLYM.xtbl	PLYM.xtbl	m02	lename></Animation></State>  <State><ID>m02 shnrscu hold a</ID><Animation><Filename
patch_compressed.vpp_pc	PLYM.xtbl	PLYM.xtbl	m02	shnrscu hold a</ID><Animation><Filename>m02_shnrscu_hold_a.animx</Filename></Animat
patch_compressed.vpp_pc	PLYM.xtbl	PLYM.xtbl	m02	lename></Animation></State>  <State><ID>m02 shootqte hold a</ID><Animation><Filenam
patch_compressed.vpp_pc	PLYM.xtbl	PLYM.xtbl	m02	hootqte hold a</ID><Animation><Filename>m02_qte2_shoot_hold_a.animx</Filename></Ani
patch_compressed.vpp_pc	PLYM.xtbl	PLYM.xtbl	m02	lename></Animation></State>  <State><ID>m02 skyqte3 struggle a</ID><Animation><File
patch_compressed.vpp_pc	PLYM.xtbl	PLYM.xtbl	m02	te3 struggle a</ID><Animation><Filename>m02_skyqte3_strg_a.animx</Filename></Animat
patch_compressed.vpp_pc	PLYM.xtbl	PLYM.xtbl	m02	name></Animation></Action>  <Action><ID>m02 skyqte3 attk a</ID><Animation><Filename
patch_compressed.vpp_pc	PLYM.xtbl	PLYM.xtbl	m02	skyqte3 attk a</ID><Animation><Filename>m02_skyqte3_attk_a.animx</Filename></Animat
patch_compressed.vpp_pc	PLYM.xtbl	PLYM.xtbl	m02	name></Animation></Action>  <Action><ID>m02 skyqte3 enter a</ID><Animation><Filenam
patch_compressed.vpp_pc	PLYM.xtbl	PLYM.xtbl	m02	kyqte3 enter a</ID><Animation><Filename>m02_skyqte3_entr_a.animx</Filename></Animat
patch_compressed.vpp_pc	PLYM.xtbl	PLYM.xtbl	m02	name></Animation></Action>  <Action><ID>m02 skyqte3 exit a</ID><Animation><Filename
patch_compressed.vpp_pc	PLYM.xtbl	PLYM.xtbl	m02	skyqte3 exit a</ID><Animation><Filename>m02_skyqte3_ext_a.animx</Filename></Animati
patch_compressed.vpp_pc	PLYM.xtbl	PLYM.xtbl	m02	name></Animation></Action>  <Action><ID>m02 shootqte attk</ID><Animation><Filename>
patch_compressed.vpp_pc	PLYM.xtbl	PLYM.xtbl	m02	 shootqte attk</ID><Animation><Filename>m02_qte2_shoot_attk_a.animx</Filename></Ani
patch_compressed.vpp_pc	PLYM.xtbl	PLYM.xtbl	m02	name></Animation></Action>  <Action><ID>m02 shnrscu enter a</ID><Animation><Filenam
patch_compressed.vpp_pc	PLYM.xtbl	PLYM.xtbl	m02	hnrscu enter a</ID><Animation><Filename>m02_shnrscu_entr_a.animx</Filename></Animat
patch_compressed.vpp_pc	PLYM.xtbl	PLYM.xtbl	m02	name></Animation></Action>  <Action><ID>m02 shootqte end a</ID><Animation><Filename
patch_compressed.vpp_pc	PLYM.xtbl	PLYM.xtbl	m02	shootqte end a</ID><Animation><Filename>m02_qte2_shoot_end_a.animx</Filename></Anim
patch_compressed.vpp_pc	PLYM.xtbl	PLYM.xtbl	m02	name></Animation></Action>  <Action><ID>m02 shootqte enter a</ID><Animation><Filena
patch_compressed.vpp_pc	PLYM.xtbl	PLYM.xtbl	m02	ootqte enter a</ID><Animation><Filename>m02_qte2_shoot_entr_a.animx</Filename></Ani
patch_compressed.vpp_pc	PLYM.xtbl	PLYM.xtbl	m02	name></Animation></Action>  <Action><ID>m02 shootqte exit a</ID><Animation><Filenam
patch_compressed.vpp_pc	PLYM.xtbl	PLYM.xtbl	m02	hootqte exit a</ID><Animation><Filename>m02_qte2_shoot_ext_a.animx</Filename></Anim
patch_compressed.vpp_pc	PLYM.xtbl	PLYM.xtbl	m02	name></Animation></Action>  <Action><ID>m02 shnrscu convo a</ID><Animation><Filenam
patch_compressed.vpp_pc	PLYM.xtbl	PLYM.xtbl	m02	hnrscu convo a</ID><Animation><Filename>m02_shnrscu_cnv_a.animx</Filename></Animati
patch_compressed.vpp_pc	PLYM.xtbl	PLYM.xtbl	m02	2</ID><Animation><Filename>mad06_coop_aim02.animx</Filename></Animation></State>  <
patch_compressed.vpp_pc	PLYM.xtbl	PLYM.xtbl	m02	2</ID><Animation><Filename>mad06_plym_aim02.animx</Filename></Animation></State>  <
patch_compressed.vpp_pc	PLYM.xtbl	PLYM.xtbl	m03	3</ID><Animation><Filename>mad06_coop_aim03.animx</Filename></Animation></State>  <
patch_compressed.vpp_pc	PLYM.xtbl	PLYM.xtbl	m03	3</ID><Animation><Filename>mad06_plym_aim03.animx</Filename></Animation></State>  <
patch_compressed.vpp_pc	PLYM.xtbl	PLYM.xtbl	m04	4</ID><Animation><Filename>mad06_coop_aim04.animx</Filename></Animation></State>  <
patch_compressed.vpp_pc	PLYM.xtbl	PLYM.xtbl	m04	4</ID><Animation><Filename>mad06_plym_aim04.animx</Filename></Animation></State>  <
patch_compressed.vpp_pc	PLYM.xtbl	PLYM.xtbl	m05	lename></Animation></State>  <State><ID>m05 qte1 seq1</ID><Animation><Filename>m05_
patch_compressed.vpp_pc	PLYM.xtbl	PLYM.xtbl	m05	>m05 qte1 seq1</ID><Animation><Filename>m05_qte1_seq1.animx</Filename></Animation><
patch_compressed.vpp_pc	PLYM.xtbl	PLYM.xtbl	m05	lename></Animation></State>  <State><ID>m05 qte2 seq1 b</ID><Animation><Filename>m0
patch_compressed.vpp_pc	PLYM.xtbl	PLYM.xtbl	m05	05 qte2 seq1 b</ID><Animation><Filename>m05_qte2_seq1_b.animx</Filename></Animation
patch_compressed.vpp_pc	PLYM.xtbl	PLYM.xtbl	m05	lename></Animation></State>  <State><ID>m05 qte2 seq10 b</ID><Animation><Filename>m
patch_compressed.vpp_pc	PLYM.xtbl	PLYM.xtbl	m05	5 qte2 seq10 b</ID><Animation><Filename>m05_qte2_seq10_b.animx</Filename></Animatio
patch_compressed.vpp_pc	PLYM.xtbl	PLYM.xtbl	m05	lename></Animation></State>  <State><ID>m05 qte2 seq2 b</ID><Animation><Filename>m0
patch_compressed.vpp_pc	PLYM.xtbl	PLYM.xtbl	m05	05 qte2 seq2 b</ID><Animation><Filename>m05_qte2_seq2_b.animx</Filename></Animation
patch_compressed.vpp_pc	PLYM.xtbl	PLYM.xtbl	m05	lename></Animation></State>  <State><ID>m05 qte2 seq4 b</ID><Animation><Filename>m0
patch_compressed.vpp_pc	PLYM.xtbl	PLYM.xtbl	m05	05 qte2 seq4 b</ID><Animation><Filename>m05_qte2_seq4_b.animx</Filename></Animation
patch_compressed.vpp_pc	PLYM.xtbl	PLYM.xtbl	m05	lename></Animation></State>  <State><ID>m05 qte2 seq5 b</ID><Animation><Filename>m0
patch_compressed.vpp_pc	PLYM.xtbl	PLYM.xtbl	m05	05 qte2 seq5 b</ID><Animation><Filename>m05_qte2_seq5_b.animx</Filename></Animation
patch_compressed.vpp_pc	PLYM.xtbl	PLYM.xtbl	m05	lename></Animation></State>  <State><ID>m05 qte2 seq7 b</ID><Animation><Filename>m0
patch_compressed.vpp_pc	PLYM.xtbl	PLYM.xtbl	m05	05 qte2 seq7 b</ID><Animation><Filename>m05_qte2_seq7_b.animx</Filename></Animation
patch_compressed.vpp_pc	PLYM.xtbl	PLYM.xtbl	m05	lename></Animation></State>  <State><ID>m05 qte2 seq9 b</ID><Animation><Filename>m0
patch_compressed.vpp_pc	PLYM.xtbl	PLYM.xtbl	m05	05 qte2 seq9 b</ID><Animation><Filename>m05_qte2_seq9_b.animx</Filename></Animation
patch_compressed.vpp_pc	PLYM.xtbl	PLYM.xtbl	m05	name></Animation></Action>  <Action><ID>m05 qte1 end</ID><Animation><Filename>m05_q
patch_compressed.vpp_pc	PLYM.xtbl	PLYM.xtbl	m05	D>m05 qte1 end</ID><Animation><Filename>m05_qte1_end.animx</Filename></Animation></
patch_compressed.vpp_pc	PLYM.xtbl	PLYM.xtbl	m05	name></Animation></Action>  <Action><ID>m05 qte1 enter</ID><Animation><Filename>m05
patch_compressed.vpp_pc	PLYM.xtbl	PLYM.xtbl	m05	m05 qte1 enter</ID><Animation><Filename>m05_qte1_entr.animx</Filename></Animation><
patch_compressed.vpp_pc	PLYM.xtbl	PLYM.xtbl	m05	name></Animation></Action>  <Action><ID>m05 qte1 exit</ID><Animation><Filename>m05_
patch_compressed.vpp_pc	PLYM.xtbl	PLYM.xtbl	m05	>m05 qte1 exit</ID><Animation><Filename>m05_qte1_ext.animx</Filename></Animation></
patch_compressed.vpp_pc	PLYM.xtbl	PLYM.xtbl	m05	name></Animation></Action>  <Action><ID>m05 qte2 enter b</ID><Animation><Filename>m
patch_compressed.vpp_pc	PLYM.xtbl	PLYM.xtbl	m05	5 qte2 enter b</ID><Animation><Filename>m05_qte2_entr_b.animx</Filename></Animation
patch_compressed.vpp_pc	PLYM.xtbl	PLYM.xtbl	m05	name></Animation></Action>  <Action><ID>m05 qte2 exit b</ID><Animation><Filename>m0
patch_compressed.vpp_pc	PLYM.xtbl	PLYM.xtbl	m05	05 qte2 exit b</ID><Animation><Filename>m05_qte2_ext_b.animx</Filename></Animation>
patch_compressed.vpp_pc	PLYM.xtbl	PLYM.xtbl	m05	name></Animation></Action>  <Action><ID>m05 qte2 seq1 atk b</ID><Animation><Filenam
patch_compressed.vpp_pc	PLYM.xtbl	PLYM.xtbl	m05	te2 seq1 atk b</ID><Animation><Filename>m05_qte2_seq1_attk_b.animx</Filename></Anim
patch_compressed.vpp_pc	PLYM.xtbl	PLYM.xtbl	m05	name></Animation></Action>  <Action><ID>m05 qte2 seq1 end b</ID><Animation><Filenam
patch_compressed.vpp_pc	PLYM.xtbl	PLYM.xtbl	m05	te2 seq1 end b</ID><Animation><Filename>m05_qte2_seq1_end_b.animx</Filename></Anima
patch_compressed.vpp_pc	PLYM.xtbl	PLYM.xtbl	m05	name></Animation></Action>  <Action><ID>m05 qte2 seq1 esc b</ID><Animation><Filenam
patch_compressed.vpp_pc	PLYM.xtbl	PLYM.xtbl	m05	te2 seq1 esc b</ID><Animation><Filename>m05_qte2_seq1_esc_b.animx</Filename></Anima
patch_compressed.vpp_pc	PLYM.xtbl	PLYM.xtbl	m05	name></Animation></Action>  <Action><ID>m05 qte2 seq10 start b</ID><Animation><File
patch_compressed.vpp_pc	PLYM.xtbl	PLYM.xtbl	m05	 seq10 start b</ID><Animation><Filename>m05_qte2_seq10_strt_b.animx</Filename></Ani
patch_compressed.vpp_pc	PLYM.xtbl	PLYM.xtbl	m05	name></Animation></Action>  <Action><ID>m05 qte2 seq2 end b</ID><Animation><Filenam
patch_compressed.vpp_pc	PLYM.xtbl	PLYM.xtbl	m05	te2 seq2 end b</ID><Animation><Filename>m05_qte2_seq2_end_b.animx</Filename></Anima
patch_compressed.vpp_pc	PLYM.xtbl	PLYM.xtbl	m05	name></Animation></Action>  <Action><ID>m05 qte2 seq3 end b</ID><Animation><Filenam
patch_compressed.vpp_pc	PLYM.xtbl	PLYM.xtbl	m05	te2 seq3 end b</ID><Animation><Filename>m05_qte2_seq3_end_b.animx</Filename></Anima
patch_compressed.vpp_pc	PLYM.xtbl	PLYM.xtbl	m05	name></Animation></Action>  <Action><ID>m05 qte2 seq3 start b</ID><Animation><Filen
patch_compressed.vpp_pc	PLYM.xtbl	PLYM.xtbl	m05	2 seq3 start b</ID><Animation><Filename>m05_qte2_seq3_strt_b.animx</Filename></Anim
patch_compressed.vpp_pc	PLYM.xtbl	PLYM.xtbl	m05	name></Animation></Action>  <Action><ID>m05 qte2 seq4 end b</ID><Animation><Filenam
patch_compressed.vpp_pc	PLYM.xtbl	PLYM.xtbl	m05	te2 seq4 end b</ID><Animation><Filename>m05_qte2_seq4_end_b.animx</Filename></Anima
patch_compressed.vpp_pc	PLYM.xtbl	PLYM.xtbl	m05	name></Animation></Action>  <Action><ID>m05 qte2 seq4 start b</ID><Animation><Filen
patch_compressed.vpp_pc	PLYM.xtbl	PLYM.xtbl	m05	2 seq4 start b</ID><Animation><Filename>m05_qte2_seq4_strt_b.animx</Filename></Anim
patch_compressed.vpp_pc	PLYM.xtbl	PLYM.xtbl	m05	name></Animation></Action>  <Action><ID>m05 qte2 seq5 end b</ID><Animation><Filenam
patch_compressed.vpp_pc	PLYM.xtbl	PLYM.xtbl	m05	te2 seq5 end b</ID><Animation><Filename>m05_qte2_seq5_end_b.animx</Filename></Anima
patch_compressed.vpp_pc	PLYM.xtbl	PLYM.xtbl	m05	name></Animation></Action>  <Action><ID>m05 qte2 seq5 start b</ID><Animation><Filen
patch_compressed.vpp_pc	PLYM.xtbl	PLYM.xtbl	m05	2 seq5 start b</ID><Animation><Filename>m05_qte2_seq5_strt_b.animx</Filename></Anim
patch_compressed.vpp_pc	PLYM.xtbl	PLYM.xtbl	m05	name></Animation></Action>  <Action><ID>m05 qte2 seq6 b</ID><Animation><Filename>m0
patch_compressed.vpp_pc	PLYM.xtbl	PLYM.xtbl	m05	05 qte2 seq6 b</ID><Animation><Filename>m05_qte2_seq6_b.animx</Filename></Animation
patch_compressed.vpp_pc	PLYM.xtbl	PLYM.xtbl	m05	name></Animation></Action>  <Action><ID>m05 qte2 seq6 end b</ID><Animation><Filenam
patch_compressed.vpp_pc	PLYM.xtbl	PLYM.xtbl	m05	te2 seq6 end b</ID><Animation><Filename>m05_qte2_seq6_end_b.animx</Filename></Anima
patch_compressed.vpp_pc	PLYM.xtbl	PLYM.xtbl	m05	name></Animation></Action>  <Action><ID>m05 qte2 seq6 start b</ID><Animation><Filen
patch_compressed.vpp_pc	PLYM.xtbl	PLYM.xtbl	m05	2 seq6 start b</ID><Animation><Filename>m05_qte2_seq6_strt_b.animx</Filename></Anim
patch_compressed.vpp_pc	PLYM.xtbl	PLYM.xtbl	m05	name></Animation></Action>  <Action><ID>m05 qte2 seq7 end b</ID><Animation><Filenam
patch_compressed.vpp_pc	PLYM.xtbl	PLYM.xtbl	m05	te2 seq7 end b</ID><Animation><Filename>m05_qte2_seq7_end_b.animx</Filename></Anima
patch_compressed.vpp_pc	PLYM.xtbl	PLYM.xtbl	m05	name></Animation></Action>  <Action><ID>m05 qte2 seq7 start b</ID><Animation><Filen
patch_compressed.vpp_pc	PLYM.xtbl	PLYM.xtbl	m05	2 seq7 start b</ID><Animation><Filename>m05_qte2_seq7_strt_b.animx</Filename></Anim
patch_compressed.vpp_pc	PLYM.xtbl	PLYM.xtbl	m05	name></Animation></Action>  <Action><ID>m05 qte2 seq8 b</ID><Animation><Filename>m0
patch_compressed.vpp_pc	PLYM.xtbl	PLYM.xtbl	m05	05 qte2 seq8 b</ID><Animation><Filename>m05_qte2_seq8_b.animx</Filename></Animation
patch_compressed.vpp_pc	PLYM.xtbl	PLYM.xtbl	m05	name></Animation></Action>  <Action><ID>m05 qte2 seq8 end b</ID><Animation><Filenam
patch_compressed.vpp_pc	PLYM.xtbl	PLYM.xtbl	m05	te2 seq8 end b</ID><Animation><Filename>m05_qte2_seq8_end_b.animx</Filename></Anima
patch_compressed.vpp_pc	PLYM.xtbl	PLYM.xtbl	m05	name></Animation></Action>  <Action><ID>m05 qte2 seq8 start b</ID><Animation><Filen
patch_compressed.vpp_pc	PLYM.xtbl	PLYM.xtbl	m05	2 seq8 start b</ID><Animation><Filename>m05_qte2_seq8_strt_b.animx</Filename></Anim
patch_compressed.vpp_pc	PLYM.xtbl	PLYM.xtbl	m05	name></Animation></Action>  <Action><ID>m05 qte2 seq9 atk b</ID><Animation><Filenam
patch_compressed.vpp_pc	PLYM.xtbl	PLYM.xtbl	m05	te2 seq9 atk b</ID><Animation><Filename>m05_qte2_seq9_attk_b.animx</Filename></Anim
patch_compressed.vpp_pc	PLYM.xtbl	PLYM.xtbl	m05	name></Animation></Action>  <Action><ID>m05 qte2 seq9 start b</ID><Animation><Filen
patch_compressed.vpp_pc	PLYM.xtbl	PLYM.xtbl	m05	2 seq9 start b</ID><Animation><Filename>m05_qte2_seq9_strt_b.animx</Filename></Anim
patch_compressed.vpp_pc	PLYM.xtbl	PLYM.xtbl	m06	lename></Animation></State>  <State><ID>m06 coop aim a</ID><Animation><Filename>mad
patch_compressed.vpp_pc	PLYM.xtbl	PLYM.xtbl	m06	lename></Animation></State>  <State><ID>m06 player aim a</ID><Animation><Filename>m
patch_compressed.vpp_pc	PLYM.xtbl	PLYM.xtbl	m06	lename></Animation></State>  <State><ID>m06 coop aim a</ID><Animation><Filename>han
patch_compressed.vpp_pc	PLYM.xtbl	PLYM.xtbl	m06	lename></Animation></State>  <State><ID>m06 player aim a</ID><Animation><Filename>h
patch_compressed.vpp_pc	PLYM.xtbl	PLYM.xtbl	m06	lename></Animation></State>  <State><ID>m06 coop aim 01</ID><Animation><Filename>ma
patch_compressed.vpp_pc	PLYM.xtbl	PLYM.xtbl	m06	lename></Animation></State>  <State><ID>m06 coop aim 02</ID><Animation><Filename>ma
patch_compressed.vpp_pc	PLYM.xtbl	PLYM.xtbl	m06	lename></Animation></State>  <State><ID>m06 coop aim 03</ID><Animation><Filename>ma
patch_compressed.vpp_pc	PLYM.xtbl	PLYM.xtbl	m06	lename></Animation></State>  <State><ID>m06 coop aim 04</ID><Animation><Filename>ma
patch_compressed.vpp_pc	PLYM.xtbl	PLYM.xtbl	m06	lename></Animation></State>  <State><ID>m06 player aim 02</ID><Animation><Filename>
patch_compressed.vpp_pc	PLYM.xtbl	PLYM.xtbl	m06	lename></Animation></State>  <State><ID>m06 player aim 03</ID><Animation><Filename>
patch_compressed.vpp_pc	PLYM.xtbl	PLYM.xtbl	m06	lename></Animation></State>  <State><ID>m06 player aim 04</ID><Animation><Filename>
patch_compressed.vpp_pc	PLYM.xtbl	PLYM.xtbl	m06	lename></Animation></State>  <State><ID>m06 plyaer aim 01</ID><Animation><Filename>
patch_compressed.vpp_pc	PLYM.xtbl	PLYM.xtbl	m07	name></Animation></Action>  <Action><ID>m07 club owner interrogation player</ID><An
patch_compressed.vpp_pc	PLYM.xtbl	PLYM.xtbl	m07	name></Animation></Action>  <Action><ID>m07 club owner interrogation victim</ID><An
patch_compressed.vpp_pc	PLYM.xtbl	PLYM.xtbl	m09	name></Animation></Action>  <Action><ID>m09 open container</ID><Animation><Filename
patch_compressed.vpp_pc	PLYM.xtbl	PLYM.xtbl	m12	lename></Animation></State>  <State><ID>m12_josh_overshoulder_exittocar_c</ID><Anim
patch_compressed.vpp_pc	PLYM.xtbl	PLYM.xtbl	m12	lename></Animation></State>  <State><ID>m12_josh_overshoulder_reload</ID><Animation
patch_compressed.vpp_pc	PLYM.xtbl	PLYM.xtbl	m12	lename></Animation></State>  <State><ID>m12_josh_overshoulder_run_back</ID><Animati
patch_compressed.vpp_pc	PLYM.xtbl	PLYM.xtbl	m12	lename></Animation></State>  <State><ID>m12_josh_overshoulder_run_forward</ID><Anim
patch_compressed.vpp_pc	PLYM.xtbl	PLYM.xtbl	m12	lename></Animation></State>  <State><ID>m12_josh_overshoulder_run_left</ID><Animati
patch_compressed.vpp_pc	PLYM.xtbl	PLYM.xtbl	m12	lename></Animation></State>  <State><ID>m12_josh_overshoulder_run_right</ID><Animat
patch_compressed.vpp_pc	PLYM.xtbl	PLYM.xtbl	m12	lename></Animation></State>  <State><ID>m12_josh_overshoulder_stand</ID><Animation>
patch_compressed.vpp_pc	PLYM.xtbl	PLYM.xtbl	m12	lename></Animation></State>  <State><ID>m12_josh_overshoulder_walk_back</ID><Animat
patch_compressed.vpp_pc	PLYM.xtbl	PLYM.xtbl	m12	lename></Animation></State>  <State><ID>m12_josh_overshoulder_walk_forward</ID><Ani
patch_compressed.vpp_pc	PLYM.xtbl	PLYM.xtbl	m12	lename></Animation></State>  <State><ID>m12_josh_overshoulder_walk_left</ID><Animat
patch_compressed.vpp_pc	PLYM.xtbl	PLYM.xtbl	m12	lename></Animation></State>  <State><ID>m12_josh_overshoulder_walk_right</ID><Anima
patch_compressed.vpp_pc	PLYM.xtbl	PLYM.xtbl	m12	lename></Animation></State>  <State><ID>m12_plym_overshoulder_exittocar_c</ID><Anim
patch_compressed.vpp_pc	PLYM.xtbl	PLYM.xtbl	m12	lename></Animation></State>  <State><ID>m12_plym_overshoulder_reload</ID><Animation
patch_compressed.vpp_pc	PLYM.xtbl	PLYM.xtbl	m12	lename></Animation></State>  <State><ID>m12_plym_overshoulder_run_back</ID><Animati
patch_compressed.vpp_pc	PLYM.xtbl	PLYM.xtbl	m12	lename></Animation></State>  <State><ID>m12_plym_overshoulder_run_forward</ID><Anim
patch_compressed.vpp_pc	PLYM.xtbl	PLYM.xtbl	m12	lename></Animation></State>  <State><ID>m12_plym_overshoulder_run_left</ID><Animati
patch_compressed.vpp_pc	PLYM.xtbl	PLYM.xtbl	m12	lename></Animation></State>  <State><ID>m12_plym_overshoulder_run_right</ID><Animat
patch_compressed.vpp_pc	PLYM.xtbl	PLYM.xtbl	m12	lename></Animation></State>  <State><ID>m12_plym_overshoulder_stand</ID><Animation>
patch_compressed.vpp_pc	PLYM.xtbl	PLYM.xtbl	m12	lename></Animation></State>  <State><ID>m12_plym_overshoulder_walk_back</ID><Animat
patch_compressed.vpp_pc	PLYM.xtbl	PLYM.xtbl	m12	lename></Animation></State>  <State><ID>m12_plym_overshoulder_walk_forward</ID><Ani
patch_compressed.vpp_pc	PLYM.xtbl	PLYM.xtbl	m12	lename></Animation></State>  <State><ID>m12_plym_overshoulder_walk_left</ID><Animat
patch_compressed.vpp_pc	PLYM.xtbl	PLYM.xtbl	m12	lename></Animation></State>  <State><ID>m12_plym_overshoulder_walk_right</ID><Anima
patch_compressed.vpp_pc	PLYM.xtbl	PLYM.xtbl	m12	name></Animation></Action>  <Action><ID>m12_josh_overshoulder_exittocar_a</ID><Anim
patch_compressed.vpp_pc	PLYM.xtbl	PLYM.xtbl	m12	name></Animation></Action>  <Action><ID>m12_josh_overshoulder_exittocar_b</ID><Anim
patch_compressed.vpp_pc	PLYM.xtbl	PLYM.xtbl	m12	name></Animation></Action>  <Action><ID>m12_plym_overshoulder_exittocar_a</ID><Anim
patch_compressed.vpp_pc	PLYM.xtbl	PLYM.xtbl	m12	name></Animation></Action>  <Action><ID>m12_plym_overshoulder_exittocar_b</ID><Anim
patch_compressed.vpp_pc	PLYM.xtbl	PLYM.xtbl	m13	lename></Animation></State>  <State><ID>m13 hs stand</ID><Animation><Filename>mad13
patch_compressed.vpp_pc	PLYM.xtbl	PLYM.xtbl	m14	lename></Animation></State>  <State><ID>m14 transmitter idle</ID><Animation><Filena
patch_compressed.vpp_pc	PLYM.xtbl	PLYM.xtbl	m14	name></Animation></Action>  <Action><ID>m14 transmitter in</ID><Animation><Filename
patch_compressed.vpp_pc	PLYM.xtbl	PLYM.xtbl	m14	name></Animation></Action>  <Action><ID>m14 transmitter out</ID><Animation><Filenam
patch_compressed.vpp_pc	PLYM.xtbl	PLYM.xtbl	m16	lename></Animation></State>  <State><ID>m16 wqte pb hold b</ID><Animation><Filename
patch_compressed.vpp_pc	PLYM.xtbl	PLYM.xtbl	m16	wqte pb hold b</ID><Animation><Filename>m16_wqte_pb_hold_b.animx</Filename></Animat
patch_compressed.vpp_pc	PLYM.xtbl	PLYM.xtbl	m16	name></Animation></Action>  <Action><ID>m16 wqte pa end b</ID><Animation><Filename>
patch_compressed.vpp_pc	PLYM.xtbl	PLYM.xtbl	m16	 wqte pa end b</ID><Animation><Filename>m16_wqte_pa_end_b.animx</Filename></Animati
patch_compressed.vpp_pc	PLYM.xtbl	PLYM.xtbl	m16	name></Animation></Action>  <Action><ID>m16 wqte pa exit b</ID><Animation><Filename
patch_compressed.vpp_pc	PLYM.xtbl	PLYM.xtbl	m16	wqte pa exit b</ID><Animation><Filename>m16_wqte_pa_ext_b.animx</Filename></Animati
patch_compressed.vpp_pc	PLYM.xtbl	PLYM.xtbl	m16	name></Animation></Action>  <Action><ID>m16 wqte pa start b</ID><Animation><Filenam
patch_compressed.vpp_pc	PLYM.xtbl	PLYM.xtbl	m16	qte pa start b</ID><Animation><Filename>m16_wqte_pa_strt_b.animx</Filename></Animat
patch_compressed.vpp_pc	PLYM.xtbl	PLYM.xtbl	m16	name></Animation></Action>  <Action><ID>m16 wqte pb atk b</ID><Animation><Filename>
patch_compressed.vpp_pc	PLYM.xtbl	PLYM.xtbl	m16	 wqte pb atk b</ID><Animation><Filename>m16_wqte_pb_atk_b.animx</Filename></Animati
patch_compressed.vpp_pc	PLYM.xtbl	PLYM.xtbl	m16	name></Animation></Action>  <Action><ID>m16 wqte pb end b</ID><Animation><Filename>
patch_compressed.vpp_pc	PLYM.xtbl	PLYM.xtbl	m16	 wqte pb end b</ID><Animation><Filename>m16_wqte_pb_end_b.animx</Filename></Animati
patch_compressed.vpp_pc	PLYM.xtbl	PLYM.xtbl	m16	name></Animation></Action>  <Action><ID>m16 wqte pb exit b</ID><Animation><Filename
patch_compressed.vpp_pc	PLYM.xtbl	PLYM.xtbl	m16	wqte pb exit b</ID><Animation><Filename>m16_wqte_pb_ext_b.animx</Filename></Animati
patch_compressed.vpp_pc	PLYM.xtbl	PLYM.xtbl	m16	name></Animation></Action>  <Action><ID>m16 wqte pb start b</ID><Animation><Filenam
patch_compressed.vpp_pc	PLYM.xtbl	PLYM.xtbl	m16	qte pb start b</ID><Animation><Filename>m16_wqte_pb_strt_b.animx</Filename></Animat
patch_compressed.vpp_pc	PLYM.xtbl	PLYM.xtbl	m19	lename></Animation></State>  <State><ID>m19 qte grapple struggle a</ID><Animation><
patch_compressed.vpp_pc	PLYM.xtbl	PLYM.xtbl	m19	lename></Animation></State>  <State><ID>m19 qte2 grapple struggle a</ID><Animation>
patch_compressed.vpp_pc	PLYM.xtbl	PLYM.xtbl	m19	name></Animation></Action>  <Action><ID>m19 qte grapple enter a</ID><Animation><Fil
patch_compressed.vpp_pc	PLYM.xtbl	PLYM.xtbl	m19	name></Animation></Action>  <Action><ID>m19 qte grapple exit a</ID><Animation><File
patch_compressed.vpp_pc	PLYM.xtbl	PLYM.xtbl	m19	name></Animation></Action>  <Action><ID>m19 qte2 grapple enter a</ID><Animation><Fi
patch_compressed.vpp_pc	PLYM.xtbl	PLYM.xtbl	m19	name></Animation></Action>  <Action><ID>m19 qte2 grapple exit a</ID><Animation><Fil
patch_compressed.vpp_pc	PLYM.xtbl	PLYM.xtbl	m21	lename></Animation></State>  <State><ID>m21_plym_tageteam_rope_idle</ID><Animation>
patch_compressed.vpp_pc	PLYM.xtbl	PLYM.xtbl	m21	name></Animation></Action>  <Action><ID>m21_plym_tagteam_cheer</ID><Animation><File
patch_compressed.vpp_pc	PLYM.xtbl	PLYM.xtbl	m21	name></Animation></Action>  <Action><ID>m21_plym_tagteam_swapa</ID><Animation><File
patch_compressed.vpp_pc	PLYM.xtbl	PLYM.xtbl	m21	name></Animation></Action>  <Action><ID>m21_plym_tagteam_swapb</ID><Animation><File
patch_compressed.vpp_pc	PLYM.xtbl	PLYM.xtbl	m21	name></Animation></Action>  <Action><ID>m21_plym_tagteam_wave</ID><Animation><Filen
patch_compressed.vpp_pc	PLYM.xtbl	PLYM.xtbl	m24	name></Animation></Action>  <Action><ID>m24 qte beatdown one a</ID><Animation><File
patch_compressed.vpp_pc	PLYM.xtbl	PLYM.xtbl	m24	name></Animation></Action>  <Action><ID>m24 qte beatdown three a</ID><Animation><Fi
patch_compressed.vpp_pc	PLYM.xtbl	PLYM.xtbl	m24	name></Animation></Action>  <Action><ID>m24 qte beatdown two a</ID><Animation><File
patch_compressed.vpp_pc	PLYM.xtbl	PLYM.xtbl	m24	name></Animation></Action>  <Action><ID>m24 computer hack</ID><Animation><Filename>
patch_compressed.vpp_pc	PLYM.xtbl	PLYM.xtbl	m24	name></Animation></Action>  <Action><ID>m24 dramatic no</ID><Animation><Filename>pl
patch_compressed.vpp_pc	PLYM.xtbl	PLYM.xtbl	sh03	name></Animation></Action>  <Action><ID>sh03 vomit hack</ID><Animation><Filename>ply
patch_compressed.vpp_pc	mission_checkpoints.xtbl	mission_checkpoints.xtbl	dlc2_m01	points>   <MissionCheckpoints>    <Name>dlc2_m01-01</Name>    <Index>1</Index>    <Missi
patch_compressed.vpp_pc	mission_checkpoints.xtbl	mission_checkpoints.xtbl	dlc2_m01	me>    <Index>1</Index>    <MissionName>dlc2_m01</MissionName>    <CheckpointName>dlc2_m
patch_compressed.vpp_pc	mission_checkpoints.xtbl	mission_checkpoints.xtbl	dlc2_m01	c2_m01</MissionName>    <CheckpointName>dlc2_m01_armory_take1</CheckpointName>    <Debug
patch_compressed.vpp_pc	mission_checkpoints.xtbl	mission_checkpoints.xtbl	dlc2_m01	bug>    <_Editor>     <Category>Entries:dlc2_m01</Category>     </_Editor>    </MissionC
patch_compressed.vpp_pc	mission_checkpoints.xtbl	mission_checkpoints.xtbl	dlc2_m01	points>   <MissionCheckpoints>    <Name>dlc2_m01-02</Name>    <Index>2</Index>    <Missi
patch_compressed.vpp_pc	mission_checkpoints.xtbl	mission_checkpoints.xtbl	dlc2_m01	me>    <Index>2</Index>    <MissionName>dlc2_m01</MissionName>    <CheckpointName>dlc2_m
patch_compressed.vpp_pc	mission_checkpoints.xtbl	mission_checkpoints.xtbl	dlc2_m01	c2_m01</MissionName>    <CheckpointName>dlc2_m01_armory_take2</CheckpointName>    <Debug
patch_compressed.vpp_pc	mission_checkpoints.xtbl	mission_checkpoints.xtbl	dlc2_m01	bug>    <_Editor>     <Category>Entries:dlc2_m01</Category>     </_Editor>    </MissionC
patch_compressed.vpp_pc	mission_checkpoints.xtbl	mission_checkpoints.xtbl	dlc2_m01	points>   <MissionCheckpoints>    <Name>dlc2_m01-03</Name>    <Index>3</Index>    <Missi
patch_compressed.vpp_pc	mission_checkpoints.xtbl	mission_checkpoints.xtbl	dlc2_m01	me>    <Index>3</Index>    <MissionName>dlc2_m01</MissionName>    <CheckpointName>dlc2_m
patch_compressed.vpp_pc	mission_checkpoints.xtbl	mission_checkpoints.xtbl	dlc2_m01	c2_m01</MissionName>    <CheckpointName>dlc2_m01_escape_start</CheckpointName>    <Debug
patch_compressed.vpp_pc	mission_checkpoints.xtbl	mission_checkpoints.xtbl	dlc2_m01	bug>    <_Editor>     <Category>Entries:dlc2_m01</Category>     </_Editor>    </MissionC
patch_compressed.vpp_pc	mission_checkpoints.xtbl	mission_checkpoints.xtbl	dlc2_m01	points>   <MissionCheckpoints>    <Name>dlc2_m01-04</Name>    <Index>4</Index>    <Missi
patch_compressed.vpp_pc	mission_checkpoints.xtbl	mission_checkpoints.xtbl	dlc2_m01	me>    <Index>4</Index>    <MissionName>dlc2_m01</MissionName>    <CheckpointName>dlc2_m
patch_compressed.vpp_pc	mission_checkpoints.xtbl	mission_checkpoints.xtbl	dlc2_m01	c2_m01</MissionName>    <CheckpointName>dlc2_m01_escape_dt_02</CheckpointName>    <Debug
patch_compressed.vpp_pc	mission_checkpoints.xtbl	mission_checkpoints.xtbl	dlc2_m01	bug>    <_Editor>     <Category>Entries:dlc2_m01</Category>     </_Editor>    </MissionC
patch_compressed.vpp_pc	mission_checkpoints.xtbl	mission_checkpoints.xtbl	dlc2_m01	points>   <MissionCheckpoints>    <Name>dlc2_m01-05</Name>    <Index>5</Index>    <Missi
patch_compressed.vpp_pc	mission_checkpoints.xtbl	mission_checkpoints.xtbl	dlc2_m01	me>    <Index>5</Index>    <MissionName>dlc2_m01</MissionName>    <CheckpointName>dlc2_m
patch_compressed.vpp_pc	mission_checkpoints.xtbl	mission_checkpoints.xtbl	dlc2_m01	c2_m01</MissionName>    <CheckpointName>dlc2_m01_alien_ambush</CheckpointName>    <Debug
patch_compressed.vpp_pc	mission_checkpoints.xtbl	mission_checkpoints.xtbl	dlc2_m01	bug>    <_Editor>     <Category>Entries:dlc2_m01</Category>     </_Editor>    </MissionC
patch_compressed.vpp_pc	mission_checkpoints.xtbl	mission_checkpoints.xtbl	dlc2_m01	points>   <MissionCheckpoints>    <Name>dlc2_m01-06</Name>    <Index>6</Index>    <Missi
patch_compressed.vpp_pc	mission_checkpoints.xtbl	mission_checkpoints.xtbl	dlc2_m01	me>    <Index>6</Index>    <MissionName>dlc2_m01</MissionName>    <CheckpointName>dlc2_m
patch_compressed.vpp_pc	mission_checkpoints.xtbl	mission_checkpoints.xtbl	dlc2_m01	c2_m01</MissionName>    <CheckpointName>dlc2_m01_rail_nw_01</CheckpointName>    <Debug>F
patch_compressed.vpp_pc	mission_checkpoints.xtbl	mission_checkpoints.xtbl	dlc2_m01	bug>    <_Editor>     <Category>Entries:dlc2_m01</Category>     </_Editor>    </MissionC
patch_compressed.vpp_pc	mission_checkpoints.xtbl	mission_checkpoints.xtbl	dlc2_m01	points>   <MissionCheckpoints>    <Name>dlc2_m01-07</Name>    <Index>7</Index>    <Missi
patch_compressed.vpp_pc	mission_checkpoints.xtbl	mission_checkpoints.xtbl	dlc2_m01	me>    <Index>7</Index>    <MissionName>dlc2_m01</MissionName>    <CheckpointName>dlc2_m
patch_compressed.vpp_pc	mission_checkpoints.xtbl	mission_checkpoints.xtbl	dlc2_m01	c2_m01</MissionName>    <CheckpointName>dlc2_m01_jump_take2</CheckpointName>    <Debug>F
patch_compressed.vpp_pc	mission_checkpoints.xtbl	mission_checkpoints.xtbl	dlc2_m01	bug>    <_Editor>     <Category>Entries:dlc2_m01</Category>     </_Editor>    </MissionC
patch_compressed.vpp_pc	mission_checkpoints.xtbl	mission_checkpoints.xtbl	dlc2_m01	points>   <MissionCheckpoints>    <Name>dlc2_m01-08</Name>    <Index>8</Index>    <Missi
patch_compressed.vpp_pc	mission_checkpoints.xtbl	mission_checkpoints.xtbl	dlc2_m01	me>    <Index>8</Index>    <MissionName>dlc2_m01</MissionName>    <CheckpointName>dlc2_m
patch_compressed.vpp_pc	mission_checkpoints.xtbl	mission_checkpoints.xtbl	dlc2_m01	c2_m01</MissionName>    <CheckpointName>dlc2_m01_finale</CheckpointName>    <Debug>True<
patch_compressed.vpp_pc	mission_checkpoints.xtbl	mission_checkpoints.xtbl	dlc2_m01	bug>    <_Editor>     <Category>Entries:dlc2_m01</Category>     </_Editor>    </MissionC
patch_compressed.vpp_pc	mission_checkpoints.xtbl	mission_checkpoints.xtbl	dlc2_m01	>Entries</Name>    <Category>     <Name>dlc2_m01</Name>     </Category>    <Category>   
patch_compressed.vpp_pc	mission_checkpoints.xtbl	mission_checkpoints.xtbl	dlc2_m02	points>   <MissionCheckpoints>    <Name>dlc2_m02-01</Name>    <Index>1</Index>    <Missi
patch_compressed.vpp_pc	mission_checkpoints.xtbl	mission_checkpoints.xtbl	dlc2_m02	me>    <Index>1</Index>    <MissionName>dlc2_m02</MissionName>    <CheckpointName>1</Che
patch_compressed.vpp_pc	mission_checkpoints.xtbl	mission_checkpoints.xtbl	dlc2_m02	bug>    <_Editor>     <Category>Entries:dlc2_m02</Category>     </_Editor>    </MissionC
patch_compressed.vpp_pc	mission_checkpoints.xtbl	mission_checkpoints.xtbl	dlc2_m02	points>   <MissionCheckpoints>    <Name>dlc2_m02-02</Name>    <Index>2</Index>    <Missi
patch_compressed.vpp_pc	mission_checkpoints.xtbl	mission_checkpoints.xtbl	dlc2_m02	me>    <Index>2</Index>    <MissionName>dlc2_m02</MissionName>    <CheckpointName>2</Che
patch_compressed.vpp_pc	mission_checkpoints.xtbl	mission_checkpoints.xtbl	dlc2_m02	bug>    <_Editor>     <Category>Entries:dlc2_m02</Category>     </_Editor>    </MissionC
patch_compressed.vpp_pc	mission_checkpoints.xtbl	mission_checkpoints.xtbl	dlc2_m02	points>   <MissionCheckpoints>    <Name>dlc2_m02-03</Name>    <Index>3</Index>    <Missi
patch_compressed.vpp_pc	mission_checkpoints.xtbl	mission_checkpoints.xtbl	dlc2_m02	me>    <Index>3</Index>    <MissionName>dlc2_m02</MissionName>    <CheckpointName>3</Che
patch_compressed.vpp_pc	mission_checkpoints.xtbl	mission_checkpoints.xtbl	dlc2_m02	bug>    <_Editor>     <Category>Entries:dlc2_m02</Category>     </_Editor>    </MissionC
patch_compressed.vpp_pc	mission_checkpoints.xtbl	mission_checkpoints.xtbl	dlc2_m02	points>   <MissionCheckpoints>    <Name>dlc2_m02-04</Name>    <Index>4</Index>    <Missi
patch_compressed.vpp_pc	mission_checkpoints.xtbl	mission_checkpoints.xtbl	dlc2_m02	me>    <Index>4</Index>    <MissionName>dlc2_m02</MissionName>    <CheckpointName>4</Che
patch_compressed.vpp_pc	mission_checkpoints.xtbl	mission_checkpoints.xtbl	dlc2_m02	bug>    <_Editor>     <Category>Entries:dlc2_m02</Category>     </_Editor>    </MissionC
patch_compressed.vpp_pc	mission_checkpoints.xtbl	mission_checkpoints.xtbl	dlc2_m02	    </Category>    <Category>     <Name>dlc2_m02</Name>     </Category>    <Category>   
patch_compressed.vpp_pc	mission_checkpoints.xtbl	mission_checkpoints.xtbl	dlc2_m03	points>   <MissionCheckpoints>    <Name>dlc2_m03-01</Name>    <Index>1</Index>    <Missi
patch_compressed.vpp_pc	mission_checkpoints.xtbl	mission_checkpoints.xtbl	dlc2_m03	me>    <Index>1</Index>    <MissionName>dlc2_m03</MissionName>    <CheckpointName>dlc2_m
patch_compressed.vpp_pc	mission_checkpoints.xtbl	mission_checkpoints.xtbl	dlc2_m03	c2_m03</MissionName>    <CheckpointName>dlc2_m03_transmitter_one_infected</CheckpointNam
patch_compressed.vpp_pc	mission_checkpoints.xtbl	mission_checkpoints.xtbl	dlc2_m03	bug>    <_Editor>     <Category>Entries:dlc2_m03</Category>     </_Editor>    </MissionC
patch_compressed.vpp_pc	mission_checkpoints.xtbl	mission_checkpoints.xtbl	dlc2_m03	points>   <MissionCheckpoints>    <Name>dlc2_m03-02</Name>    <Index>2</Index>    <Missi
patch_compressed.vpp_pc	mission_checkpoints.xtbl	mission_checkpoints.xtbl	dlc2_m03	me>    <Index>2</Index>    <MissionName>dlc2_m03</MissionName>    <CheckpointName>dlc2_m
patch_compressed.vpp_pc	mission_checkpoints.xtbl	mission_checkpoints.xtbl	dlc2_m03	c2_m03</MissionName>    <CheckpointName>dlc2_m03_stunt_sequence_complete</CheckpointName
patch_compressed.vpp_pc	mission_checkpoints.xtbl	mission_checkpoints.xtbl	dlc2_m03	bug>    <_Editor>     <Category>Entries:dlc2_m03</Category>     </_Editor>    </MissionC
patch_compressed.vpp_pc	mission_checkpoints.xtbl	mission_checkpoints.xtbl	dlc2_m03	points>   <MissionCheckpoints>    <Name>dlc2_m03-03</Name>    <Index>3</Index>    <Missi
patch_compressed.vpp_pc	mission_checkpoints.xtbl	mission_checkpoints.xtbl	dlc2_m03	me>    <Index>3</Index>    <MissionName>dlc2_m03</MissionName>    <CheckpointName>dlc2_m
patch_compressed.vpp_pc	mission_checkpoints.xtbl	mission_checkpoints.xtbl	dlc2_m03	c2_m03</MissionName>    <CheckpointName>dlc2_m03_transmitter_two_infected</CheckpointNam
patch_compressed.vpp_pc	mission_checkpoints.xtbl	mission_checkpoints.xtbl	dlc2_m03	bug>    <_Editor>     <Category>Entries:dlc2_m03</Category>     </_Editor>    </MissionC
patch_compressed.vpp_pc	mission_checkpoints.xtbl	mission_checkpoints.xtbl	dlc2_m03	points>   <MissionCheckpoints>    <Name>dlc2_m03-04</Name>    <Index>4</Index>    <Missi
patch_compressed.vpp_pc	mission_checkpoints.xtbl	mission_checkpoints.xtbl	dlc2_m03	me>    <Index>4</Index>    <MissionName>dlc2_m03</MissionName>    <CheckpointName>dlc2_m
patch_compressed.vpp_pc	mission_checkpoints.xtbl	mission_checkpoints.xtbl	dlc2_m03	c2_m03</MissionName>    <CheckpointName>dlc2_m03_national_guard_trap_destroyed</Checkpoi
patch_compressed.vpp_pc	mission_checkpoints.xtbl	mission_checkpoints.xtbl	dlc2_m03	bug>    <_Editor>     <Category>Entries:dlc2_m03</Category>     </_Editor>    </MissionC
patch_compressed.vpp_pc	mission_checkpoints.xtbl	mission_checkpoints.xtbl	dlc2_m03	points>   <MissionCheckpoints>    <Name>dlc2_m03-05</Name>    <Index>5</Index>    <Missi
patch_compressed.vpp_pc	mission_checkpoints.xtbl	mission_checkpoints.xtbl	dlc2_m03	me>    <Index>5</Index>    <MissionName>dlc2_m03</MissionName>    <CheckpointName>dlc2_m
patch_compressed.vpp_pc	mission_checkpoints.xtbl	mission_checkpoints.xtbl	dlc2_m03	c2_m03</MissionName>    <CheckpointName>dlc2_m03_transmitter_three_infected</CheckpointN
patch_compressed.vpp_pc	mission_checkpoints.xtbl	mission_checkpoints.xtbl	dlc2_m03	bug>    <_Editor>     <Category>Entries:dlc2_m03</Category>     </_Editor>    </MissionC
patch_compressed.vpp_pc	mission_checkpoints.xtbl	mission_checkpoints.xtbl	dlc2_m03	points>   <MissionCheckpoints>    <Name>dlc2_m03-06</Name>    <Index>6</Index>    <Missi
patch_compressed.vpp_pc	mission_checkpoints.xtbl	mission_checkpoints.xtbl	dlc2_m03	me>    <Index>6</Index>    <MissionName>dlc2_m03</MissionName>    <CheckpointName>dlc2_m
patch_compressed.vpp_pc	mission_checkpoints.xtbl	mission_checkpoints.xtbl	dlc2_m03	c2_m03</MissionName>    <CheckpointName>dlc2_m03_virus_executed</CheckpointName>    <Deb
patch_compressed.vpp_pc	mission_checkpoints.xtbl	mission_checkpoints.xtbl	dlc2_m03	bug>    <_Editor>     <Category>Entries:dlc2_m03</Category>     </_Editor>    </MissionC
patch_compressed.vpp_pc	mission_checkpoints.xtbl	mission_checkpoints.xtbl	dlc2_m03	    </Category>    <Category>     <Name>dlc2_m03</Name>     </Category>    <Category>   
patch_compressed.vpp_pc	mission_checkpoints.xtbl	mission_checkpoints.xtbl	dlc3_m01	points>   <MissionCheckpoints>    <Name>dlc3_m01-01</Name>    <Index>1</Index>    <Missi
patch_compressed.vpp_pc	mission_checkpoints.xtbl	mission_checkpoints.xtbl	dlc3_m01	me>    <Index>1</Index>    <MissionName>dlc3_m01</MissionName>    <CheckpointName>strip_
patch_compressed.vpp_pc	mission_checkpoints.xtbl	mission_checkpoints.xtbl	dlc3_m01	bug>    <_Editor>     <Category>Entries:dlc3_m01</Category>     </_Editor>    </MissionC
patch_compressed.vpp_pc	mission_checkpoints.xtbl	mission_checkpoints.xtbl	dlc3_m01	points>   <MissionCheckpoints>    <Name>dlc3_m01-02</Name>    <Index>2</Index>    <Missi
patch_compressed.vpp_pc	mission_checkpoints.xtbl	mission_checkpoints.xtbl	dlc3_m01	me>    <Index>2</Index>    <MissionName>dlc3_m01</MissionName>    <CheckpointName>defend
patch_compressed.vpp_pc	mission_checkpoints.xtbl	mission_checkpoints.xtbl	dlc3_m01	bug>    <_Editor>     <Category>Entries:dlc3_m01</Category>     </_Editor>    </MissionC
patch_compressed.vpp_pc	mission_checkpoints.xtbl	mission_checkpoints.xtbl	dlc3_m01	points>   <MissionCheckpoints>    <Name>dlc3_m01-03</Name>    <Index>3</Index>    <Missi
patch_compressed.vpp_pc	mission_checkpoints.xtbl	mission_checkpoints.xtbl	dlc3_m01	me>    <Index>3</Index>    <MissionName>dlc3_m01</MissionName>    <CheckpointName>vehicl
patch_compressed.vpp_pc	mission_checkpoints.xtbl	mission_checkpoints.xtbl	dlc3_m01	bug>    <_Editor>     <Category>Entries:dlc3_m01</Category>     </_Editor>    </MissionC
patch_compressed.vpp_pc	mission_checkpoints.xtbl	mission_checkpoints.xtbl	dlc3_m01	    </Category>    <Category>     <Name>dlc3_m01</Name>     </Category>    <Category>   
patch_compressed.vpp_pc	mission_checkpoints.xtbl	mission_checkpoints.xtbl	dlc3_m02	points>   <MissionCheckpoints>    <Name>dlc3_m02-01</Name>    <Index>1</Index>    <Missi
patch_compressed.vpp_pc	mission_checkpoints.xtbl	mission_checkpoints.xtbl	dlc3_m02	me>    <Index>1</Index>    <MissionName>dlc3_m02</MissionName>    <CheckpointName>cp_ps_
patch_compressed.vpp_pc	mission_checkpoints.xtbl	mission_checkpoints.xtbl	dlc3_m02	bug>    <_Editor>     <Category>Entries:dlc3_m02</Category>     </_Editor>    </MissionC
patch_compressed.vpp_pc	mission_checkpoints.xtbl	mission_checkpoints.xtbl	dlc3_m02	points>   <MissionCheckpoints>    <Name>dlc3_m02-02</Name>    <Index>2</Index>    <Missi
patch_compressed.vpp_pc	mission_checkpoints.xtbl	mission_checkpoints.xtbl	dlc3_m02	me>    <Index>2</Index>    <MissionName>dlc3_m02</MissionName>    <CheckpointName>cp_ps_
patch_compressed.vpp_pc	mission_checkpoints.xtbl	mission_checkpoints.xtbl	dlc3_m02	bug>    <_Editor>     <Category>Entries:dlc3_m02</Category>     </_Editor>    </MissionC
patch_compressed.vpp_pc	mission_checkpoints.xtbl	mission_checkpoints.xtbl	dlc3_m02	points>   <MissionCheckpoints>    <Name>dlc3_m02-03</Name>    <Index>3</Index>    <Missi
patch_compressed.vpp_pc	mission_checkpoints.xtbl	mission_checkpoints.xtbl	dlc3_m02	me>    <Index>3</Index>    <MissionName>dlc3_m02</MissionName>    <CheckpointName>cp_dt_
patch_compressed.vpp_pc	mission_checkpoints.xtbl	mission_checkpoints.xtbl	dlc3_m02	bug>    <_Editor>     <Category>Entries:dlc3_m02</Category>     </_Editor>    </MissionC
patch_compressed.vpp_pc	mission_checkpoints.xtbl	mission_checkpoints.xtbl	dlc3_m02	    </Category>    <Category>     <Name>dlc3_m02</Name>     </Category>    <Category>   
patch_compressed.vpp_pc	mission_checkpoints.xtbl	mission_checkpoints.xtbl	dlc3_m03	points>   <MissionCheckpoints>    <Name>dlc3_m03-01</Name>    <Index>1</Index>    <Missi
patch_compressed.vpp_pc	mission_checkpoints.xtbl	mission_checkpoints.xtbl	dlc3_m03	me>    <Index>1</Index>    <MissionName>dlc3_m03</MissionName>    <CheckpointName>planet
patch_compressed.vpp_pc	mission_checkpoints.xtbl	mission_checkpoints.xtbl	dlc3_m03	bug>    <_Editor>     <Category>Entries:dlc3_m03</Category>     </_Editor>    </MissionC
patch_compressed.vpp_pc	mission_checkpoints.xtbl	mission_checkpoints.xtbl	dlc3_m03	points>   <MissionCheckpoints>    <Name>dlc3_m03-02</Name>    <Index>2</Index>    <Missi
patch_compressed.vpp_pc	mission_checkpoints.xtbl	mission_checkpoints.xtbl	dlc3_m03	me>    <Index>2</Index>    <MissionName>dlc3_m03</MissionName>    <CheckpointName>bridge
patch_compressed.vpp_pc	mission_checkpoints.xtbl	mission_checkpoints.xtbl	dlc3_m03	bug>    <_Editor>     <Category>Entries:dlc3_m03</Category>     </_Editor>    </MissionC
patch_compressed.vpp_pc	mission_checkpoints.xtbl	mission_checkpoints.xtbl	dlc3_m03	points>   <MissionCheckpoints>    <Name>dlc3_m03-03</Name>    <Index>3</Index>    <Missi
patch_compressed.vpp_pc	mission_checkpoints.xtbl	mission_checkpoints.xtbl	dlc3_m03	me>    <Index>3</Index>    <MissionName>dlc3_m03</MissionName>    <CheckpointName>heli_r
patch_compressed.vpp_pc	mission_checkpoints.xtbl	mission_checkpoints.xtbl	dlc3_m03	bug>    <_Editor>     <Category>Entries:dlc3_m03</Category>     </_Editor>    </MissionC
patch_compressed.vpp_pc	mission_checkpoints.xtbl	mission_checkpoints.xtbl	dlc3_m03	    </Category>    <Category>     <Name>dlc3_m03</Name>     </Category>    <Category>   
patch_compressed.vpp_pc	mission_checkpoints.xtbl	mission_checkpoints.xtbl	m01	<Table>   <MissionCheckpoints>    <Name>m01-01</Name>    <MissionName>m01</MissionN
patch_compressed.vpp_pc	mission_checkpoints.xtbl	mission_checkpoints.xtbl	m01	    <Name>m01-01</Name>    <MissionName>m01</MissionName>    <_Editor>     <Categor
patch_compressed.vpp_pc	mission_checkpoints.xtbl	mission_checkpoints.xtbl	m01	ame>    <_Editor>     <Category>Entries:m01</Category>     </_Editor>    <Index>1</
patch_compressed.vpp_pc	mission_checkpoints.xtbl	mission_checkpoints.xtbl	m01	    <Index>1</Index>    <CheckpointName>m01_checkpoint_plant_bombs</CheckpointName>
patch_compressed.vpp_pc	mission_checkpoints.xtbl	mission_checkpoints.xtbl	m01	points>   <MissionCheckpoints>    <Name>m01-02</Name>    <MissionName>m01</MissionN
patch_compressed.vpp_pc	mission_checkpoints.xtbl	mission_checkpoints.xtbl	m01	    <Name>m01-02</Name>    <MissionName>m01</MissionName>    <_Editor>     <Categor
patch_compressed.vpp_pc	mission_checkpoints.xtbl	mission_checkpoints.xtbl	m01	ame>    <_Editor>     <Category>Entries:m01</Category>     </_Editor>    <Index>2</
patch_compressed.vpp_pc	mission_checkpoints.xtbl	mission_checkpoints.xtbl	m01	    <Index>2</Index>    <CheckpointName>m01_checkpoint_survive</CheckpointName>    
patch_compressed.vpp_pc	mission_checkpoints.xtbl	mission_checkpoints.xtbl	m01	points>   <MissionCheckpoints>    <Name>m01-03</Name>    <Index>3</Index>    <Missi
patch_compressed.vpp_pc	mission_checkpoints.xtbl	mission_checkpoints.xtbl	m01	me>    <Index>3</Index>    <MissionName>m01</MissionName>    <_Editor>     <Categor
patch_compressed.vpp_pc	mission_checkpoints.xtbl	mission_checkpoints.xtbl	m01	ame>    <_Editor>     <Category>Entries:m01</Category>     </_Editor>    <Checkpoin
patch_compressed.vpp_pc	mission_checkpoints.xtbl	mission_checkpoints.xtbl	m01	gory>     </_Editor>    <CheckpointName>m01_checkpoint_ride_vault</CheckpointName> 
patch_compressed.vpp_pc	mission_checkpoints.xtbl	mission_checkpoints.xtbl	m01	points>   <MissionCheckpoints>    <Name>m01-04</Name>    <Index>4</Index>    <Missi
patch_compressed.vpp_pc	mission_checkpoints.xtbl	mission_checkpoints.xtbl	m01	me>    <Index>4</Index>    <MissionName>m01</MissionName>    <CheckpointName>m01_ju
patch_compressed.vpp_pc	mission_checkpoints.xtbl	mission_checkpoints.xtbl	m01	me>m01</MissionName>    <CheckpointName>m01_just_swap</CheckpointName>    <_Editor>
patch_compressed.vpp_pc	mission_checkpoints.xtbl	mission_checkpoints.xtbl	m01	ame>    <_Editor>     <Category>Entries:m01</Category>     </_Editor>    <Debug>Tru
patch_compressed.vpp_pc	mission_checkpoints.xtbl	mission_checkpoints.xtbl	m01	s>   <MissionCheckpoints>    <Name>dlc2_m01-01</Name>    <Index>1</Index>    <Missi
patch_compressed.vpp_pc	mission_checkpoints.xtbl	mission_checkpoints.xtbl	m01	  <Index>1</Index>    <MissionName>dlc2_m01</MissionName>    <CheckpointName>dlc2_m
patch_compressed.vpp_pc	mission_checkpoints.xtbl	mission_checkpoints.xtbl	m01	1</MissionName>    <CheckpointName>dlc2_m01_armory_take1</CheckpointName>    <Debug
patch_compressed.vpp_pc	mission_checkpoints.xtbl	mission_checkpoints.xtbl	m01	   <_Editor>     <Category>Entries:dlc2_m01</Category>     </_Editor>    </MissionC
patch_compressed.vpp_pc	mission_checkpoints.xtbl	mission_checkpoints.xtbl	m01	s>   <MissionCheckpoints>    <Name>dlc2_m01-02</Name>    <Index>2</Index>    <Missi
patch_compressed.vpp_pc	mission_checkpoints.xtbl	mission_checkpoints.xtbl	m01	  <Index>2</Index>    <MissionName>dlc2_m01</MissionName>    <CheckpointName>dlc2_m
patch_compressed.vpp_pc	mission_checkpoints.xtbl	mission_checkpoints.xtbl	m01	1</MissionName>    <CheckpointName>dlc2_m01_armory_take2</CheckpointName>    <Debug
patch_compressed.vpp_pc	mission_checkpoints.xtbl	mission_checkpoints.xtbl	m01	   <_Editor>     <Category>Entries:dlc2_m01</Category>     </_Editor>    </MissionC
patch_compressed.vpp_pc	mission_checkpoints.xtbl	mission_checkpoints.xtbl	m01	s>   <MissionCheckpoints>    <Name>dlc2_m01-03</Name>    <Index>3</Index>    <Missi
patch_compressed.vpp_pc	mission_checkpoints.xtbl	mission_checkpoints.xtbl	m01	  <Index>3</Index>    <MissionName>dlc2_m01</MissionName>    <CheckpointName>dlc2_m
patch_compressed.vpp_pc	mission_checkpoints.xtbl	mission_checkpoints.xtbl	m01	1</MissionName>    <CheckpointName>dlc2_m01_escape_start</CheckpointName>    <Debug
patch_compressed.vpp_pc	mission_checkpoints.xtbl	mission_checkpoints.xtbl	m01	   <_Editor>     <Category>Entries:dlc2_m01</Category>     </_Editor>    </MissionC
patch_compressed.vpp_pc	mission_checkpoints.xtbl	mission_checkpoints.xtbl	m01	s>   <MissionCheckpoints>    <Name>dlc2_m01-04</Name>    <Index>4</Index>    <Missi
patch_compressed.vpp_pc	mission_checkpoints.xtbl	mission_checkpoints.xtbl	m01	  <Index>4</Index>    <MissionName>dlc2_m01</MissionName>    <CheckpointName>dlc2_m
patch_compressed.vpp_pc	mission_checkpoints.xtbl	mission_checkpoints.xtbl	m01	1</MissionName>    <CheckpointName>dlc2_m01_escape_dt_02</CheckpointName>    <Debug
patch_compressed.vpp_pc	mission_checkpoints.xtbl	mission_checkpoints.xtbl	m01	   <_Editor>     <Category>Entries:dlc2_m01</Category>     </_Editor>    </MissionC
patch_compressed.vpp_pc	mission_checkpoints.xtbl	mission_checkpoints.xtbl	m01	s>   <MissionCheckpoints>    <Name>dlc2_m01-05</Name>    <Index>5</Index>    <Missi
patch_compressed.vpp_pc	mission_checkpoints.xtbl	mission_checkpoints.xtbl	m01	  <Index>5</Index>    <MissionName>dlc2_m01</MissionName>    <CheckpointName>dlc2_m
patch_compressed.vpp_pc	mission_checkpoints.xtbl	mission_checkpoints.xtbl	m01	1</MissionName>    <CheckpointName>dlc2_m01_alien_ambush</CheckpointName>    <Debug
patch_compressed.vpp_pc	mission_checkpoints.xtbl	mission_checkpoints.xtbl	m01	   <_Editor>     <Category>Entries:dlc2_m01</Category>     </_Editor>    </MissionC
patch_compressed.vpp_pc	mission_checkpoints.xtbl	mission_checkpoints.xtbl	m01	s>   <MissionCheckpoints>    <Name>dlc2_m01-06</Name>    <Index>6</Index>    <Missi
patch_compressed.vpp_pc	mission_checkpoints.xtbl	mission_checkpoints.xtbl	m01	  <Index>6</Index>    <MissionName>dlc2_m01</MissionName>    <CheckpointName>dlc2_m
patch_compressed.vpp_pc	mission_checkpoints.xtbl	mission_checkpoints.xtbl	m01	1</MissionName>    <CheckpointName>dlc2_m01_rail_nw_01</CheckpointName>    <Debug>F
patch_compressed.vpp_pc	mission_checkpoints.xtbl	mission_checkpoints.xtbl	m01	   <_Editor>     <Category>Entries:dlc2_m01</Category>     </_Editor>    </MissionC
patch_compressed.vpp_pc	mission_checkpoints.xtbl	mission_checkpoints.xtbl	m01	s>   <MissionCheckpoints>    <Name>dlc2_m01-07</Name>    <Index>7</Index>    <Missi
patch_compressed.vpp_pc	mission_checkpoints.xtbl	mission_checkpoints.xtbl	m01	  <Index>7</Index>    <MissionName>dlc2_m01</MissionName>    <CheckpointName>dlc2_m
patch_compressed.vpp_pc	mission_checkpoints.xtbl	mission_checkpoints.xtbl	m01	1</MissionName>    <CheckpointName>dlc2_m01_jump_take2</CheckpointName>    <Debug>F
patch_compressed.vpp_pc	mission_checkpoints.xtbl	mission_checkpoints.xtbl	m01	   <_Editor>     <Category>Entries:dlc2_m01</Category>     </_Editor>    </MissionC
patch_compressed.vpp_pc	mission_checkpoints.xtbl	mission_checkpoints.xtbl	m01	s>   <MissionCheckpoints>    <Name>dlc2_m01-08</Name>    <Index>8</Index>    <Missi
patch_compressed.vpp_pc	mission_checkpoints.xtbl	mission_checkpoints.xtbl	m01	  <Index>8</Index>    <MissionName>dlc2_m01</MissionName>    <CheckpointName>dlc2_m
patch_compressed.vpp_pc	mission_checkpoints.xtbl	mission_checkpoints.xtbl	m01	1</MissionName>    <CheckpointName>dlc2_m01_finale</CheckpointName>    <Debug>True<
patch_compressed.vpp_pc	mission_checkpoints.xtbl	mission_checkpoints.xtbl	m01	   <_Editor>     <Category>Entries:dlc2_m01</Category>     </_Editor>    </MissionC
patch_compressed.vpp_pc	mission_checkpoints.xtbl	mission_checkpoints.xtbl	m01	s>   <MissionCheckpoints>    <Name>dlc3_m01-01</Name>    <Index>1</Index>    <Missi
patch_compressed.vpp_pc	mission_checkpoints.xtbl	mission_checkpoints.xtbl	m01	  <Index>1</Index>    <MissionName>dlc3_m01</MissionName>    <CheckpointName>strip_
patch_compressed.vpp_pc	mission_checkpoints.xtbl	mission_checkpoints.xtbl	m01	   <_Editor>     <Category>Entries:dlc3_m01</Category>     </_Editor>    </MissionC
patch_compressed.vpp_pc	mission_checkpoints.xtbl	mission_checkpoints.xtbl	m01	s>   <MissionCheckpoints>    <Name>dlc3_m01-02</Name>    <Index>2</Index>    <Missi
patch_compressed.vpp_pc	mission_checkpoints.xtbl	mission_checkpoints.xtbl	m01	  <Index>2</Index>    <MissionName>dlc3_m01</MissionName>    <CheckpointName>defend
patch_compressed.vpp_pc	mission_checkpoints.xtbl	mission_checkpoints.xtbl	m01	   <_Editor>     <Category>Entries:dlc3_m01</Category>     </_Editor>    </MissionC
patch_compressed.vpp_pc	mission_checkpoints.xtbl	mission_checkpoints.xtbl	m01	s>   <MissionCheckpoints>    <Name>dlc3_m01-03</Name>    <Index>3</Index>    <Missi
patch_compressed.vpp_pc	mission_checkpoints.xtbl	mission_checkpoints.xtbl	m01	  <Index>3</Index>    <MissionName>dlc3_m01</MissionName>    <CheckpointName>vehicl
patch_compressed.vpp_pc	mission_checkpoints.xtbl	mission_checkpoints.xtbl	m01	   <_Editor>     <Category>Entries:dlc3_m01</Category>     </_Editor>    </MissionC
patch_compressed.vpp_pc	mission_checkpoints.xtbl	mission_checkpoints.xtbl	m01	ies</Name>    <Category>     <Name>dlc2_m01</Name>     </Category>    <Category>   
patch_compressed.vpp_pc	mission_checkpoints.xtbl	mission_checkpoints.xtbl	m01	/Category>    <Category>     <Name>dlc3_m01</Name>     </Category>    <Category>   
patch_compressed.vpp_pc	mission_checkpoints.xtbl	mission_checkpoints.xtbl	m01	    </Category>    <Category>     <Name>m01</Name>     </Category>    <Category>   
patch_compressed.vpp_pc	mission_checkpoints.xtbl	mission_checkpoints.xtbl	m02	points>   <MissionCheckpoints>    <Name>m02-01</Name>    <Index>1</Index>    <Missi
patch_compressed.vpp_pc	mission_checkpoints.xtbl	mission_checkpoints.xtbl	m02	me>    <Index>1</Index>    <MissionName>m02</MissionName>    <CheckpointName>m02_ch
patch_compressed.vpp_pc	mission_checkpoints.xtbl	mission_checkpoints.xtbl	m02	me>m02</MissionName>    <CheckpointName>m02_checkpoint_free_fall</CheckpointName>  
patch_compressed.vpp_pc	mission_checkpoints.xtbl	mission_checkpoints.xtbl	m02	ame>    <_Editor>     <Category>Entries:m02</Category>     </_Editor>    <Debug>Fal
patch_compressed.vpp_pc	mission_checkpoints.xtbl	mission_checkpoints.xtbl	m02	points>   <MissionCheckpoints>    <Name>m02-02</Name>    <Index>2</Index>    <Missi
patch_compressed.vpp_pc	mission_checkpoints.xtbl	mission_checkpoints.xtbl	m02	me>    <Index>2</Index>    <MissionName>m02</MissionName>    <CheckpointName>m02_ch
patch_compressed.vpp_pc	mission_checkpoints.xtbl	mission_checkpoints.xtbl	m02	me>m02</MissionName>    <CheckpointName>m02_checkpoint_final_dive</CheckpointName> 
patch_compressed.vpp_pc	mission_checkpoints.xtbl	mission_checkpoints.xtbl	m02	ame>    <_Editor>     <Category>Entries:m02</Category>     </_Editor>    <Debug>Fal
patch_compressed.vpp_pc	mission_checkpoints.xtbl	mission_checkpoints.xtbl	m02	points>   <MissionCheckpoints>    <Name>m02-03</Name>    <Index>3</Index>    <Missi
patch_compressed.vpp_pc	mission_checkpoints.xtbl	mission_checkpoints.xtbl	m02	me>    <Index>3</Index>    <MissionName>m02</MissionName>    <CheckpointName>m02_de
patch_compressed.vpp_pc	mission_checkpoints.xtbl	mission_checkpoints.xtbl	m02	me>m02</MissionName>    <CheckpointName>m02_debug_checkpoint_first_dive</Checkpoint
patch_compressed.vpp_pc	mission_checkpoints.xtbl	mission_checkpoints.xtbl	m02	ame>    <_Editor>     <Category>Entries:m02</Category>     </_Editor>    <Debug>Tru
patch_compressed.vpp_pc	mission_checkpoints.xtbl	mission_checkpoints.xtbl	m02	points>   <MissionCheckpoints>    <Name>m02-04</Name>    <Index>4</Index>    <Missi
patch_compressed.vpp_pc	mission_checkpoints.xtbl	mission_checkpoints.xtbl	m02	me>    <Index>4</Index>    <MissionName>m02</MissionName>    <CheckpointName>m02_de
patch_compressed.vpp_pc	mission_checkpoints.xtbl	mission_checkpoints.xtbl	m02	me>m02</MissionName>    <CheckpointName>m02_debug_checkpoint_final_qte</CheckpointN
patch_compressed.vpp_pc	mission_checkpoints.xtbl	mission_checkpoints.xtbl	m02	ame>    <_Editor>     <Category>Entries:m02</Category>     </_Editor>    <Debug>Tru
patch_compressed.vpp_pc	mission_checkpoints.xtbl	mission_checkpoints.xtbl	m02	s>   <MissionCheckpoints>    <Name>dlc2_m02-01</Name>    <Index>1</Index>    <Missi
patch_compressed.vpp_pc	mission_checkpoints.xtbl	mission_checkpoints.xtbl	m02	  <Index>1</Index>    <MissionName>dlc2_m02</MissionName>    <CheckpointName>1</Che
patch_compressed.vpp_pc	mission_checkpoints.xtbl	mission_checkpoints.xtbl	m02	   <_Editor>     <Category>Entries:dlc2_m02</Category>     </_Editor>    </MissionC
patch_compressed.vpp_pc	mission_checkpoints.xtbl	mission_checkpoints.xtbl	m02	s>   <MissionCheckpoints>    <Name>dlc2_m02-02</Name>    <Index>2</Index>    <Missi
patch_compressed.vpp_pc	mission_checkpoints.xtbl	mission_checkpoints.xtbl	m02	  <Index>2</Index>    <MissionName>dlc2_m02</MissionName>    <CheckpointName>2</Che
patch_compressed.vpp_pc	mission_checkpoints.xtbl	mission_checkpoints.xtbl	m02	   <_Editor>     <Category>Entries:dlc2_m02</Category>     </_Editor>    </MissionC
patch_compressed.vpp_pc	mission_checkpoints.xtbl	mission_checkpoints.xtbl	m02	s>   <MissionCheckpoints>    <Name>dlc2_m02-03</Name>    <Index>3</Index>    <Missi
patch_compressed.vpp_pc	mission_checkpoints.xtbl	mission_checkpoints.xtbl	m02	  <Index>3</Index>    <MissionName>dlc2_m02</MissionName>    <CheckpointName>3</Che
patch_compressed.vpp_pc	mission_checkpoints.xtbl	mission_checkpoints.xtbl	m02	   <_Editor>     <Category>Entries:dlc2_m02</Category>     </_Editor>    </MissionC
patch_compressed.vpp_pc	mission_checkpoints.xtbl	mission_checkpoints.xtbl	m02	s>   <MissionCheckpoints>    <Name>dlc2_m02-04</Name>    <Index>4</Index>    <Missi
patch_compressed.vpp_pc	mission_checkpoints.xtbl	mission_checkpoints.xtbl	m02	  <Index>4</Index>    <MissionName>dlc2_m02</MissionName>    <CheckpointName>4</Che
patch_compressed.vpp_pc	mission_checkpoints.xtbl	mission_checkpoints.xtbl	m02	   <_Editor>     <Category>Entries:dlc2_m02</Category>     </_Editor>    </MissionC
patch_compressed.vpp_pc	mission_checkpoints.xtbl	mission_checkpoints.xtbl	m02	s>   <MissionCheckpoints>    <Name>dlc3_m02-01</Name>    <Index>1</Index>    <Missi
patch_compressed.vpp_pc	mission_checkpoints.xtbl	mission_checkpoints.xtbl	m02	  <Index>1</Index>    <MissionName>dlc3_m02</MissionName>    <CheckpointName>cp_ps_
patch_compressed.vpp_pc	mission_checkpoints.xtbl	mission_checkpoints.xtbl	m02	   <_Editor>     <Category>Entries:dlc3_m02</Category>     </_Editor>    </MissionC
patch_compressed.vpp_pc	mission_checkpoints.xtbl	mission_checkpoints.xtbl	m02	s>   <MissionCheckpoints>    <Name>dlc3_m02-02</Name>    <Index>2</Index>    <Missi
patch_compressed.vpp_pc	mission_checkpoints.xtbl	mission_checkpoints.xtbl	m02	  <Index>2</Index>    <MissionName>dlc3_m02</MissionName>    <CheckpointName>cp_ps_
patch_compressed.vpp_pc	mission_checkpoints.xtbl	mission_checkpoints.xtbl	m02	   <_Editor>     <Category>Entries:dlc3_m02</Category>     </_Editor>    </MissionC
patch_compressed.vpp_pc	mission_checkpoints.xtbl	mission_checkpoints.xtbl	m02	s>   <MissionCheckpoints>    <Name>dlc3_m02-03</Name>    <Index>3</Index>    <Missi
patch_compressed.vpp_pc	mission_checkpoints.xtbl	mission_checkpoints.xtbl	m02	  <Index>3</Index>    <MissionName>dlc3_m02</MissionName>    <CheckpointName>cp_dt_
patch_compressed.vpp_pc	mission_checkpoints.xtbl	mission_checkpoints.xtbl	m02	   <_Editor>     <Category>Entries:dlc3_m02</Category>     </_Editor>    </MissionC
patch_compressed.vpp_pc	mission_checkpoints.xtbl	mission_checkpoints.xtbl	m02	/Category>    <Category>     <Name>dlc2_m02</Name>     </Category>    <Category>   
patch_compressed.vpp_pc	mission_checkpoints.xtbl	mission_checkpoints.xtbl	m02	/Category>    <Category>     <Name>dlc3_m02</Name>     </Category>    <Category>   
patch_compressed.vpp_pc	mission_checkpoints.xtbl	mission_checkpoints.xtbl	m02	    </Category>    <Category>     <Name>m02</Name>     </Category>    <Category>   
patch_compressed.vpp_pc	mission_checkpoints.xtbl	mission_checkpoints.xtbl	m03	points>   <MissionCheckpoints>    <Name>m03-01</Name>    <Index>1</Index>    <Missi
patch_compressed.vpp_pc	mission_checkpoints.xtbl	mission_checkpoints.xtbl	m03	me>    <Index>1</Index>    <MissionName>m03</MissionName>    <CheckpointName>get th
patch_compressed.vpp_pc	mission_checkpoints.xtbl	mission_checkpoints.xtbl	m03	ame>    <_Editor>     <Category>Entries:m03</Category>     </_Editor>    <Debug>Fal
patch_compressed.vpp_pc	mission_checkpoints.xtbl	mission_checkpoints.xtbl	m03	points>   <MissionCheckpoints>    <Name>m03-02</Name>    <Index>2</Index>    <Missi
patch_compressed.vpp_pc	mission_checkpoints.xtbl	mission_checkpoints.xtbl	m03	me>    <Index>2</Index>    <MissionName>m03</MissionName>    <CheckpointName>hold y
patch_compressed.vpp_pc	mission_checkpoints.xtbl	mission_checkpoints.xtbl	m03	ame>    <_Editor>     <Category>Entries:m03</Category>     </_Editor>    <Debug>Fal
patch_compressed.vpp_pc	mission_checkpoints.xtbl	mission_checkpoints.xtbl	m03	points>   <MissionCheckpoints>    <Name>m03-03</Name>    <Index>3</Index>    <Missi
patch_compressed.vpp_pc	mission_checkpoints.xtbl	mission_checkpoints.xtbl	m03	me>    <Index>3</Index>    <MissionName>m03</MissionName>    <CheckpointName>protec
patch_compressed.vpp_pc	mission_checkpoints.xtbl	mission_checkpoints.xtbl	m03	ame>    <_Editor>     <Category>Entries:m03</Category>     </_Editor>    <Debug>Fal
patch_compressed.vpp_pc	mission_checkpoints.xtbl	mission_checkpoints.xtbl	m03	points>   <MissionCheckpoints>    <Name>m03-04</Name>    <Index>4</Index>    <Missi
patch_compressed.vpp_pc	mission_checkpoints.xtbl	mission_checkpoints.xtbl	m03	me>    <Index>4</Index>    <MissionName>m03</MissionName>    <CheckpointName>helico
patch_compressed.vpp_pc	mission_checkpoints.xtbl	mission_checkpoints.xtbl	m03	ame>    <_Editor>     <Category>Entries:m03</Category>     </_Editor>    <Debug>Fal
patch_compressed.vpp_pc	mission_checkpoints.xtbl	mission_checkpoints.xtbl	m03	s>   <MissionCheckpoints>    <Name>dlc2_m03-01</Name>    <Index>1</Index>    <Missi
patch_compressed.vpp_pc	mission_checkpoints.xtbl	mission_checkpoints.xtbl	m03	  <Index>1</Index>    <MissionName>dlc2_m03</MissionName>    <CheckpointName>dlc2_m
patch_compressed.vpp_pc	mission_checkpoints.xtbl	mission_checkpoints.xtbl	m03	3</MissionName>    <CheckpointName>dlc2_m03_transmitter_one_infected</CheckpointNam
patch_compressed.vpp_pc	mission_checkpoints.xtbl	mission_checkpoints.xtbl	m03	   <_Editor>     <Category>Entries:dlc2_m03</Category>     </_Editor>    </MissionC
patch_compressed.vpp_pc	mission_checkpoints.xtbl	mission_checkpoints.xtbl	m03	s>   <MissionCheckpoints>    <Name>dlc2_m03-02</Name>    <Index>2</Index>    <Missi
patch_compressed.vpp_pc	mission_checkpoints.xtbl	mission_checkpoints.xtbl	m03	  <Index>2</Index>    <MissionName>dlc2_m03</MissionName>    <CheckpointName>dlc2_m
patch_compressed.vpp_pc	mission_checkpoints.xtbl	mission_checkpoints.xtbl	m03	3</MissionName>    <CheckpointName>dlc2_m03_stunt_sequence_complete</CheckpointName
patch_compressed.vpp_pc	mission_checkpoints.xtbl	mission_checkpoints.xtbl	m03	   <_Editor>     <Category>Entries:dlc2_m03</Category>     </_Editor>    </MissionC
patch_compressed.vpp_pc	mission_checkpoints.xtbl	mission_checkpoints.xtbl	m03	s>   <MissionCheckpoints>    <Name>dlc2_m03-03</Name>    <Index>3</Index>    <Missi
patch_compressed.vpp_pc	mission_checkpoints.xtbl	mission_checkpoints.xtbl	m03	  <Index>3</Index>    <MissionName>dlc2_m03</MissionName>    <CheckpointName>dlc2_m
patch_compressed.vpp_pc	mission_checkpoints.xtbl	mission_checkpoints.xtbl	m03	3</MissionName>    <CheckpointName>dlc2_m03_transmitter_two_infected</CheckpointNam
patch_compressed.vpp_pc	mission_checkpoints.xtbl	mission_checkpoints.xtbl	m03	   <_Editor>     <Category>Entries:dlc2_m03</Category>     </_Editor>    </MissionC
patch_compressed.vpp_pc	mission_checkpoints.xtbl	mission_checkpoints.xtbl	m03	s>   <MissionCheckpoints>    <Name>dlc2_m03-04</Name>    <Index>4</Index>    <Missi
patch_compressed.vpp_pc	mission_checkpoints.xtbl	mission_checkpoints.xtbl	m03	  <Index>4</Index>    <MissionName>dlc2_m03</MissionName>    <CheckpointName>dlc2_m
patch_compressed.vpp_pc	mission_checkpoints.xtbl	mission_checkpoints.xtbl	m03	3</MissionName>    <CheckpointName>dlc2_m03_national_guard_trap_destroyed</Checkpoi
patch_compressed.vpp_pc	mission_checkpoints.xtbl	mission_checkpoints.xtbl	m03	   <_Editor>     <Category>Entries:dlc2_m03</Category>     </_Editor>    </MissionC
patch_compressed.vpp_pc	mission_checkpoints.xtbl	mission_checkpoints.xtbl	m03	s>   <MissionCheckpoints>    <Name>dlc2_m03-05</Name>    <Index>5</Index>    <Missi
patch_compressed.vpp_pc	mission_checkpoints.xtbl	mission_checkpoints.xtbl	m03	  <Index>5</Index>    <MissionName>dlc2_m03</MissionName>    <CheckpointName>dlc2_m
patch_compressed.vpp_pc	mission_checkpoints.xtbl	mission_checkpoints.xtbl	m03	3</MissionName>    <CheckpointName>dlc2_m03_transmitter_three_infected</CheckpointN
patch_compressed.vpp_pc	mission_checkpoints.xtbl	mission_checkpoints.xtbl	m03	   <_Editor>     <Category>Entries:dlc2_m03</Category>     </_Editor>    </MissionC
patch_compressed.vpp_pc	mission_checkpoints.xtbl	mission_checkpoints.xtbl	m03	s>   <MissionCheckpoints>    <Name>dlc2_m03-06</Name>    <Index>6</Index>    <Missi
patch_compressed.vpp_pc	mission_checkpoints.xtbl	mission_checkpoints.xtbl	m03	  <Index>6</Index>    <MissionName>dlc2_m03</MissionName>    <CheckpointName>dlc2_m
patch_compressed.vpp_pc	mission_checkpoints.xtbl	mission_checkpoints.xtbl	m03	3</MissionName>    <CheckpointName>dlc2_m03_virus_executed</CheckpointName>    <Deb
patch_compressed.vpp_pc	mission_checkpoints.xtbl	mission_checkpoints.xtbl	m03	   <_Editor>     <Category>Entries:dlc2_m03</Category>     </_Editor>    </MissionC
patch_compressed.vpp_pc	mission_checkpoints.xtbl	mission_checkpoints.xtbl	m03	s>   <MissionCheckpoints>    <Name>dlc3_m03-01</Name>    <Index>1</Index>    <Missi
patch_compressed.vpp_pc	mission_checkpoints.xtbl	mission_checkpoints.xtbl	m03	  <Index>1</Index>    <MissionName>dlc3_m03</MissionName>    <CheckpointName>planet
patch_compressed.vpp_pc	mission_checkpoints.xtbl	mission_checkpoints.xtbl	m03	   <_Editor>     <Category>Entries:dlc3_m03</Category>     </_Editor>    </MissionC
patch_compressed.vpp_pc	mission_checkpoints.xtbl	mission_checkpoints.xtbl	m03	s>   <MissionCheckpoints>    <Name>dlc3_m03-02</Name>    <Index>2</Index>    <Missi
patch_compressed.vpp_pc	mission_checkpoints.xtbl	mission_checkpoints.xtbl	m03	  <Index>2</Index>    <MissionName>dlc3_m03</MissionName>    <CheckpointName>bridge
patch_compressed.vpp_pc	mission_checkpoints.xtbl	mission_checkpoints.xtbl	m03	   <_Editor>     <Category>Entries:dlc3_m03</Category>     </_Editor>    </MissionC
patch_compressed.vpp_pc	mission_checkpoints.xtbl	mission_checkpoints.xtbl	m03	s>   <MissionCheckpoints>    <Name>dlc3_m03-03</Name>    <Index>3</Index>    <Missi
patch_compressed.vpp_pc	mission_checkpoints.xtbl	mission_checkpoints.xtbl	m03	  <Index>3</Index>    <MissionName>dlc3_m03</MissionName>    <CheckpointName>heli_r
patch_compressed.vpp_pc	mission_checkpoints.xtbl	mission_checkpoints.xtbl	m03	   <_Editor>     <Category>Entries:dlc3_m03</Category>     </_Editor>    </MissionC
patch_compressed.vpp_pc	mission_checkpoints.xtbl	mission_checkpoints.xtbl	m03	/Category>    <Category>     <Name>dlc2_m03</Name>     </Category>    <Category>   
patch_compressed.vpp_pc	mission_checkpoints.xtbl	mission_checkpoints.xtbl	m03	/Category>    <Category>     <Name>dlc3_m03</Name>     </Category>    <Category>   
patch_compressed.vpp_pc	mission_checkpoints.xtbl	mission_checkpoints.xtbl	m03	    </Category>    <Category>     <Name>m03</Name>     </Category>    <Category>   
patch_compressed.vpp_pc	mission_checkpoints.xtbl	mission_checkpoints.xtbl	m04	points>   <MissionCheckpoints>    <Name>m04-01</Name>    <Index>1</Index>    <Missi
patch_compressed.vpp_pc	mission_checkpoints.xtbl	mission_checkpoints.xtbl	m04	me>    <Index>1</Index>    <MissionName>m04</MissionName>    <CheckpointName>m04_ch
patch_compressed.vpp_pc	mission_checkpoints.xtbl	mission_checkpoints.xtbl	m04	me>m04</MissionName>    <CheckpointName>m04_checkpoint_clothes_tutorial</Checkpoint
patch_compressed.vpp_pc	mission_checkpoints.xtbl	mission_checkpoints.xtbl	m04	ame>    <_Editor>     <Category>Entries:m04</Category>     </_Editor>    <Debug>Fal
patch_compressed.vpp_pc	mission_checkpoints.xtbl	mission_checkpoints.xtbl	m04	points>   <MissionCheckpoints>    <Name>m04-02</Name>    <Index>2</Index>    <Missi
patch_compressed.vpp_pc	mission_checkpoints.xtbl	mission_checkpoints.xtbl	m04	me>    <Index>2</Index>    <MissionName>m04</MissionName>    <CheckpointName>m04_ch
patch_compressed.vpp_pc	mission_checkpoints.xtbl	mission_checkpoints.xtbl	m04	me>m04</MissionName>    <CheckpointName>m04_checkpoint_brute_fight</CheckpointName>
patch_compressed.vpp_pc	mission_checkpoints.xtbl	mission_checkpoints.xtbl	m04	ame>    <_Editor>     <Category>Entries:m04</Category>     </_Editor>    <Debug>Fal
patch_compressed.vpp_pc	mission_checkpoints.xtbl	mission_checkpoints.xtbl	m04	points>   <MissionCheckpoints>    <Name>m04-03</Name>    <Index>3</Index>    <Missi
patch_compressed.vpp_pc	mission_checkpoints.xtbl	mission_checkpoints.xtbl	m04	me>    <Index>3</Index>    <MissionName>m04</MissionName>    <CheckpointName>m04_ch
patch_compressed.vpp_pc	mission_checkpoints.xtbl	mission_checkpoints.xtbl	m04	me>m04</MissionName>    <CheckpointName>m04_checkpoint_notoriety_reduction</Checkpo
patch_compressed.vpp_pc	mission_checkpoints.xtbl	mission_checkpoints.xtbl	m04	ame>    <_Editor>     <Category>Entries:m04</Category>     </_Editor>    <Debug>Fal
patch_compressed.vpp_pc	mission_checkpoints.xtbl	mission_checkpoints.xtbl	m04	    </Category>    <Category>     <Name>m04</Name>     </Category>    <Category>   
patch_compressed.vpp_pc	mission_checkpoints.xtbl	mission_checkpoints.xtbl	m05	points>   <MissionCheckpoints>    <Name>m05-01</Name>    <Index>1</Index>    <Missi
patch_compressed.vpp_pc	mission_checkpoints.xtbl	mission_checkpoints.xtbl	m05	me>    <Index>1</Index>    <MissionName>m05</MissionName>    <CheckpointName>m05_cp
patch_compressed.vpp_pc	mission_checkpoints.xtbl	mission_checkpoints.xtbl	m05	me>m05</MissionName>    <CheckpointName>m05_cp_saints</CheckpointName>    <_Editor>
patch_compressed.vpp_pc	mission_checkpoints.xtbl	mission_checkpoints.xtbl	m05	ame>    <_Editor>     <Category>Entries:m05</Category>     </_Editor>    <Debug>Fal
patch_compressed.vpp_pc	mission_checkpoints.xtbl	mission_checkpoints.xtbl	m05	points>   <MissionCheckpoints>    <Name>m05-02</Name>    <Index>2</Index>    <Missi
patch_compressed.vpp_pc	mission_checkpoints.xtbl	mission_checkpoints.xtbl	m05	me>    <Index>2</Index>    <MissionName>m05</MissionName>    <CheckpointName>m05_cp
patch_compressed.vpp_pc	mission_checkpoints.xtbl	mission_checkpoints.xtbl	m05	me>m05</MissionName>    <CheckpointName>m05_cp_chase</CheckpointName>    <_Editor> 
patch_compressed.vpp_pc	mission_checkpoints.xtbl	mission_checkpoints.xtbl	m05	ame>    <_Editor>     <Category>Entries:m05</Category>     </_Editor>    <Debug>Fal
patch_compressed.vpp_pc	mission_checkpoints.xtbl	mission_checkpoints.xtbl	m05	    </Category>    <Category>     <Name>m05</Name>     </Category>    <Category>   
patch_compressed.vpp_pc	mission_checkpoints.xtbl	mission_checkpoints.xtbl	m06	points>   <MissionCheckpoints>    <Name>m06-01</Name>    <Index>1</Index>    <Missi
patch_compressed.vpp_pc	mission_checkpoints.xtbl	mission_checkpoints.xtbl	m06	me>    <Index>1</Index>    <MissionName>m06</MissionName>    <CheckpointName>m06_do
patch_compressed.vpp_pc	mission_checkpoints.xtbl	mission_checkpoints.xtbl	m06	me>m06</MissionName>    <CheckpointName>m06_dock</CheckpointName>    <_Editor>     
patch_compressed.vpp_pc	mission_checkpoints.xtbl	mission_checkpoints.xtbl	m06	ame>    <_Editor>     <Category>Entries:m06</Category>     </_Editor>    <Debug>Fal
patch_compressed.vpp_pc	mission_checkpoints.xtbl	mission_checkpoints.xtbl	m06	points>   <MissionCheckpoints>    <Name>m06-02</Name>    <Index>2</Index>    <Missi
patch_compressed.vpp_pc	mission_checkpoints.xtbl	mission_checkpoints.xtbl	m06	me>    <Index>2</Index>    <MissionName>m06</MissionName>    <CheckpointName>m06_fa
patch_compressed.vpp_pc	mission_checkpoints.xtbl	mission_checkpoints.xtbl	m06	me>m06</MissionName>    <CheckpointName>m06_factory</CheckpointName>    <_Editor>  
patch_compressed.vpp_pc	mission_checkpoints.xtbl	mission_checkpoints.xtbl	m06	ame>    <_Editor>     <Category>Entries:m06</Category>     </_Editor>    <Debug>Fal
patch_compressed.vpp_pc	mission_checkpoints.xtbl	mission_checkpoints.xtbl	m06	points>   <MissionCheckpoints>    <Name>m06-03</Name>    <Index>3</Index>    <Missi
patch_compressed.vpp_pc	mission_checkpoints.xtbl	mission_checkpoints.xtbl	m06	me>    <Index>3</Index>    <MissionName>m06</MissionName>    <CheckpointName>m06_br
patch_compressed.vpp_pc	mission_checkpoints.xtbl	mission_checkpoints.xtbl	m06	me>m06</MissionName>    <CheckpointName>m06_brute_killed</CheckpointName>    <_Edit
patch_compressed.vpp_pc	mission_checkpoints.xtbl	mission_checkpoints.xtbl	m06	ame>    <_Editor>     <Category>Entries:m06</Category>     </_Editor>    <Debug>Fal
patch_compressed.vpp_pc	mission_checkpoints.xtbl	mission_checkpoints.xtbl	m06	points>   <MissionCheckpoints>    <Name>m06-04</Name>    <Index>4</Index>    <Missi
patch_compressed.vpp_pc	mission_checkpoints.xtbl	mission_checkpoints.xtbl	m06	me>    <Index>4</Index>    <MissionName>m06</MissionName>    <CheckpointName>m06_ch
patch_compressed.vpp_pc	mission_checkpoints.xtbl	mission_checkpoints.xtbl	m06	me>m06</MissionName>    <CheckpointName>m06_checkpoint_ball_drop</CheckpointName>  
patch_compressed.vpp_pc	mission_checkpoints.xtbl	mission_checkpoints.xtbl	m06	ame>    <_Editor>     <Category>Entries:m06</Category>     </_Editor>    <Debug>Fal
patch_compressed.vpp_pc	mission_checkpoints.xtbl	mission_checkpoints.xtbl	m06	    </Category>    <Category>     <Name>m06</Name>     </Category>    <Category>   
patch_compressed.vpp_pc	mission_checkpoints.xtbl	mission_checkpoints.xtbl	m07	points>   <MissionCheckpoints>    <Name>m07-01</Name>    <Index>1</Index>    <Missi
patch_compressed.vpp_pc	mission_checkpoints.xtbl	mission_checkpoints.xtbl	m07	me>    <Index>1</Index>    <MissionName>m07</MissionName>    <CheckpointName>barge<
patch_compressed.vpp_pc	mission_checkpoints.xtbl	mission_checkpoints.xtbl	m07	ame>    <_Editor>     <Category>Entries:m07</Category>     </_Editor>    <Debug>Fal
patch_compressed.vpp_pc	mission_checkpoints.xtbl	mission_checkpoints.xtbl	m07	points>   <MissionCheckpoints>    <Name>m07-02</Name>    <Index>2</Index>    <Missi
patch_compressed.vpp_pc	mission_checkpoints.xtbl	mission_checkpoints.xtbl	m07	me>    <Index>2</Index>    <MissionName>m07</MissionName>    <CheckpointName>zimos 
patch_compressed.vpp_pc	mission_checkpoints.xtbl	mission_checkpoints.xtbl	m07	ame>    <_Editor>     <Category>Entries:m07</Category>     </_Editor>    <Debug>Fal
patch_compressed.vpp_pc	mission_checkpoints.xtbl	mission_checkpoints.xtbl	m07	points>   <MissionCheckpoints>    <Name>m07-03</Name>    <Index>3</Index>    <Missi
patch_compressed.vpp_pc	mission_checkpoints.xtbl	mission_checkpoints.xtbl	m07	me>    <Index>3</Index>    <MissionName>m07</MissionName>    <CheckpointName>zimos 
patch_compressed.vpp_pc	mission_checkpoints.xtbl	mission_checkpoints.xtbl	m07	ame>    <_Editor>     <Category>Entries:m07</Category>     </_Editor>    <Debug>Fal
patch_compressed.vpp_pc	mission_checkpoints.xtbl	mission_checkpoints.xtbl	m07	points>   <MissionCheckpoints>    <Name>m07-04</Name>    <Index>4</Index>    <Missi
patch_compressed.vpp_pc	mission_checkpoints.xtbl	mission_checkpoints.xtbl	m07	me>    <Index>4</Index>    <MissionName>m07</MissionName>    <CheckpointName>angel<
patch_compressed.vpp_pc	mission_checkpoints.xtbl	mission_checkpoints.xtbl	m07	ame>    <_Editor>     <Category>Entries:m07</Category>     </_Editor>    <Debug>Fal
patch_compressed.vpp_pc	mission_checkpoints.xtbl	mission_checkpoints.xtbl	m07	points>   <MissionCheckpoints>    <Name>m07-05</Name>    <Index>5</Index>    <Missi
patch_compressed.vpp_pc	mission_checkpoints.xtbl	mission_checkpoints.xtbl	m07	me>    <Index>5</Index>    <MissionName>m07</MissionName>    <CheckpointName>brute<
patch_compressed.vpp_pc	mission_checkpoints.xtbl	mission_checkpoints.xtbl	m07	ame>    <_Editor>     <Category>Entries:m07</Category>     </_Editor>    <Debug>Fal
patch_compressed.vpp_pc	mission_checkpoints.xtbl	mission_checkpoints.xtbl	m07	points>   <MissionCheckpoints>    <Name>m07-06</Name>    <Index>6</Index>    <Missi
patch_compressed.vpp_pc	mission_checkpoints.xtbl	mission_checkpoints.xtbl	m07	me>    <Index>6</Index>    <MissionName>m07</MissionName>    <CheckpointName>defens
patch_compressed.vpp_pc	mission_checkpoints.xtbl	mission_checkpoints.xtbl	m07	ame>    <_Editor>     <Category>Entries:m07</Category>     </_Editor>    <Debug>Fal
patch_compressed.vpp_pc	mission_checkpoints.xtbl	mission_checkpoints.xtbl	m07	    </Category>    <Category>     <Name>m07</Name>     </Category>    <Category>   
patch_compressed.vpp_pc	mission_checkpoints.xtbl	mission_checkpoints.xtbl	m08	points>   <MissionCheckpoints>    <Name>m08-01</Name>    <Index>1</Index>    <Missi
patch_compressed.vpp_pc	mission_checkpoints.xtbl	mission_checkpoints.xtbl	m08	me>    <Index>1</Index>    <MissionName>m08</MissionName>    <CheckpointName>sniper
patch_compressed.vpp_pc	mission_checkpoints.xtbl	mission_checkpoints.xtbl	m08	ame>    <_Editor>     <Category>Entries:m08</Category>     </_Editor>    <Debug>Fal
patch_compressed.vpp_pc	mission_checkpoints.xtbl	mission_checkpoints.xtbl	m08	points>   <MissionCheckpoints>    <Name>m08-02</Name>    <Index>2</Index>    <Missi
patch_compressed.vpp_pc	mission_checkpoints.xtbl	mission_checkpoints.xtbl	m08	me>    <Index>2</Index>    <MissionName>m08</MissionName>    <CheckpointName>power<
patch_compressed.vpp_pc	mission_checkpoints.xtbl	mission_checkpoints.xtbl	m08	ame>    <_Editor>     <Category>Entries:m08</Category>     </_Editor>    <Debug>Fal
patch_compressed.vpp_pc	mission_checkpoints.xtbl	mission_checkpoints.xtbl	m08	points>   <MissionCheckpoints>    <Name>m08-03</Name>    <Index>3</Index>    <Missi
patch_compressed.vpp_pc	mission_checkpoints.xtbl	mission_checkpoints.xtbl	m08	me>    <Index>3</Index>    <MissionName>m08</MissionName>    <CheckpointName>heli</
patch_compressed.vpp_pc	mission_checkpoints.xtbl	mission_checkpoints.xtbl	m08	ame>    <_Editor>     <Category>Entries:m08</Category>     </_Editor>    <Debug>Fal
patch_compressed.vpp_pc	mission_checkpoints.xtbl	mission_checkpoints.xtbl	m08	    </Category>    <Category>     <Name>m08</Name>     </Category>    <Category>   
patch_compressed.vpp_pc	mission_checkpoints.xtbl	mission_checkpoints.xtbl	m09	points>   <MissionCheckpoints>    <Name>m09-01</Name>    <Index>1</Index>    <Missi
patch_compressed.vpp_pc	mission_checkpoints.xtbl	mission_checkpoints.xtbl	m09	me>    <Index>1</Index>    <MissionName>m09</MissionName>    <CheckpointName>m09_ch
patch_compressed.vpp_pc	mission_checkpoints.xtbl	mission_checkpoints.xtbl	m09	me>m09</MissionName>    <CheckpointName>m09_checkpoint_gangway</CheckpointName>    
patch_compressed.vpp_pc	mission_checkpoints.xtbl	mission_checkpoints.xtbl	m09	ame>    <_Editor>     <Category>Entries:m09</Category>     </_Editor>    <Debug>Fal
patch_compressed.vpp_pc	mission_checkpoints.xtbl	mission_checkpoints.xtbl	m09	points>   <MissionCheckpoints>    <Name>m09-02</Name>    <Index>2</Index>    <Missi
patch_compressed.vpp_pc	mission_checkpoints.xtbl	mission_checkpoints.xtbl	m09	me>    <Index>2</Index>    <MissionName>m09</MissionName>    <CheckpointName>m09_ch
patch_compressed.vpp_pc	mission_checkpoints.xtbl	mission_checkpoints.xtbl	m09	me>m09</MissionName>    <CheckpointName>m09_checkpoint_defend_girls</CheckpointName
patch_compressed.vpp_pc	mission_checkpoints.xtbl	mission_checkpoints.xtbl	m09	ame>    <_Editor>     <Category>Entries:m09</Category>     </_Editor>    <Debug>Fal
patch_compressed.vpp_pc	mission_checkpoints.xtbl	mission_checkpoints.xtbl	m09	points>   <MissionCheckpoints>    <Name>m09-03</Name>    <Index>3</Index>    <Missi
patch_compressed.vpp_pc	mission_checkpoints.xtbl	mission_checkpoints.xtbl	m09	me>    <Index>3</Index>    <MissionName>m09</MissionName>    <CheckpointName>m09_ch
patch_compressed.vpp_pc	mission_checkpoints.xtbl	mission_checkpoints.xtbl	m09	me>m09</MissionName>    <CheckpointName>m09_checkpoint_heli_rail</CheckpointName>  
patch_compressed.vpp_pc	mission_checkpoints.xtbl	mission_checkpoints.xtbl	m09	ame>    <_Editor>     <Category>Entries:m09</Category>     </_Editor>    <Debug>Fal
patch_compressed.vpp_pc	mission_checkpoints.xtbl	mission_checkpoints.xtbl	m09	points>   <MissionCheckpoints>    <Name>m09-04</Name>    <Index>4</Index>    <Missi
patch_compressed.vpp_pc	mission_checkpoints.xtbl	mission_checkpoints.xtbl	m09	me>    <Index>4</Index>    <MissionName>m09</MissionName>    <CheckpointName>m09_ch
patch_compressed.vpp_pc	mission_checkpoints.xtbl	mission_checkpoints.xtbl	m09	me>m09</MissionName>    <CheckpointName>m09_checkpoint_truck_route</CheckpointName>
patch_compressed.vpp_pc	mission_checkpoints.xtbl	mission_checkpoints.xtbl	m09	ame>    <_Editor>     <Category>Entries:m09</Category>     </_Editor>    <Debug>Fal
patch_compressed.vpp_pc	mission_checkpoints.xtbl	mission_checkpoints.xtbl	m09	    </Category>    <Category>     <Name>m09</Name>     </Category>    <Category>   
patch_compressed.vpp_pc	mission_checkpoints.xtbl	mission_checkpoints.xtbl	m10	points>   <MissionCheckpoints>    <Name>m10-01</Name>    <Index>1</Index>    <Missi
patch_compressed.vpp_pc	mission_checkpoints.xtbl	mission_checkpoints.xtbl	m10	me>    <Index>1</Index>    <MissionName>m10</MissionName>    <CheckpointName>m10_ch
patch_compressed.vpp_pc	mission_checkpoints.xtbl	mission_checkpoints.xtbl	m10	me>m10</MissionName>    <CheckpointName>m10_checkpoint_survive</CheckpointName>    
patch_compressed.vpp_pc	mission_checkpoints.xtbl	mission_checkpoints.xtbl	m10	ame>    <_Editor>     <Category>Entries:m10</Category>     </_Editor>    <Debug>Fal
patch_compressed.vpp_pc	mission_checkpoints.xtbl	mission_checkpoints.xtbl	m10	points>   <MissionCheckpoints>    <Name>m10-02</Name>    <Index>2</Index>    <Missi
patch_compressed.vpp_pc	mission_checkpoints.xtbl	mission_checkpoints.xtbl	m10	me>    <Index>2</Index>    <MissionName>m10</MissionName>    <CheckpointName>m10_ch
patch_compressed.vpp_pc	mission_checkpoints.xtbl	mission_checkpoints.xtbl	m10	me>m10</MissionName>    <CheckpointName>m10_checkpoint_oleg_to_the_rescue</Checkpoi
patch_compressed.vpp_pc	mission_checkpoints.xtbl	mission_checkpoints.xtbl	m10	ame>    <_Editor>     <Category>Entries:m10</Category>     </_Editor>    <Debug>Fal
patch_compressed.vpp_pc	mission_checkpoints.xtbl	mission_checkpoints.xtbl	m10	points>   <MissionCheckpoints>    <Name>m10-03</Name>    <Index>3</Index>    <Missi
patch_compressed.vpp_pc	mission_checkpoints.xtbl	mission_checkpoints.xtbl	m10	me>    <Index>3</Index>    <MissionName>m10</MissionName>    <CheckpointName>m10_ch
patch_compressed.vpp_pc	mission_checkpoints.xtbl	mission_checkpoints.xtbl	m10	me>m10</MissionName>    <CheckpointName>m10_checkpoint_escape_to_hq</CheckpointName
patch_compressed.vpp_pc	mission_checkpoints.xtbl	mission_checkpoints.xtbl	m10	ame>    <_Editor>     <Category>Entries:m10</Category>     </_Editor>    <Debug>Fal
patch_compressed.vpp_pc	mission_checkpoints.xtbl	mission_checkpoints.xtbl	m10	    </Category>    <Category>     <Name>m10</Name>     </Category>    <Category>   
patch_compressed.vpp_pc	mission_checkpoints.xtbl	mission_checkpoints.xtbl	m11	points>   <MissionCheckpoints>    <Name>m11-01</Name>    <Index>1</Index>    <Missi
patch_compressed.vpp_pc	mission_checkpoints.xtbl	mission_checkpoints.xtbl	m11	me>    <Index>1</Index>    <MissionName>m11</MissionName>    <CheckpointName>destro
patch_compressed.vpp_pc	mission_checkpoints.xtbl	mission_checkpoints.xtbl	m11	ame>    <_Editor>     <Category>Entries:m11</Category>     </_Editor>    <Debug>Fal
patch_compressed.vpp_pc	mission_checkpoints.xtbl	mission_checkpoints.xtbl	m11	points>   <MissionCheckpoints>    <Name>m11-02</Name>    <Index>2</Index>    <Missi
patch_compressed.vpp_pc	mission_checkpoints.xtbl	mission_checkpoints.xtbl	m11	me>    <Index>2</Index>    <MissionName>m11</MissionName>    <CheckpointName>roadbl
patch_compressed.vpp_pc	mission_checkpoints.xtbl	mission_checkpoints.xtbl	m11	ame>    <_Editor>     <Category>Entries:m11</Category>     </_Editor>    <Debug>Fal
patch_compressed.vpp_pc	mission_checkpoints.xtbl	mission_checkpoints.xtbl	m11	points>   <MissionCheckpoints>    <Name>m11-03</Name>    <Index>3</Index>    <Missi
patch_compressed.vpp_pc	mission_checkpoints.xtbl	mission_checkpoints.xtbl	m11	me>    <Index>3</Index>    <MissionName>m11</MissionName>    <CheckpointName>roadbl
patch_compressed.vpp_pc	mission_checkpoints.xtbl	mission_checkpoints.xtbl	m11	ame>    <_Editor>     <Category>Entries:m11</Category>     </_Editor>    <Debug>Fal
patch_compressed.vpp_pc	mission_checkpoints.xtbl	mission_checkpoints.xtbl	m11	points>   <MissionCheckpoints>    <Name>m11-04</Name>    <Index>4</Index>    <Missi
patch_compressed.vpp_pc	mission_checkpoints.xtbl	mission_checkpoints.xtbl	m11	me>    <Index>4</Index>    <MissionName>m11</MissionName>    <CheckpointName>roadbl
patch_compressed.vpp_pc	mission_checkpoints.xtbl	mission_checkpoints.xtbl	m11	ame>    <_Editor>     <Category>Entries:m11</Category>     </_Editor>    <Debug>Fal
patch_compressed.vpp_pc	mission_checkpoints.xtbl	mission_checkpoints.xtbl	m11	points>   <MissionCheckpoints>    <Name>m11-05</Name>    <Index>5</Index>    <Missi
patch_compressed.vpp_pc	mission_checkpoints.xtbl	mission_checkpoints.xtbl	m11	me>    <Index>5</Index>    <MissionName>m11</MissionName>    <CheckpointName>roadbl
patch_compressed.vpp_pc	mission_checkpoints.xtbl	mission_checkpoints.xtbl	m11	ame>    <_Editor>     <Category>Entries:m11</Category>     </_Editor>    <Debug>Fal
patch_compressed.vpp_pc	mission_checkpoints.xtbl	mission_checkpoints.xtbl	m11	points>   <MissionCheckpoints>    <Name>m11-06</Name>    <Index>6</Index>    <Missi
patch_compressed.vpp_pc	mission_checkpoints.xtbl	mission_checkpoints.xtbl	m11	me>    <Index>6</Index>    <MissionName>m11</MissionName>    <CheckpointName>roadbl
patch_compressed.vpp_pc	mission_checkpoints.xtbl	mission_checkpoints.xtbl	m11	ame>    <_Editor>     <Category>Entries:m11</Category>     </_Editor>    <Debug>Fal
patch_compressed.vpp_pc	mission_checkpoints.xtbl	mission_checkpoints.xtbl	m11	points>   <MissionCheckpoints>    <Name>m11-07</Name>    <Index>7</Index>    <Missi
patch_compressed.vpp_pc	mission_checkpoints.xtbl	mission_checkpoints.xtbl	m11	me>    <Index>7</Index>    <MissionName>m11</MissionName>    <CheckpointName>roadbl
patch_compressed.vpp_pc	mission_checkpoints.xtbl	mission_checkpoints.xtbl	m11	ame>    <_Editor>     <Category>Entries:m11</Category>     </_Editor>    <Debug>Fal
patch_compressed.vpp_pc	mission_checkpoints.xtbl	mission_checkpoints.xtbl	m11	points>   <MissionCheckpoints>    <Name>m11-08</Name>    <Index>8</Index>    <Missi
patch_compressed.vpp_pc	mission_checkpoints.xtbl	mission_checkpoints.xtbl	m11	me>    <Index>8</Index>    <MissionName>m11</MissionName>    <CheckpointName>oleg_b
patch_compressed.vpp_pc	mission_checkpoints.xtbl	mission_checkpoints.xtbl	m11	ame>    <_Editor>     <Category>Entries:m11</Category>     </_Editor>    <Debug>Fal
patch_compressed.vpp_pc	mission_checkpoints.xtbl	mission_checkpoints.xtbl	m11	points>   <MissionCheckpoints>    <Name>m11-09</Name>    <Index>9</Index>    <Missi
patch_compressed.vpp_pc	mission_checkpoints.xtbl	mission_checkpoints.xtbl	m11	me>    <Index>9</Index>    <MissionName>m11</MissionName>    <CheckpointName>air_ba
patch_compressed.vpp_pc	mission_checkpoints.xtbl	mission_checkpoints.xtbl	m11	ame>    <_Editor>     <Category>Entries:m11</Category>     </_Editor>    <Debug>Fal
patch_compressed.vpp_pc	mission_checkpoints.xtbl	mission_checkpoints.xtbl	m11	    </Category>    <Category>     <Name>m11</Name>     </Category>    <Category>   
patch_compressed.vpp_pc	mission_checkpoints.xtbl	mission_checkpoints.xtbl	m12	points>   <MissionCheckpoints>    <Name>m12-01</Name>    <Index>1</Index>    <Missi
patch_compressed.vpp_pc	mission_checkpoints.xtbl	mission_checkpoints.xtbl	m12	me>    <Index>1</Index>    <MissionName>m12</MissionName>    <CheckpointName>m12_ch
patch_compressed.vpp_pc	mission_checkpoints.xtbl	mission_checkpoints.xtbl	m12	me>m12</MissionName>    <CheckpointName>m12_checkpoint_grab_josh</CheckpointName>  
patch_compressed.vpp_pc	mission_checkpoints.xtbl	mission_checkpoints.xtbl	m12	ame>    <_Editor>     <Category>Entries:m12</Category>     </_Editor>    <Debug>Fal
patch_compressed.vpp_pc	mission_checkpoints.xtbl	mission_checkpoints.xtbl	m12	points>   <MissionCheckpoints>    <Name>m12-02</Name>    <Index>2</Index>    <Missi
patch_compressed.vpp_pc	mission_checkpoints.xtbl	mission_checkpoints.xtbl	m12	me>    <Index>2</Index>    <MissionName>m12</MissionName>    <CheckpointName>m12_ch
patch_compressed.vpp_pc	mission_checkpoints.xtbl	mission_checkpoints.xtbl	m12	me>m12</MissionName>    <CheckpointName>m12_checkpoint_cubical_battle</CheckpointNa
patch_compressed.vpp_pc	mission_checkpoints.xtbl	mission_checkpoints.xtbl	m12	ame>    <_Editor>     <Category>Entries:m12</Category>     </_Editor>    <Debug>Fal
patch_compressed.vpp_pc	mission_checkpoints.xtbl	mission_checkpoints.xtbl	m12	points>   <MissionCheckpoints>    <Name>m12-03</Name>    <Index>3</Index>    <Missi
patch_compressed.vpp_pc	mission_checkpoints.xtbl	mission_checkpoints.xtbl	m12	me>    <Index>3</Index>    <MissionName>m12</MissionName>    <CheckpointName>m12_ch
patch_compressed.vpp_pc	mission_checkpoints.xtbl	mission_checkpoints.xtbl	m12	me>m12</MissionName>    <CheckpointName>m12_checkpoint_escape</CheckpointName>    <
patch_compressed.vpp_pc	mission_checkpoints.xtbl	mission_checkpoints.xtbl	m12	ame>    <_Editor>     <Category>Entries:m12</Category>     </_Editor>    <Debug>Fal
patch_compressed.vpp_pc	mission_checkpoints.xtbl	mission_checkpoints.xtbl	m12	    </Category>    <Category>     <Name>m12</Name>     </Category>    <Category>   
patch_compressed.vpp_pc	mission_checkpoints.xtbl	mission_checkpoints.xtbl	m13	points>   <MissionCheckpoints>    <Name>m13-01</Name>    <Index>1</Index>    <Missi
patch_compressed.vpp_pc	mission_checkpoints.xtbl	mission_checkpoints.xtbl	m13	me>    <Index>1</Index>    <MissionName>m13</MissionName>    <CheckpointName>m13_ch
patch_compressed.vpp_pc	mission_checkpoints.xtbl	mission_checkpoints.xtbl	m13	me>m13</MissionName>    <CheckpointName>m13_checkpoint_banners</CheckpointName>    
patch_compressed.vpp_pc	mission_checkpoints.xtbl	mission_checkpoints.xtbl	m13	ame>    <_Editor>     <Category>Entries:m13</Category>     </_Editor>    <Debug>Fal
patch_compressed.vpp_pc	mission_checkpoints.xtbl	mission_checkpoints.xtbl	m13	points>   <MissionCheckpoints>    <Name>m13-02</Name>    <Index>2</Index>    <Missi
patch_compressed.vpp_pc	mission_checkpoints.xtbl	mission_checkpoints.xtbl	m13	me>    <Index>2</Index>    <MissionName>m13</MissionName>    <CheckpointName>m13_ch
patch_compressed.vpp_pc	mission_checkpoints.xtbl	mission_checkpoints.xtbl	m13	me>m13</MissionName>    <CheckpointName>m13_checkpoint_wave_1_start</CheckpointName
patch_compressed.vpp_pc	mission_checkpoints.xtbl	mission_checkpoints.xtbl	m13	ame>    <_Editor>     <Category>Entries:m13</Category>     </_Editor>    <Debug>Fal
patch_compressed.vpp_pc	mission_checkpoints.xtbl	mission_checkpoints.xtbl	m13	points>   <MissionCheckpoints>    <Name>m13-03</Name>    <Index>3</Index>    <Missi
patch_compressed.vpp_pc	mission_checkpoints.xtbl	mission_checkpoints.xtbl	m13	me>    <Index>3</Index>    <MissionName>m13</MissionName>    <CheckpointName>m13_ch
patch_compressed.vpp_pc	mission_checkpoints.xtbl	mission_checkpoints.xtbl	m13	me>m13</MissionName>    <CheckpointName>m13_checkpoint_wave_2_start</CheckpointName
patch_compressed.vpp_pc	mission_checkpoints.xtbl	mission_checkpoints.xtbl	m13	ame>    <_Editor>     <Category>Entries:m13</Category>     </_Editor>    <Debug>Fal
patch_compressed.vpp_pc	mission_checkpoints.xtbl	mission_checkpoints.xtbl	m13	points>   <MissionCheckpoints>    <Name>m13-04</Name>    <Index>4</Index>    <Missi
patch_compressed.vpp_pc	mission_checkpoints.xtbl	mission_checkpoints.xtbl	m13	me>    <Index>4</Index>    <MissionName>m13</MissionName>    <CheckpointName>m13_ch
patch_compressed.vpp_pc	mission_checkpoints.xtbl	mission_checkpoints.xtbl	m13	me>m13</MissionName>    <CheckpointName>m13_checkpoint_wave_3_start</CheckpointName
patch_compressed.vpp_pc	mission_checkpoints.xtbl	mission_checkpoints.xtbl	m13	ame>    <_Editor>     <Category>Entries:m13</Category>     </_Editor>    <Debug>Fal
patch_compressed.vpp_pc	mission_checkpoints.xtbl	mission_checkpoints.xtbl	m13	points>   <MissionCheckpoints>    <Name>m13-05</Name>    <Index>5</Index>    <Missi
patch_compressed.vpp_pc	mission_checkpoints.xtbl	mission_checkpoints.xtbl	m13	me>    <Index>5</Index>    <MissionName>m13</MissionName>    <CheckpointName>m13_ch
patch_compressed.vpp_pc	mission_checkpoints.xtbl	mission_checkpoints.xtbl	m13	me>m13</MissionName>    <CheckpointName>m13_checkpoint_decision</CheckpointName>   
patch_compressed.vpp_pc	mission_checkpoints.xtbl	mission_checkpoints.xtbl	m13	ame>    <_Editor>     <Category>Entries:m13</Category>     </_Editor>    <Debug>Fal
patch_compressed.vpp_pc	mission_checkpoints.xtbl	mission_checkpoints.xtbl	m13	    </Category>    <Category>     <Name>m13</Name>     </Category>    <Category>   
patch_compressed.vpp_pc	mission_checkpoints.xtbl	mission_checkpoints.xtbl	m14	points>   <MissionCheckpoints>    <Name>m14-01</Name>    <Index>1</Index>    <Missi
patch_compressed.vpp_pc	mission_checkpoints.xtbl	mission_checkpoints.xtbl	m14	me>    <Index>1</Index>    <MissionName>m14</MissionName>    <CheckpointName>heli</
patch_compressed.vpp_pc	mission_checkpoints.xtbl	mission_checkpoints.xtbl	m14	ame>    <_Editor>     <Category>Entries:m14</Category>     </_Editor>    <Debug>Fal
patch_compressed.vpp_pc	mission_checkpoints.xtbl	mission_checkpoints.xtbl	m14	points>   <MissionCheckpoints>    <Name>m14-02</Name>    <Index>2</Index>    <Missi
patch_compressed.vpp_pc	mission_checkpoints.xtbl	mission_checkpoints.xtbl	m14	me>    <Index>2</Index>    <MissionName>m14</MissionName>    <CheckpointName>t1</Ch
patch_compressed.vpp_pc	mission_checkpoints.xtbl	mission_checkpoints.xtbl	m14	ame>    <_Editor>     <Category>Entries:m14</Category>     </_Editor>    <Debug>Fal
patch_compressed.vpp_pc	mission_checkpoints.xtbl	mission_checkpoints.xtbl	m14	points>   <MissionCheckpoints>    <Name>m14-03</Name>    <Index>3</Index>    <Missi
patch_compressed.vpp_pc	mission_checkpoints.xtbl	mission_checkpoints.xtbl	m14	me>    <Index>3</Index>    <MissionName>m14</MissionName>    <CheckpointName>t2</Ch
patch_compressed.vpp_pc	mission_checkpoints.xtbl	mission_checkpoints.xtbl	m14	ame>    <_Editor>     <Category>Entries:m14</Category>     </_Editor>    <Debug>Fal
patch_compressed.vpp_pc	mission_checkpoints.xtbl	mission_checkpoints.xtbl	m14	points>   <MissionCheckpoints>    <Name>m14-04</Name>    <Index>4</Index>    <Missi
patch_compressed.vpp_pc	mission_checkpoints.xtbl	mission_checkpoints.xtbl	m14	me>    <Index>4</Index>    <MissionName>m14</MissionName>    <CheckpointName>van</C
patch_compressed.vpp_pc	mission_checkpoints.xtbl	mission_checkpoints.xtbl	m14	ame>    <_Editor>     <Category>Entries:m14</Category>     </_Editor>    <Debug>Fal
patch_compressed.vpp_pc	mission_checkpoints.xtbl	mission_checkpoints.xtbl	m14	points>   <MissionCheckpoints>    <Name>m14-05</Name>    <Index>5</Index>    <Missi
patch_compressed.vpp_pc	mission_checkpoints.xtbl	mission_checkpoints.xtbl	m14	me>    <Index>5</Index>    <MissionName>m14</MissionName>    <CheckpointName>studio
patch_compressed.vpp_pc	mission_checkpoints.xtbl	mission_checkpoints.xtbl	m14	ame>    <_Editor>     <Category>Entries:m14</Category>     </_Editor>    <Debug>Fal
patch_compressed.vpp_pc	mission_checkpoints.xtbl	mission_checkpoints.xtbl	m14	    </Category>    <Category>     <Name>m14</Name>     </Category>    <Category>   
patch_compressed.vpp_pc	mission_checkpoints.xtbl	mission_checkpoints.xtbl	m15	points>   <MissionCheckpoints>    <Name>m15-01</Name>    <Index>1</Index>    <Missi
patch_compressed.vpp_pc	mission_checkpoints.xtbl	mission_checkpoints.xtbl	m15	me>    <Index>1</Index>    <MissionName>m15</MissionName>    <CheckpointName>m15_ch
patch_compressed.vpp_pc	mission_checkpoints.xtbl	mission_checkpoints.xtbl	m15	me>m15</MissionName>    <CheckpointName>m15_checkpoint_outside_pr_center</Checkpoin
patch_compressed.vpp_pc	mission_checkpoints.xtbl	mission_checkpoints.xtbl	m15	ame>    <_Editor>     <Category>Entries:m15</Category>     </_Editor>    <Debug>Fal
patch_compressed.vpp_pc	mission_checkpoints.xtbl	mission_checkpoints.xtbl	m15	points>   <MissionCheckpoints>    <Name>m15-02</Name>    <Index>2</Index>    <Missi
patch_compressed.vpp_pc	mission_checkpoints.xtbl	mission_checkpoints.xtbl	m15	me>    <Index>2</Index>    <MissionName>m15</MissionName>    <CheckpointName>m15_ch
patch_compressed.vpp_pc	mission_checkpoints.xtbl	mission_checkpoints.xtbl	m15	me>m15</MissionName>    <CheckpointName>m15_checkpoint_garage</CheckpointName>    <
patch_compressed.vpp_pc	mission_checkpoints.xtbl	mission_checkpoints.xtbl	m15	ame>    <_Editor>     <Category>Entries:m15</Category>     </_Editor>    <Debug>Fal
patch_compressed.vpp_pc	mission_checkpoints.xtbl	mission_checkpoints.xtbl	m15	points>   <MissionCheckpoints>    <Name>m15-03</Name>    <Index>3</Index>    <Missi
patch_compressed.vpp_pc	mission_checkpoints.xtbl	mission_checkpoints.xtbl	m15	me>    <Index>3</Index>    <MissionName>m15</MissionName>    <CheckpointName>m15_ch
patch_compressed.vpp_pc	mission_checkpoints.xtbl	mission_checkpoints.xtbl	m15	me>m15</MissionName>    <CheckpointName>m15_checkpoint_chase</CheckpointName>    <_
patch_compressed.vpp_pc	mission_checkpoints.xtbl	mission_checkpoints.xtbl	m15	ame>    <_Editor>     <Category>Entries:m15</Category>     </_Editor>    <Debug>Fal
patch_compressed.vpp_pc	mission_checkpoints.xtbl	mission_checkpoints.xtbl	m15	points>   <MissionCheckpoints>    <Name>m15-04</Name>    <Index>4</Index>    <Missi
patch_compressed.vpp_pc	mission_checkpoints.xtbl	mission_checkpoints.xtbl	m15	me>    <Index>4</Index>    <MissionName>m15</MissionName>    <CheckpointName>m15_ch
patch_compressed.vpp_pc	mission_checkpoints.xtbl	mission_checkpoints.xtbl	m15	me>m15</MissionName>    <CheckpointName>m15_checkpoint_chase_kneecapper</Checkpoint
patch_compressed.vpp_pc	mission_checkpoints.xtbl	mission_checkpoints.xtbl	m15	ame>    <_Editor>     <Category>Entries:m15</Category>     </_Editor>    <Debug>Fal
patch_compressed.vpp_pc	mission_checkpoints.xtbl	mission_checkpoints.xtbl	m15	    </Category>    <Category>     <Name>m15</Name>     </Category>    <Category>   
patch_compressed.vpp_pc	mission_checkpoints.xtbl	mission_checkpoints.xtbl	m16	points>   <MissionCheckpoints>    <Name>m16-01</Name>    <Index>1</Index>    <Missi
patch_compressed.vpp_pc	mission_checkpoints.xtbl	mission_checkpoints.xtbl	m16	me>    <Index>1</Index>    <MissionName>m16</MissionName>    <CheckpointName>m16_ch
patch_compressed.vpp_pc	mission_checkpoints.xtbl	mission_checkpoints.xtbl	m16	me>m16</MissionName>    <CheckpointName>m16_checkpoint_text_adventure_complete</Che
patch_compressed.vpp_pc	mission_checkpoints.xtbl	mission_checkpoints.xtbl	m16	ame>    <_Editor>     <Category>Entries:m16</Category>     </_Editor>    <Debug>Fal
patch_compressed.vpp_pc	mission_checkpoints.xtbl	mission_checkpoints.xtbl	m16	points>   <MissionCheckpoints>    <Name>m16-03</Name>    <Index>3</Index>    <Missi
patch_compressed.vpp_pc	mission_checkpoints.xtbl	mission_checkpoints.xtbl	m16	me>    <Index>3</Index>    <MissionName>m16</MissionName>    <CheckpointName>m16_ch
patch_compressed.vpp_pc	mission_checkpoints.xtbl	mission_checkpoints.xtbl	m16	me>m16</MissionName>    <CheckpointName>m16_checkpoint_error_screen_disabled</Check
patch_compressed.vpp_pc	mission_checkpoints.xtbl	mission_checkpoints.xtbl	m16	ame>    <_Editor>     <Category>Entries:m16</Category>     </_Editor>    <Debug>Fal
patch_compressed.vpp_pc	mission_checkpoints.xtbl	mission_checkpoints.xtbl	m16	points>   <MissionCheckpoints>    <Name>m16-04</Name>    <Index>4</Index>    <Missi
patch_compressed.vpp_pc	mission_checkpoints.xtbl	mission_checkpoints.xtbl	m16	me>    <Index>4</Index>    <MissionName>m16</MissionName>    <CheckpointName>m16_ch
patch_compressed.vpp_pc	mission_checkpoints.xtbl	mission_checkpoints.xtbl	m16	me>m16</MissionName>    <CheckpointName>m16_checkpoint_matt_battle_start</Checkpoin
patch_compressed.vpp_pc	mission_checkpoints.xtbl	mission_checkpoints.xtbl	m16	ame>    <_Editor>     <Category>Entries:m16</Category>     </_Editor>    <Debug>Fal
patch_compressed.vpp_pc	mission_checkpoints.xtbl	mission_checkpoints.xtbl	m16	points>   <MissionCheckpoints>    <Name>m16-02</Name>    <Index>2</Index>    <Missi
patch_compressed.vpp_pc	mission_checkpoints.xtbl	mission_checkpoints.xtbl	m16	me>    <Index>2</Index>    <MissionName>m16</MissionName>    <CheckpointName>m16_ch
patch_compressed.vpp_pc	mission_checkpoints.xtbl	mission_checkpoints.xtbl	m16	me>m16</MissionName>    <CheckpointName>m16_checkpoint_tank_combat_complete</Checkp
patch_compressed.vpp_pc	mission_checkpoints.xtbl	mission_checkpoints.xtbl	m16	ame>    <_Editor>     <Category>Entries:m16</Category>     </_Editor>    <Debug>Fal
patch_compressed.vpp_pc	mission_checkpoints.xtbl	mission_checkpoints.xtbl	m16	points>   <MissionCheckpoints>    <Name>m16-05</Name>    <Index>5</Index>    <Missi
patch_compressed.vpp_pc	mission_checkpoints.xtbl	mission_checkpoints.xtbl	m16	me>    <Index>5</Index>    <MissionName>m16</MissionName>    <CheckpointName>m16_ch
patch_compressed.vpp_pc	mission_checkpoints.xtbl	mission_checkpoints.xtbl	m16	me>m16</MissionName>    <CheckpointName>m16_checkpoint_matt_dewinged</CheckpointNam
patch_compressed.vpp_pc	mission_checkpoints.xtbl	mission_checkpoints.xtbl	m16	ame>    <_Editor>     <Category>Entries:m16</Category>     </_Editor>    <Debug>Fal
patch_compressed.vpp_pc	mission_checkpoints.xtbl	mission_checkpoints.xtbl	m16	points>   <MissionCheckpoints>    <Name>m16-06</Name>    <Index>6</Index>    <Missi
patch_compressed.vpp_pc	mission_checkpoints.xtbl	mission_checkpoints.xtbl	m16	me>    <Index>6</Index>    <MissionName>m16</MissionName>    <CheckpointName>m16_ch
patch_compressed.vpp_pc	mission_checkpoints.xtbl	mission_checkpoints.xtbl	m16	me>m16</MissionName>    <CheckpointName>m16_checkpoint_matt_phase3</CheckpointName>
patch_compressed.vpp_pc	mission_checkpoints.xtbl	mission_checkpoints.xtbl	m16	ame>    <_Editor>     <Category>Entries:m16</Category>     </_Editor>    <Debug>Fal
patch_compressed.vpp_pc	mission_checkpoints.xtbl	mission_checkpoints.xtbl	m16	points>   <MissionCheckpoints>    <Name>m16-07</Name>    <Index>7</Index>    <Missi
patch_compressed.vpp_pc	mission_checkpoints.xtbl	mission_checkpoints.xtbl	m16	me>    <Index>7</Index>    <MissionName>m16</MissionName>    <CheckpointName>m16_ch
patch_compressed.vpp_pc	mission_checkpoints.xtbl	mission_checkpoints.xtbl	m16	me>m16</MissionName>    <CheckpointName>m16_checkpoint_decker_phase</CheckpointName
patch_compressed.vpp_pc	mission_checkpoints.xtbl	mission_checkpoints.xtbl	m16	ame>    <_Editor>     <Category>Entries:m16</Category>     </_Editor>    <Debug>Fal
patch_compressed.vpp_pc	mission_checkpoints.xtbl	mission_checkpoints.xtbl	m16	points>   <MissionCheckpoints>    <Name>m16-08</Name>    <Index>8</Index>    <Missi
patch_compressed.vpp_pc	mission_checkpoints.xtbl	mission_checkpoints.xtbl	m16	me>    <Index>8</Index>    <MissionName>m16</MissionName>    <CheckpointName>m16_ch
patch_compressed.vpp_pc	mission_checkpoints.xtbl	mission_checkpoints.xtbl	m16	me>m16</MissionName>    <CheckpointName>m16_checkpoint_avatar_battle</CheckpointNam
patch_compressed.vpp_pc	mission_checkpoints.xtbl	mission_checkpoints.xtbl	m16	ame>    <_Editor>     <Category>Entries:m16</Category>     </_Editor>    <Debug>Fal
patch_compressed.vpp_pc	mission_checkpoints.xtbl	mission_checkpoints.xtbl	m16	    </Category>    <Category>     <Name>m16</Name>     </Category>    <Category>   
patch_compressed.vpp_pc	mission_checkpoints.xtbl	mission_checkpoints.xtbl	m17	points>   <MissionCheckpoints>    <Name>m17-01</Name>    <Index>1</Index>    <Missi
patch_compressed.vpp_pc	mission_checkpoints.xtbl	mission_checkpoints.xtbl	m17	me>    <Index>1</Index>    <MissionName>m17</MissionName>    <CheckpointName>meetin
patch_compressed.vpp_pc	mission_checkpoints.xtbl	mission_checkpoints.xtbl	m17	ame>    <_Editor>     <Category>Entries:m17</Category>     </_Editor>    <Debug>Fal
patch_compressed.vpp_pc	mission_checkpoints.xtbl	mission_checkpoints.xtbl	m17	points>   <MissionCheckpoints>    <Name>m17-02</Name>    <Index>2</Index>    <Missi
patch_compressed.vpp_pc	mission_checkpoints.xtbl	mission_checkpoints.xtbl	m17	me>    <Index>2</Index>    <MissionName>m17</MissionName>    <CheckpointName>jailbr
patch_compressed.vpp_pc	mission_checkpoints.xtbl	mission_checkpoints.xtbl	m17	ame>    <_Editor>     <Category>Entries:m17</Category>     </_Editor>    <Debug>Fal
patch_compressed.vpp_pc	mission_checkpoints.xtbl	mission_checkpoints.xtbl	m17	points>   <MissionCheckpoints>    <Name>m17-03</Name>    <Index>3</Index>    <Missi
patch_compressed.vpp_pc	mission_checkpoints.xtbl	mission_checkpoints.xtbl	m17	me>    <Index>3</Index>    <MissionName>m17</MissionName>    <CheckpointName>reacto
patch_compressed.vpp_pc	mission_checkpoints.xtbl	mission_checkpoints.xtbl	m17	ame>    <_Editor>     <Category>Entries:m17</Category>     </_Editor>    <Debug>Fal
patch_compressed.vpp_pc	mission_checkpoints.xtbl	mission_checkpoints.xtbl	m17	points>   <MissionCheckpoints>    <Name>m17-04</Name>    <Index>4</Index>    <Missi
patch_compressed.vpp_pc	mission_checkpoints.xtbl	mission_checkpoints.xtbl	m17	me>    <Index>4</Index>    <MissionName>m17</MissionName>    <CheckpointName>escape
patch_compressed.vpp_pc	mission_checkpoints.xtbl	mission_checkpoints.xtbl	m17	ame>    <_Editor>     <Category>Entries:m17</Category>     </_Editor>    <Debug>Fal
patch_compressed.vpp_pc	mission_checkpoints.xtbl	mission_checkpoints.xtbl	m17	    </Category>    <Category>     <Name>m17</Name>     </Category>    <Category>   
patch_compressed.vpp_pc	mission_checkpoints.xtbl	mission_checkpoints.xtbl	m18	points>   <MissionCheckpoints>    <Name>m18-01</Name>    <Index>1</Index>    <Missi
patch_compressed.vpp_pc	mission_checkpoints.xtbl	mission_checkpoints.xtbl	m18	me>    <Index>1</Index>    <MissionName>m18</MissionName>    <CheckpointName>m18_ch
patch_compressed.vpp_pc	mission_checkpoints.xtbl	mission_checkpoints.xtbl	m18	me>m18</MissionName>    <CheckpointName>m18_checkpoint_escape</CheckpointName>    <
patch_compressed.vpp_pc	mission_checkpoints.xtbl	mission_checkpoints.xtbl	m18	ame>    <_Editor>     <Category>Entries:m18</Category>     </_Editor>    <Debug>Fal
patch_compressed.vpp_pc	mission_checkpoints.xtbl	mission_checkpoints.xtbl	m18	points>   <MissionCheckpoints>    <Name>m18-02</Name>    <Index>2</Index>    <Missi
patch_compressed.vpp_pc	mission_checkpoints.xtbl	mission_checkpoints.xtbl	m18	me>    <Index>2</Index>    <MissionName>m18</MissionName>    <CheckpointName>m18_ch
patch_compressed.vpp_pc	mission_checkpoints.xtbl	mission_checkpoints.xtbl	m18	me>m18</MissionName>    <CheckpointName>m18_checkpoint_free_fall</CheckpointName>  
patch_compressed.vpp_pc	mission_checkpoints.xtbl	mission_checkpoints.xtbl	m18	ame>    <_Editor>     <Category>Entries:m18</Category>     </_Editor>    <Debug>Fal
patch_compressed.vpp_pc	mission_checkpoints.xtbl	mission_checkpoints.xtbl	m18	points>   <MissionCheckpoints>    <Name>m18-03</Name>    <Index>3</Index>    <Missi
patch_compressed.vpp_pc	mission_checkpoints.xtbl	mission_checkpoints.xtbl	m18	me>    <Index>3</Index>    <MissionName>m18</MissionName>    <CheckpointName>m18_ch
patch_compressed.vpp_pc	mission_checkpoints.xtbl	mission_checkpoints.xtbl	m18	me>m18</MissionName>    <CheckpointName>m18_checkpoint_dive_bombers</CheckpointName
patch_compressed.vpp_pc	mission_checkpoints.xtbl	mission_checkpoints.xtbl	m18	ame>    <_Editor>     <Category>Entries:m18</Category>     </_Editor>    <Debug>Fal
patch_compressed.vpp_pc	mission_checkpoints.xtbl	mission_checkpoints.xtbl	m18	points>   <MissionCheckpoints>    <Name>m18-04</Name>    <Index>4</Index>    <Missi
patch_compressed.vpp_pc	mission_checkpoints.xtbl	mission_checkpoints.xtbl	m18	me>    <Index>4</Index>    <MissionName>m18</MissionName>    <CheckpointName>m18_de
patch_compressed.vpp_pc	mission_checkpoints.xtbl	mission_checkpoints.xtbl	m18	me>m18</MissionName>    <CheckpointName>m18_debug_checkpoint_bail_out</CheckpointNa
patch_compressed.vpp_pc	mission_checkpoints.xtbl	mission_checkpoints.xtbl	m18	ame>    <_Editor>     <Category>Entries:m18</Category>     </_Editor>    <Debug>Tru
patch_compressed.vpp_pc	mission_checkpoints.xtbl	mission_checkpoints.xtbl	m18	    </Category>    <Category>     <Name>m18</Name>     </Category>    <Category>   
patch_compressed.vpp_pc	mission_checkpoints.xtbl	mission_checkpoints.xtbl	m19	points>   <MissionCheckpoints>    <Name>m19-01</Name>    <Index>1</Index>    <Missi
patch_compressed.vpp_pc	mission_checkpoints.xtbl	mission_checkpoints.xtbl	m19	me>    <Index>1</Index>    <MissionName>m19</MissionName>    <CheckpointName>m19_do
patch_compressed.vpp_pc	mission_checkpoints.xtbl	mission_checkpoints.xtbl	m19	me>m19</MissionName>    <CheckpointName>m19_doors</CheckpointName>    <_Editor>    
patch_compressed.vpp_pc	mission_checkpoints.xtbl	mission_checkpoints.xtbl	m19	ame>    <_Editor>     <Category>Entries:m19</Category>     </_Editor>    <Debug>Fal
patch_compressed.vpp_pc	mission_checkpoints.xtbl	mission_checkpoints.xtbl	m19	points>   <MissionCheckpoints>    <Name>m19-02</Name>    <Index>2</Index>    <Missi
patch_compressed.vpp_pc	mission_checkpoints.xtbl	mission_checkpoints.xtbl	m19	me>    <Index>2</Index>    <MissionName>m19</MissionName>    <CheckpointName>m19_ch
patch_compressed.vpp_pc	mission_checkpoints.xtbl	mission_checkpoints.xtbl	m19	me>m19</MissionName>    <CheckpointName>m19_chem_01</CheckpointName>    <_Editor>  
patch_compressed.vpp_pc	mission_checkpoints.xtbl	mission_checkpoints.xtbl	m19	ame>    <_Editor>     <Category>Entries:m19</Category>     </_Editor>    <Debug>Fal
patch_compressed.vpp_pc	mission_checkpoints.xtbl	mission_checkpoints.xtbl	m19	points>   <MissionCheckpoints>    <Name>m19-03</Name>    <Index>3</Index>    <Missi
patch_compressed.vpp_pc	mission_checkpoints.xtbl	mission_checkpoints.xtbl	m19	me>    <Index>3</Index>    <MissionName>m19</MissionName>    <CheckpointName>m19_ch
patch_compressed.vpp_pc	mission_checkpoints.xtbl	mission_checkpoints.xtbl	m19	me>m19</MissionName>    <CheckpointName>m19_chem_02</CheckpointName>    <_Editor>  
patch_compressed.vpp_pc	mission_checkpoints.xtbl	mission_checkpoints.xtbl	m19	ame>    <_Editor>     <Category>Entries:m19</Category>     </_Editor>    <Debug>Fal
patch_compressed.vpp_pc	mission_checkpoints.xtbl	mission_checkpoints.xtbl	m19	points>   <MissionCheckpoints>    <Name>m19-04</Name>    <Index>4</Index>    <Missi
patch_compressed.vpp_pc	mission_checkpoints.xtbl	mission_checkpoints.xtbl	m19	me>    <Index>4</Index>    <MissionName>m19</MissionName>    <CheckpointName>m19_ch
patch_compressed.vpp_pc	mission_checkpoints.xtbl	mission_checkpoints.xtbl	m19	me>m19</MissionName>    <CheckpointName>m19_chem_03</CheckpointName>    <_Editor>  
patch_compressed.vpp_pc	mission_checkpoints.xtbl	mission_checkpoints.xtbl	m19	ame>    <_Editor>     <Category>Entries:m19</Category>     </_Editor>    <Debug>Fal
patch_compressed.vpp_pc	mission_checkpoints.xtbl	mission_checkpoints.xtbl	m19	points>   <MissionCheckpoints>    <Name>m19-05</Name>    <Index>5</Index>    <Missi
patch_compressed.vpp_pc	mission_checkpoints.xtbl	mission_checkpoints.xtbl	m19	me>    <Index>5</Index>    <MissionName>m19</MissionName>    <CheckpointName>m19_ch
patch_compressed.vpp_pc	mission_checkpoints.xtbl	mission_checkpoints.xtbl	m19	me>m19</MissionName>    <CheckpointName>m19_chem_01_rescue</CheckpointName>    <_Ed
patch_compressed.vpp_pc	mission_checkpoints.xtbl	mission_checkpoints.xtbl	m19	ame>    <_Editor>     <Category>Entries:m19</Category>     </_Editor>    <Debug>Fal
patch_compressed.vpp_pc	mission_checkpoints.xtbl	mission_checkpoints.xtbl	m19	points>   <MissionCheckpoints>    <Name>m19-06</Name>    <Index>6</Index>    <Missi
patch_compressed.vpp_pc	mission_checkpoints.xtbl	mission_checkpoints.xtbl	m19	me>    <Index>6</Index>    <MissionName>m19</MissionName>    <CheckpointName>m19_ch
patch_compressed.vpp_pc	mission_checkpoints.xtbl	mission_checkpoints.xtbl	m19	me>m19</MissionName>    <CheckpointName>m19_chem_02_rescue</CheckpointName>    <_Ed
patch_compressed.vpp_pc	mission_checkpoints.xtbl	mission_checkpoints.xtbl	m19	ame>    <_Editor>     <Category>Entries:m19</Category>     </_Editor>    <Debug>Fal
patch_compressed.vpp_pc	mission_checkpoints.xtbl	mission_checkpoints.xtbl	m19	points>   <MissionCheckpoints>    <Name>m19-07</Name>    <Index>7</Index>    <Missi
patch_compressed.vpp_pc	mission_checkpoints.xtbl	mission_checkpoints.xtbl	m19	me>    <Index>7</Index>    <MissionName>m19</MissionName>    <CheckpointName>m19_ch
patch_compressed.vpp_pc	mission_checkpoints.xtbl	mission_checkpoints.xtbl	m19	me>m19</MissionName>    <CheckpointName>m19_chem_03_rescue</CheckpointName>    <_Ed
patch_compressed.vpp_pc	mission_checkpoints.xtbl	mission_checkpoints.xtbl	m19	ame>    <_Editor>     <Category>Entries:m19</Category>     </_Editor>    <Debug>Fal
patch_compressed.vpp_pc	mission_checkpoints.xtbl	mission_checkpoints.xtbl	m19	points>   <MissionCheckpoints>    <Name>m19-08</Name>    <Index>8</Index>    <Missi
patch_compressed.vpp_pc	mission_checkpoints.xtbl	mission_checkpoints.xtbl	m19	me>    <Index>8</Index>    <MissionName>m19</MissionName>    <CheckpointName>m19_ch
patch_compressed.vpp_pc	mission_checkpoints.xtbl	mission_checkpoints.xtbl	m19	me>m19</MissionName>    <CheckpointName>m19_chem_12</CheckpointName>    <_Editor>  
patch_compressed.vpp_pc	mission_checkpoints.xtbl	mission_checkpoints.xtbl	m19	ame>    <_Editor>     <Category>Entries:m19</Category>     </_Editor>    <Debug>Fal
patch_compressed.vpp_pc	mission_checkpoints.xtbl	mission_checkpoints.xtbl	m19	points>   <MissionCheckpoints>    <Name>m19-09</Name>    <Index>9</Index>    <Missi
patch_compressed.vpp_pc	mission_checkpoints.xtbl	mission_checkpoints.xtbl	m19	me>    <Index>9</Index>    <MissionName>m19</MissionName>    <CheckpointName>m19_ch
patch_compressed.vpp_pc	mission_checkpoints.xtbl	mission_checkpoints.xtbl	m19	me>m19</MissionName>    <CheckpointName>m19_chem_23</CheckpointName>    <_Editor>  
patch_compressed.vpp_pc	mission_checkpoints.xtbl	mission_checkpoints.xtbl	m19	ame>    <_Editor>     <Category>Entries:m19</Category>     </_Editor>    <Debug>Fal
patch_compressed.vpp_pc	mission_checkpoints.xtbl	mission_checkpoints.xtbl	m19	points>   <MissionCheckpoints>    <Name>m19-10</Name>    <Index>10</Index>    <Miss
patch_compressed.vpp_pc	mission_checkpoints.xtbl	mission_checkpoints.xtbl	m19	e>    <Index>10</Index>    <MissionName>m19</MissionName>    <CheckpointName>m19_ch
patch_compressed.vpp_pc	mission_checkpoints.xtbl	mission_checkpoints.xtbl	m19	me>m19</MissionName>    <CheckpointName>m19_chem_13</CheckpointName>    <_Editor>  
patch_compressed.vpp_pc	mission_checkpoints.xtbl	mission_checkpoints.xtbl	m19	ame>    <_Editor>     <Category>Entries:m19</Category>     </_Editor>    <Debug>Fal
patch_compressed.vpp_pc	mission_checkpoints.xtbl	mission_checkpoints.xtbl	m19	points>   <MissionCheckpoints>    <Name>m19-11</Name>    <Index>11</Index>    <Miss
patch_compressed.vpp_pc	mission_checkpoints.xtbl	mission_checkpoints.xtbl	m19	e>    <Index>11</Index>    <MissionName>m19</MissionName>    <CheckpointName>m19_ch
patch_compressed.vpp_pc	mission_checkpoints.xtbl	mission_checkpoints.xtbl	m19	me>m19</MissionName>    <CheckpointName>m19_chem_12_fixed</CheckpointName>    <_Edi
patch_compressed.vpp_pc	mission_checkpoints.xtbl	mission_checkpoints.xtbl	m19	ame>    <_Editor>     <Category>Entries:m19</Category>     </_Editor>    <Debug>Fal
patch_compressed.vpp_pc	mission_checkpoints.xtbl	mission_checkpoints.xtbl	m19	points>   <MissionCheckpoints>    <Name>m19-12</Name>    <Index>12</Index>    <Miss
patch_compressed.vpp_pc	mission_checkpoints.xtbl	mission_checkpoints.xtbl	m19	e>    <Index>12</Index>    <MissionName>m19</MissionName>    <CheckpointName>m19_ch
patch_compressed.vpp_pc	mission_checkpoints.xtbl	mission_checkpoints.xtbl	m19	me>m19</MissionName>    <CheckpointName>m19_chem_23_fixed</CheckpointName>    <_Edi
patch_compressed.vpp_pc	mission_checkpoints.xtbl	mission_checkpoints.xtbl	m19	ame>    <_Editor>     <Category>Entries:m19</Category>     </_Editor>    <Debug>Fal
patch_compressed.vpp_pc	mission_checkpoints.xtbl	mission_checkpoints.xtbl	m19	points>   <MissionCheckpoints>    <Name>m19-13</Name>    <Index>13</Index>    <Miss
patch_compressed.vpp_pc	mission_checkpoints.xtbl	mission_checkpoints.xtbl	m19	e>    <Index>13</Index>    <MissionName>m19</MissionName>    <CheckpointName>m19_ch
patch_compressed.vpp_pc	mission_checkpoints.xtbl	mission_checkpoints.xtbl	m19	me>m19</MissionName>    <CheckpointName>m19_chem_13_fixed</CheckpointName>    <_Edi
patch_compressed.vpp_pc	mission_checkpoints.xtbl	mission_checkpoints.xtbl	m19	ame>    <_Editor>     <Category>Entries:m19</Category>     </_Editor>    <Debug>Fal
patch_compressed.vpp_pc	mission_checkpoints.xtbl	mission_checkpoints.xtbl	m19	points>   <MissionCheckpoints>    <Name>m19-14</Name>    <Index>14</Index>    <Miss
patch_compressed.vpp_pc	mission_checkpoints.xtbl	mission_checkpoints.xtbl	m19	e>    <Index>14</Index>    <MissionName>m19</MissionName>    <CheckpointName>m19_no
patch_compressed.vpp_pc	mission_checkpoints.xtbl	mission_checkpoints.xtbl	m19	me>m19</MissionName>    <CheckpointName>m19_no_mask</CheckpointName>    <_Editor>  
patch_compressed.vpp_pc	mission_checkpoints.xtbl	mission_checkpoints.xtbl	m19	ame>    <_Editor>     <Category>Entries:m19</Category>     </_Editor>    <Debug>Fal
patch_compressed.vpp_pc	mission_checkpoints.xtbl	mission_checkpoints.xtbl	m19	points>   <MissionCheckpoints>    <Name>m19-15</Name>    <Index>15</Index>    <Miss
patch_compressed.vpp_pc	mission_checkpoints.xtbl	mission_checkpoints.xtbl	m19	e>    <Index>15</Index>    <MissionName>m19</MissionName>    <CheckpointName>m19_fi
patch_compressed.vpp_pc	mission_checkpoints.xtbl	mission_checkpoints.xtbl	m19	me>m19</MissionName>    <CheckpointName>m19_final</CheckpointName>    <_Editor>    
patch_compressed.vpp_pc	mission_checkpoints.xtbl	mission_checkpoints.xtbl	m19	ame>    <_Editor>     <Category>Entries:m19</Category>     </_Editor>    <Debug>Fal
patch_compressed.vpp_pc	mission_checkpoints.xtbl	mission_checkpoints.xtbl	m19	    </Category>    <Category>     <Name>m19</Name>     </Category>    <Category>   
patch_compressed.vpp_pc	mission_checkpoints.xtbl	mission_checkpoints.xtbl	m20	points>   <MissionCheckpoints>    <Name>m20-01</Name>    <Index>1</Index>    <Missi
patch_compressed.vpp_pc	mission_checkpoints.xtbl	mission_checkpoints.xtbl	m20	me>    <Index>1</Index>    <MissionName>m20</MissionName>    <CheckpointName>ctc</C
patch_compressed.vpp_pc	mission_checkpoints.xtbl	mission_checkpoints.xtbl	m20	ame>    <_Editor>     <Category>Entries:m20</Category>     </_Editor>    <Debug>Fal
patch_compressed.vpp_pc	mission_checkpoints.xtbl	mission_checkpoints.xtbl	m20	points>   <MissionCheckpoints>    <Name>m20-02</Name>    <Index>2</Index>    <Missi
patch_compressed.vpp_pc	mission_checkpoints.xtbl	mission_checkpoints.xtbl	m20	me>    <Index>2</Index>    <MissionName>m20</MissionName>    <CheckpointName>ctb</C
patch_compressed.vpp_pc	mission_checkpoints.xtbl	mission_checkpoints.xtbl	m20	ame>    <_Editor>     <Category>Entries:m20</Category>     </_Editor>    <Debug>Fal
patch_compressed.vpp_pc	mission_checkpoints.xtbl	mission_checkpoints.xtbl	m20	points>   <MissionCheckpoints>    <Name>m20-03</Name>    <Index>3</Index>    <Missi
patch_compressed.vpp_pc	mission_checkpoints.xtbl	mission_checkpoints.xtbl	m20	me>    <Index>3</Index>    <MissionName>m20</MissionName>    <CheckpointName>cth</C
patch_compressed.vpp_pc	mission_checkpoints.xtbl	mission_checkpoints.xtbl	m20	ame>    <_Editor>     <Category>Entries:m20</Category>     </_Editor>    <Debug>Fal
patch_compressed.vpp_pc	mission_checkpoints.xtbl	mission_checkpoints.xtbl	m20	points>   <MissionCheckpoints>    <Name>m20-04</Name>    <Index>4</Index>    <Missi
patch_compressed.vpp_pc	mission_checkpoints.xtbl	mission_checkpoints.xtbl	m20	me>    <Index>4</Index>    <MissionName>m20</MissionName>    <CheckpointName>airpor
patch_compressed.vpp_pc	mission_checkpoints.xtbl	mission_checkpoints.xtbl	m20	ame>    <_Editor>     <Category>Entries:m20</Category>     </_Editor>    <Debug>Fal
patch_compressed.vpp_pc	mission_checkpoints.xtbl	mission_checkpoints.xtbl	m20	    </Category>    <Category>     <Name>m20</Name>     </Category>    <Category>   
patch_compressed.vpp_pc	mission_checkpoints.xtbl	mission_checkpoints.xtbl	m21	points>   <MissionCheckpoints>    <Name>m21-01</Name>    <Index>1</Index>    <Missi
patch_compressed.vpp_pc	mission_checkpoints.xtbl	mission_checkpoints.xtbl	m21	me>    <Index>1</Index>    <MissionName>m21</MissionName>    <CheckpointName>m21_ch
patch_compressed.vpp_pc	mission_checkpoints.xtbl	mission_checkpoints.xtbl	m21	me>m21</MissionName>    <CheckpointName>m21_checkpoint_defend_angel</CheckpointName
patch_compressed.vpp_pc	mission_checkpoints.xtbl	mission_checkpoints.xtbl	m21	ame>    <_Editor>     <Category>Entries:m21</Category>     </_Editor>    <Debug>Fal
patch_compressed.vpp_pc	mission_checkpoints.xtbl	mission_checkpoints.xtbl	m21	points>   <MissionCheckpoints>    <Name>m21-02</Name>    <Index>2</Index>    <Missi
patch_compressed.vpp_pc	mission_checkpoints.xtbl	mission_checkpoints.xtbl	m21	me>    <Index>2</Index>    <MissionName>m21</MissionName>    <CheckpointName>m21_ch
patch_compressed.vpp_pc	mission_checkpoints.xtbl	mission_checkpoints.xtbl	m21	me>m21</MissionName>    <CheckpointName>m21_checkpoint_fight_killbane</CheckpointNa
patch_compressed.vpp_pc	mission_checkpoints.xtbl	mission_checkpoints.xtbl	m21	ame>    <_Editor>     <Category>Entries:m21</Category>     </_Editor>    <Debug>Fal
patch_compressed.vpp_pc	mission_checkpoints.xtbl	mission_checkpoints.xtbl	m21	    </Category>    <Category>     <Name>m21</Name>     </Category>    <Category>   
patch_compressed.vpp_pc	mission_checkpoints.xtbl	mission_checkpoints.xtbl	m22	points>   <MissionCheckpoints>    <Name>m22-01</Name>    <Index>1</Index>    <Missi
patch_compressed.vpp_pc	mission_checkpoints.xtbl	mission_checkpoints.xtbl	m22	me>    <Index>1</Index>    <MissionName>m22</MissionName>    <CheckpointName>m22_ch
patch_compressed.vpp_pc	mission_checkpoints.xtbl	mission_checkpoints.xtbl	m22	me>m22</MissionName>    <CheckpointName>m22_checkpoint_text_battle_zone_1</Checkpoi
patch_compressed.vpp_pc	mission_checkpoints.xtbl	mission_checkpoints.xtbl	m22	ame>    <_Editor>     <Category>Entries:m22</Category>     </_Editor>    <Debug>Fal
patch_compressed.vpp_pc	mission_checkpoints.xtbl	mission_checkpoints.xtbl	m22	points>   <MissionCheckpoints>    <Name>m22-02</Name>    <Index>2</Index>    <Missi
patch_compressed.vpp_pc	mission_checkpoints.xtbl	mission_checkpoints.xtbl	m22	me>    <Index>2</Index>    <MissionName>m22</MissionName>    <CheckpointName>m22_ch
patch_compressed.vpp_pc	mission_checkpoints.xtbl	mission_checkpoints.xtbl	m22	me>m22</MissionName>    <CheckpointName>m22_checkpoint_text_battle_zone_2</Checkpoi
patch_compressed.vpp_pc	mission_checkpoints.xtbl	mission_checkpoints.xtbl	m22	ame>    <_Editor>     <Category>Entries:m22</Category>     </_Editor>    <Debug>Fal
patch_compressed.vpp_pc	mission_checkpoints.xtbl	mission_checkpoints.xtbl	m22	points>   <MissionCheckpoints>    <Name>m22-03</Name>    <Index>3</Index>    <Missi
patch_compressed.vpp_pc	mission_checkpoints.xtbl	mission_checkpoints.xtbl	m22	me>    <Index>3</Index>    <MissionName>m22</MissionName>    <CheckpointName>m22_ch
patch_compressed.vpp_pc	mission_checkpoints.xtbl	mission_checkpoints.xtbl	m22	me>m22</MissionName>    <CheckpointName>m22_checkpoint_text_battle_zone_3</Checkpoi
patch_compressed.vpp_pc	mission_checkpoints.xtbl	mission_checkpoints.xtbl	m22	ame>    <_Editor>     <Category>Entries:m22</Category>     </_Editor>    <Debug>Fal
patch_compressed.vpp_pc	mission_checkpoints.xtbl	mission_checkpoints.xtbl	m22	points>   <MissionCheckpoints>    <Name>m22-04</Name>    <Index>4</Index>    <Missi
patch_compressed.vpp_pc	mission_checkpoints.xtbl	mission_checkpoints.xtbl	m22	me>    <Index>4</Index>    <MissionName>m22</MissionName>    <CheckpointName>m22_ch
patch_compressed.vpp_pc	mission_checkpoints.xtbl	mission_checkpoints.xtbl	m22	me>m22</MissionName>    <CheckpointName>m22_checkpoint_text_get_to_the_armory1</Che
patch_compressed.vpp_pc	mission_checkpoints.xtbl	mission_checkpoints.xtbl	m22	ame>    <_Editor>     <Category>Entries:m22</Category>     </_Editor>    <Debug>Fal
patch_compressed.vpp_pc	mission_checkpoints.xtbl	mission_checkpoints.xtbl	m22	points>   <MissionCheckpoints>    <Name>m22-05</Name>    <Index>5</Index>    <Missi
patch_compressed.vpp_pc	mission_checkpoints.xtbl	mission_checkpoints.xtbl	m22	me>    <Index>5</Index>    <MissionName>m22</MissionName>    <CheckpointName>m22_ch
patch_compressed.vpp_pc	mission_checkpoints.xtbl	mission_checkpoints.xtbl	m22	me>m22</MissionName>    <CheckpointName>m22_checkpoint_text_get_to_the_armory2</Che
patch_compressed.vpp_pc	mission_checkpoints.xtbl	mission_checkpoints.xtbl	m22	ame>    <_Editor>     <Category>Entries:m22</Category>     </_Editor>    <Debug>Fal
patch_compressed.vpp_pc	mission_checkpoints.xtbl	mission_checkpoints.xtbl	m22	points>   <MissionCheckpoints>    <Name>m22-06</Name>    <Index>6</Index>    <Missi
patch_compressed.vpp_pc	mission_checkpoints.xtbl	mission_checkpoints.xtbl	m22	me>    <Index>6</Index>    <MissionName>m22</MissionName>    <CheckpointName>m22_ch
patch_compressed.vpp_pc	mission_checkpoints.xtbl	mission_checkpoints.xtbl	m22	me>m22</MissionName>    <CheckpointName>m22_checkpoint_text_get_to_the_armory3</Che
patch_compressed.vpp_pc	mission_checkpoints.xtbl	mission_checkpoints.xtbl	m22	ame>    <_Editor>     <Category>Entries:m22</Category>     </_Editor>    <Debug>Fal
patch_compressed.vpp_pc	mission_checkpoints.xtbl	mission_checkpoints.xtbl	m22	points>   <MissionCheckpoints>    <Name>m22-07</Name>    <Index>7</Index>    <Missi
patch_compressed.vpp_pc	mission_checkpoints.xtbl	mission_checkpoints.xtbl	m22	me>    <Index>7</Index>    <MissionName>m22</MissionName>    <CheckpointName>m22_ch
patch_compressed.vpp_pc	mission_checkpoints.xtbl	mission_checkpoints.xtbl	m22	me>m22</MissionName>    <CheckpointName>m22_checkpoint_text_armory_fight</Checkpoin
patch_compressed.vpp_pc	mission_checkpoints.xtbl	mission_checkpoints.xtbl	m22	ame>    <_Editor>     <Category>Entries:m22</Category>     </_Editor>    <Debug>Fal
patch_compressed.vpp_pc	mission_checkpoints.xtbl	mission_checkpoints.xtbl	m22	points>   <MissionCheckpoints>    <Name>m22-08</Name>    <Index>8</Index>    <Missi
patch_compressed.vpp_pc	mission_checkpoints.xtbl	mission_checkpoints.xtbl	m22	me>    <Index>8</Index>    <MissionName>m22</MissionName>    <CheckpointName>m22_ch
patch_compressed.vpp_pc	mission_checkpoints.xtbl	mission_checkpoints.xtbl	m22	me>m22</MissionName>    <CheckpointName>m22_checkpoint_text_make_your_choice</Check
patch_compressed.vpp_pc	mission_checkpoints.xtbl	mission_checkpoints.xtbl	m22	ame>    <_Editor>     <Category>Entries:m22</Category>     </_Editor>    <Debug>Fal
patch_compressed.vpp_pc	mission_checkpoints.xtbl	mission_checkpoints.xtbl	m22	points>   <MissionCheckpoints>    <Name>m22-09</Name>    <Index>9</Index>    <Missi
patch_compressed.vpp_pc	mission_checkpoints.xtbl	mission_checkpoints.xtbl	m22	me>    <Index>9</Index>    <MissionName>m22</MissionName>    <CheckpointName>m22_ch
patch_compressed.vpp_pc	mission_checkpoints.xtbl	mission_checkpoints.xtbl	m22	me>m22</MissionName>    <CheckpointName>m22_checkpoint_text_help_angel</CheckpointN
patch_compressed.vpp_pc	mission_checkpoints.xtbl	mission_checkpoints.xtbl	m22	ame>    <_Editor>     <Category>Entries:m22</Category>     </_Editor>    <Debug>Fal
patch_compressed.vpp_pc	mission_checkpoints.xtbl	mission_checkpoints.xtbl	m22	points>   <MissionCheckpoints>    <Name>m22-10</Name>    <Index>10</Index>    <Miss
patch_compressed.vpp_pc	mission_checkpoints.xtbl	mission_checkpoints.xtbl	m22	e>    <Index>10</Index>    <MissionName>m22</MissionName>    <CheckpointName>m22_ch
patch_compressed.vpp_pc	mission_checkpoints.xtbl	mission_checkpoints.xtbl	m22	me>m22</MissionName>    <CheckpointName>m22_checkpoint_text_stop_killbane_from_esca
patch_compressed.vpp_pc	mission_checkpoints.xtbl	mission_checkpoints.xtbl	m22	ame>    <_Editor>     <Category>Entries:m22</Category>     </_Editor>    <Debug>Fal
patch_compressed.vpp_pc	mission_checkpoints.xtbl	mission_checkpoints.xtbl	m22	points>   <MissionCheckpoints>    <Name>m22-11</Name>    <Index>11</Index>    <Miss
patch_compressed.vpp_pc	mission_checkpoints.xtbl	mission_checkpoints.xtbl	m22	e>    <Index>11</Index>    <MissionName>m22</MissionName>    <CheckpointName>m22_ch
patch_compressed.vpp_pc	mission_checkpoints.xtbl	mission_checkpoints.xtbl	m22	me>m22</MissionName>    <CheckpointName>m22_checkpoint_text_kill_killbane</Checkpoi
patch_compressed.vpp_pc	mission_checkpoints.xtbl	mission_checkpoints.xtbl	m22	ame>    <_Editor>     <Category>Entries:m22</Category>     </_Editor>    <Debug>Fal
patch_compressed.vpp_pc	mission_checkpoints.xtbl	mission_checkpoints.xtbl	m22	points>   <MissionCheckpoints>    <Name>m22-12</Name>    <Index>12</Index>    <Miss
patch_compressed.vpp_pc	mission_checkpoints.xtbl	mission_checkpoints.xtbl	m22	e>    <Index>12</Index>    <MissionName>m22</MissionName>    <CheckpointName>m22_ch
patch_compressed.vpp_pc	mission_checkpoints.xtbl	mission_checkpoints.xtbl	m22	me>m22</MissionName>    <CheckpointName>m22_checkpoint_text_save_saints</Checkpoint
patch_compressed.vpp_pc	mission_checkpoints.xtbl	mission_checkpoints.xtbl	m22	ame>    <_Editor>     <Category>Entries:m22</Category>     </_Editor>    <Debug>Fal
patch_compressed.vpp_pc	mission_checkpoints.xtbl	mission_checkpoints.xtbl	m22	points>   <MissionCheckpoints>    <Name>m22-13</Name>    <Index>13</Index>    <Miss
patch_compressed.vpp_pc	mission_checkpoints.xtbl	mission_checkpoints.xtbl	m22	e>    <Index>13</Index>    <MissionName>m22</MissionName>    <CheckpointName>m22_ch
patch_compressed.vpp_pc	mission_checkpoints.xtbl	mission_checkpoints.xtbl	m22	me>m22</MissionName>    <CheckpointName>m22_checkpoint_text_kill_kia</CheckpointNam
patch_compressed.vpp_pc	mission_checkpoints.xtbl	mission_checkpoints.xtbl	m22	ame>    <_Editor>     <Category>Entries:m22</Category>     </_Editor>    <Debug>Fal
patch_compressed.vpp_pc	mission_checkpoints.xtbl	mission_checkpoints.xtbl	m22	points>   <MissionCheckpoints>    <Name>m22-14</Name>    <Index>14</Index>    <Miss
patch_compressed.vpp_pc	mission_checkpoints.xtbl	mission_checkpoints.xtbl	m22	e>    <Index>14</Index>    <MissionName>m22</MissionName>    <CheckpointName>m22_de
patch_compressed.vpp_pc	mission_checkpoints.xtbl	mission_checkpoints.xtbl	m22	me>m22</MissionName>    <CheckpointName>m22_debug_checkpoint_airport_choice</Checkp
patch_compressed.vpp_pc	mission_checkpoints.xtbl	mission_checkpoints.xtbl	m22	ame>    <_Editor>     <Category>Entries:m22</Category>     </_Editor>    <Debug>Tru
patch_compressed.vpp_pc	mission_checkpoints.xtbl	mission_checkpoints.xtbl	m22	points>   <MissionCheckpoints>    <Name>m22-15</Name>    <Index>15</Index>    <Miss
patch_compressed.vpp_pc	mission_checkpoints.xtbl	mission_checkpoints.xtbl	m22	e>    <Index>15</Index>    <MissionName>m22</MissionName>    <CheckpointName>m22_de
patch_compressed.vpp_pc	mission_checkpoints.xtbl	mission_checkpoints.xtbl	m22	me>m22</MissionName>    <CheckpointName>m22_debug_checkpoint_statue_choice</Checkpo
patch_compressed.vpp_pc	mission_checkpoints.xtbl	mission_checkpoints.xtbl	m22	ame>    <_Editor>     <Category>Entries:m22</Category>     </_Editor>    <Debug>Tru
patch_compressed.vpp_pc	mission_checkpoints.xtbl	mission_checkpoints.xtbl	m22	points>   <MissionCheckpoints>    <Name>m22-16</Name>    <Index>16</Index>    <Miss
patch_compressed.vpp_pc	mission_checkpoints.xtbl	mission_checkpoints.xtbl	m22	e>    <Index>16</Index>    <MissionName>m22</MissionName>    <CheckpointName>m22_de
patch_compressed.vpp_pc	mission_checkpoints.xtbl	mission_checkpoints.xtbl	m22	me>m22</MissionName>    <CheckpointName>m22_debug_checkpoint_statue_cte</Checkpoint
patch_compressed.vpp_pc	mission_checkpoints.xtbl	mission_checkpoints.xtbl	m22	ame>    <_Editor>     <Category>Entries:m22</Category>     </_Editor>    <Debug>Tru
patch_compressed.vpp_pc	mission_checkpoints.xtbl	mission_checkpoints.xtbl	m22	    </Category>    <Category>     <Name>m22</Name>     </Category>    <Category>   
patch_compressed.vpp_pc	mission_checkpoints.xtbl	mission_checkpoints.xtbl	m23	points>   <MissionCheckpoints>    <Name>m23-01</Name>    <Index>1</Index>    <Missi
patch_compressed.vpp_pc	mission_checkpoints.xtbl	mission_checkpoints.xtbl	m23	me>    <Index>1</Index>    <MissionName>m23</MissionName>    <CheckpointName>m23_ch
patch_compressed.vpp_pc	mission_checkpoints.xtbl	mission_checkpoints.xtbl	m23	me>m23</MissionName>    <CheckpointName>m23_checkpoint_saints_hq</CheckpointName>  
patch_compressed.vpp_pc	mission_checkpoints.xtbl	mission_checkpoints.xtbl	m23	ame>    <_Editor>     <Category>Entries:m23</Category>     </_Editor>    <Debug>Fal
patch_compressed.vpp_pc	mission_checkpoints.xtbl	mission_checkpoints.xtbl	m23	points>   <MissionCheckpoints>    <Name>m23-02</Name>    <Index>2</Index>    <Missi
patch_compressed.vpp_pc	mission_checkpoints.xtbl	mission_checkpoints.xtbl	m23	me>    <Index>2</Index>    <MissionName>m23</MissionName>    <CheckpointName>m23_ch
patch_compressed.vpp_pc	mission_checkpoints.xtbl	mission_checkpoints.xtbl	m23	me>m23</MissionName>    <CheckpointName>m23_checkpoint_landing_deck</CheckpointName
patch_compressed.vpp_pc	mission_checkpoints.xtbl	mission_checkpoints.xtbl	m23	ame>    <_Editor>     <Category>Entries:m23</Category>     </_Editor>    <Debug>Fal
patch_compressed.vpp_pc	mission_checkpoints.xtbl	mission_checkpoints.xtbl	m23	points>   <MissionCheckpoints>    <Name>m23-03</Name>    <Index>3</Index>    <Missi
patch_compressed.vpp_pc	mission_checkpoints.xtbl	mission_checkpoints.xtbl	m23	me>    <Index>3</Index>    <MissionName>m23</MissionName>    <CheckpointName>m23_ch
patch_compressed.vpp_pc	mission_checkpoints.xtbl	mission_checkpoints.xtbl	m23	me>m23</MissionName>    <CheckpointName>m23_checkpoint_bridge</CheckpointName>    <
patch_compressed.vpp_pc	mission_checkpoints.xtbl	mission_checkpoints.xtbl	m23	ame>    <_Editor>     <Category>Entries:m23</Category>     </_Editor>    <Debug>Fal
patch_compressed.vpp_pc	mission_checkpoints.xtbl	mission_checkpoints.xtbl	m23	points>   <MissionCheckpoints>    <Name>m23-04</Name>    <Index>4</Index>    <Missi
patch_compressed.vpp_pc	mission_checkpoints.xtbl	mission_checkpoints.xtbl	m23	me>    <Index>4</Index>    <MissionName>m23</MissionName>    <CheckpointName>m23_ch
patch_compressed.vpp_pc	mission_checkpoints.xtbl	mission_checkpoints.xtbl	m23	me>m23</MissionName>    <CheckpointName>m23_checkpoint_escape</CheckpointName>    <
patch_compressed.vpp_pc	mission_checkpoints.xtbl	mission_checkpoints.xtbl	m23	ame>    <_Editor>     <Category>Entries:m23</Category>     </_Editor>    <Debug>Fal
patch_compressed.vpp_pc	mission_checkpoints.xtbl	mission_checkpoints.xtbl	m23	    </Category>    <Category>     <Name>m23</Name>     </Category>    <Category>   
patch_compressed.vpp_pc	mission_checkpoints.xtbl	mission_checkpoints.xtbl	m24	points>   <MissionCheckpoints>    <Name>m24-01</Name>    <Index>1</Index>    <Missi
patch_compressed.vpp_pc	mission_checkpoints.xtbl	mission_checkpoints.xtbl	m24	me>    <Index>1</Index>    <MissionName>m24</MissionName>    <CheckpointName>m24_te
patch_compressed.vpp_pc	mission_checkpoints.xtbl	mission_checkpoints.xtbl	m24	me>m24</MissionName>    <CheckpointName>m24_terminal2</CheckpointName>    <_Editor>
patch_compressed.vpp_pc	mission_checkpoints.xtbl	mission_checkpoints.xtbl	m24	ame>    <_Editor>     <Category>Entries:m24</Category>     </_Editor>    <Debug>Fal
patch_compressed.vpp_pc	mission_checkpoints.xtbl	mission_checkpoints.xtbl	m24	points>   <MissionCheckpoints>    <Name>m24-02</Name>    <Index>2</Index>    <Missi
patch_compressed.vpp_pc	mission_checkpoints.xtbl	mission_checkpoints.xtbl	m24	me>    <Index>2</Index>    <MissionName>m24</MissionName>    <CheckpointName>m24_te
patch_compressed.vpp_pc	mission_checkpoints.xtbl	mission_checkpoints.xtbl	m24	me>m24</MissionName>    <CheckpointName>m24_terminal3</CheckpointName>    <_Editor>
patch_compressed.vpp_pc	mission_checkpoints.xtbl	mission_checkpoints.xtbl	m24	ame>    <_Editor>     <Category>Entries:m24</Category>     </_Editor>    <Debug>Fal
patch_compressed.vpp_pc	mission_checkpoints.xtbl	mission_checkpoints.xtbl	m24	points>   <MissionCheckpoints>    <Name>m24-03</Name>    <Index>3</Index>    <Missi
patch_compressed.vpp_pc	mission_checkpoints.xtbl	mission_checkpoints.xtbl	m24	me>    <Index>3</Index>    <MissionName>m24</MissionName>    <CheckpointName>m24_bo
patch_compressed.vpp_pc	mission_checkpoints.xtbl	mission_checkpoints.xtbl	m24	me>m24</MissionName>    <CheckpointName>m24_bombs</CheckpointName>    <_Editor>    
patch_compressed.vpp_pc	mission_checkpoints.xtbl	mission_checkpoints.xtbl	m24	ame>    <_Editor>     <Category>Entries:m24</Category>     </_Editor>    <Debug>Fal
patch_compressed.vpp_pc	mission_checkpoints.xtbl	mission_checkpoints.xtbl	m24	points>   <MissionCheckpoints>    <Name>m24-04</Name>    <Index>4</Index>    <Missi
patch_compressed.vpp_pc	mission_checkpoints.xtbl	mission_checkpoints.xtbl	m24	me>    <Index>4</Index>    <MissionName>m24</MissionName>    <CheckpointName>m24_br
patch_compressed.vpp_pc	mission_checkpoints.xtbl	mission_checkpoints.xtbl	m24	me>m24</MissionName>    <CheckpointName>m24_bridge</CheckpointName>    <_Editor>   
patch_compressed.vpp_pc	mission_checkpoints.xtbl	mission_checkpoints.xtbl	m24	ame>    <_Editor>     <Category>Entries:m24</Category>     </_Editor>    <Debug>Fal
patch_compressed.vpp_pc	mission_checkpoints.xtbl	mission_checkpoints.xtbl	m24	points>   <MissionCheckpoints>    <Name>m24-05</Name>    <Index>5</Index>    <Missi
patch_compressed.vpp_pc	mission_checkpoints.xtbl	mission_checkpoints.xtbl	m24	me>    <Index>5</Index>    <MissionName>m24</MissionName>    <CheckpointName>m24_ki
patch_compressed.vpp_pc	mission_checkpoints.xtbl	mission_checkpoints.xtbl	m24	me>m24</MissionName>    <CheckpointName>m24_killbane</CheckpointName>    <_Editor> 
patch_compressed.vpp_pc	mission_checkpoints.xtbl	mission_checkpoints.xtbl	m24	ame>    <_Editor>     <Category>Entries:m24</Category>     </_Editor>    <Debug>Fal
patch_compressed.vpp_pc	mission_checkpoints.xtbl	mission_checkpoints.xtbl	m24	    </Category>    <Category>     <Name>m24</Name>     </Category>    <Category>   
patch_compressed.vpp_pc	mission_checkpoints.xtbl	mission_checkpoints.xtbl	mm_p_03	points>   <MissionCheckpoints>    <Name>mm_p_03-01</Name>    <Index>1</Index>    <Missi
patch_compressed.vpp_pc	mission_checkpoints.xtbl	mission_checkpoints.xtbl	mm_p_03	me>    <Index>1</Index>    <MissionName>mm_p_03</MissionName>    <CheckpointName>flashp
patch_compressed.vpp_pc	mission_checkpoints.xtbl	mission_checkpoints.xtbl	mm_p_03	ame>    <_Editor>     <Category>Entries:mm_p_03</Category>     </_Editor>    <Debug>Fal
patch_compressed.vpp_pc	mission_checkpoints.xtbl	mission_checkpoints.xtbl	mm_p_03	    </Category>    <Category>     <Name>mm_p_03</Name>     </Category>    <Category>   
patch_compressed.vpp_pc	mission_checkpoints.xtbl	mission_checkpoints.xtbl	sh01	points>   <MissionCheckpoints>    <Name>sh01-01</Name>    <Index>1</Index>    <Missi
patch_compressed.vpp_pc	mission_checkpoints.xtbl	mission_checkpoints.xtbl	sh01	me>    <Index>1</Index>    <MissionName>sh01</MissionName>    <CheckpointName>sh01_c
patch_compressed.vpp_pc	mission_checkpoints.xtbl	mission_checkpoints.xtbl	sh01	e>sh01</MissionName>    <CheckpointName>sh01_checkpoint_enter_warehouse</CheckpointN
patch_compressed.vpp_pc	mission_checkpoints.xtbl	mission_checkpoints.xtbl	sh01	ame>    <_Editor>     <Category>Entries:sh01</Category>     </_Editor>    <Debug>Fal
patch_compressed.vpp_pc	mission_checkpoints.xtbl	mission_checkpoints.xtbl	sh01	points>   <MissionCheckpoints>    <Name>sh01-02</Name>    <Index>2</Index>    <Missi
patch_compressed.vpp_pc	mission_checkpoints.xtbl	mission_checkpoints.xtbl	sh01	me>    <Index>2</Index>    <MissionName>sh01</MissionName>    <CheckpointName>sh01_c
patch_compressed.vpp_pc	mission_checkpoints.xtbl	mission_checkpoints.xtbl	sh01	e>sh01</MissionName>    <CheckpointName>sh01_checkpoint_manager_office</CheckpointNa
patch_compressed.vpp_pc	mission_checkpoints.xtbl	mission_checkpoints.xtbl	sh01	ame>    <_Editor>     <Category>Entries:sh01</Category>     </_Editor>    <Debug>Fal
patch_compressed.vpp_pc	mission_checkpoints.xtbl	mission_checkpoints.xtbl	sh01	points>   <MissionCheckpoints>    <Name>sh01-03</Name>    <Index>3</Index>    <Missi
patch_compressed.vpp_pc	mission_checkpoints.xtbl	mission_checkpoints.xtbl	sh01	me>    <Index>3</Index>    <MissionName>sh01</MissionName>    <CheckpointName>sh01_c
patch_compressed.vpp_pc	mission_checkpoints.xtbl	mission_checkpoints.xtbl	sh01	e>sh01</MissionName>    <CheckpointName>sh01_checkpoint_brute_fight</CheckpointName>
patch_compressed.vpp_pc	mission_checkpoints.xtbl	mission_checkpoints.xtbl	sh01	ame>    <_Editor>     <Category>Entries:sh01</Category>     </_Editor>    <Debug>Fal
patch_compressed.vpp_pc	mission_checkpoints.xtbl	mission_checkpoints.xtbl	sh01	points>   <MissionCheckpoints>    <Name>sh01-04</Name>    <Index>4</Index>    <Missi
patch_compressed.vpp_pc	mission_checkpoints.xtbl	mission_checkpoints.xtbl	sh01	me>    <Index>4</Index>    <MissionName>sh01</MissionName>    <CheckpointName>sh01_c
patch_compressed.vpp_pc	mission_checkpoints.xtbl	mission_checkpoints.xtbl	sh01	e>sh01</MissionName>    <CheckpointName>sh01_checkpoint_catwalk</CheckpointName>    
patch_compressed.vpp_pc	mission_checkpoints.xtbl	mission_checkpoints.xtbl	sh01	ame>    <_Editor>     <Category>Entries:sh01</Category>     </_Editor>    <Debug>Fal
patch_compressed.vpp_pc	mission_checkpoints.xtbl	mission_checkpoints.xtbl	sh01	points>   <MissionCheckpoints>    <Name>sh01-05</Name>    <Index>5</Index>    <Missi
patch_compressed.vpp_pc	mission_checkpoints.xtbl	mission_checkpoints.xtbl	sh01	me>    <Index>5</Index>    <MissionName>sh01</MissionName>    <CheckpointName>sh01_c
patch_compressed.vpp_pc	mission_checkpoints.xtbl	mission_checkpoints.xtbl	sh01	e>sh01</MissionName>    <CheckpointName>sh01_checkpoint_clean_house</CheckpointName>
patch_compressed.vpp_pc	mission_checkpoints.xtbl	mission_checkpoints.xtbl	sh01	ame>    <_Editor>     <Category>Entries:sh01</Category>     </_Editor>    <Debug>Fal
patch_compressed.vpp_pc	mission_checkpoints.xtbl	mission_checkpoints.xtbl	sh01	    </Category>    <Category>     <Name>sh01</Name>     </Category>    <Category>   
patch_compressed.vpp_pc	mission_checkpoints.xtbl	mission_checkpoints.xtbl	sh02	points>   <MissionCheckpoints>    <Name>sh02-01</Name>    <Index>1</Index>    <Missi
patch_compressed.vpp_pc	mission_checkpoints.xtbl	mission_checkpoints.xtbl	sh02	me>    <Index>1</Index>    <MissionName>sh02</MissionName>    <CheckpointName>sh02_c
patch_compressed.vpp_pc	mission_checkpoints.xtbl	mission_checkpoints.xtbl	sh02	e>sh02</MissionName>    <CheckpointName>sh02_checkpoint_collection_room</CheckpointN
patch_compressed.vpp_pc	mission_checkpoints.xtbl	mission_checkpoints.xtbl	sh02	ame>    <_Editor>     <Category>Entries:sh02</Category>     </_Editor>    <Debug>Fal
patch_compressed.vpp_pc	mission_checkpoints.xtbl	mission_checkpoints.xtbl	sh02	points>   <MissionCheckpoints>    <Name>sh02-02</Name>    <Index>2</Index>    <Missi
patch_compressed.vpp_pc	mission_checkpoints.xtbl	mission_checkpoints.xtbl	sh02	me>    <Index>2</Index>    <MissionName>sh02</MissionName>    <CheckpointName>sh02_c
patch_compressed.vpp_pc	mission_checkpoints.xtbl	mission_checkpoints.xtbl	sh02	e>sh02</MissionName>    <CheckpointName>sh02_checkpoint_basement</CheckpointName>   
patch_compressed.vpp_pc	mission_checkpoints.xtbl	mission_checkpoints.xtbl	sh02	ame>    <_Editor>     <Category>Entries:sh02</Category>     </_Editor>    <Debug>Fal
patch_compressed.vpp_pc	mission_checkpoints.xtbl	mission_checkpoints.xtbl	sh02	points>   <MissionCheckpoints>    <Name>sh02-03</Name>    <Index>3</Index>    <Missi
patch_compressed.vpp_pc	mission_checkpoints.xtbl	mission_checkpoints.xtbl	sh02	me>    <Index>3</Index>    <MissionName>sh02</MissionName>    <CheckpointName>sh02_c
patch_compressed.vpp_pc	mission_checkpoints.xtbl	mission_checkpoints.xtbl	sh02	e>sh02</MissionName>    <CheckpointName>sh02_checkpoint_kill_brute</CheckpointName> 
patch_compressed.vpp_pc	mission_checkpoints.xtbl	mission_checkpoints.xtbl	sh02	ame>    <_Editor>     <Category>Entries:sh02</Category>     </_Editor>    <Debug>Fal
patch_compressed.vpp_pc	mission_checkpoints.xtbl	mission_checkpoints.xtbl	sh02	points>   <MissionCheckpoints>    <Name>sh02-04</Name>    <Index>4</Index>    <Missi
patch_compressed.vpp_pc	mission_checkpoints.xtbl	mission_checkpoints.xtbl	sh02	me>    <Index>4</Index>    <MissionName>sh02</MissionName>    <CheckpointName>sh02_c
patch_compressed.vpp_pc	mission_checkpoints.xtbl	mission_checkpoints.xtbl	sh02	e>sh02</MissionName>    <CheckpointName>sh02_checkpoint_clean_house</CheckpointName>
patch_compressed.vpp_pc	mission_checkpoints.xtbl	mission_checkpoints.xtbl	sh02	ame>    <_Editor>     <Category>Entries:sh02</Category>     </_Editor>    <Debug>Fal
patch_compressed.vpp_pc	mission_checkpoints.xtbl	mission_checkpoints.xtbl	sh02	    </Category>    <Category>     <Name>sh02</Name>     </Category>    <Category>   
patch_compressed.vpp_pc	mission_checkpoints.xtbl	mission_checkpoints.xtbl	sh03	points>   <MissionCheckpoints>    <Name>sh03-01</Name>    <Index>1</Index>    <Missi
patch_compressed.vpp_pc	mission_checkpoints.xtbl	mission_checkpoints.xtbl	sh03	me>    <Index>1</Index>    <MissionName>sh03</MissionName>    <CheckpointName>sh03_c
patch_compressed.vpp_pc	mission_checkpoints.xtbl	mission_checkpoints.xtbl	sh03	e>sh03</MissionName>    <CheckpointName>sh03_checkpoint_plant</CheckpointName>    <_
patch_compressed.vpp_pc	mission_checkpoints.xtbl	mission_checkpoints.xtbl	sh03	ame>    <_Editor>     <Category>Entries:sh03</Category>     </_Editor>    <Debug>Fal
patch_compressed.vpp_pc	mission_checkpoints.xtbl	mission_checkpoints.xtbl	sh03	points>   <MissionCheckpoints>    <Name>sh03-02</Name>    <Index>2</Index>    <Missi
patch_compressed.vpp_pc	mission_checkpoints.xtbl	mission_checkpoints.xtbl	sh03	me>    <Index>2</Index>    <MissionName>sh03</MissionName>    <CheckpointName>sh03_c
patch_compressed.vpp_pc	mission_checkpoints.xtbl	mission_checkpoints.xtbl	sh03	e>sh03</MissionName>    <CheckpointName>sh03_checkpoint_helicopter</CheckpointName> 
patch_compressed.vpp_pc	mission_checkpoints.xtbl	mission_checkpoints.xtbl	sh03	ame>    <_Editor>     <Category>Entries:sh03</Category>     </_Editor>    <Debug>Fal
patch_compressed.vpp_pc	mission_checkpoints.xtbl	mission_checkpoints.xtbl	sh03	points>   <MissionCheckpoints>    <Name>sh03-03</Name>    <Index>3</Index>    <Missi
patch_compressed.vpp_pc	mission_checkpoints.xtbl	mission_checkpoints.xtbl	sh03	me>    <Index>3</Index>    <MissionName>sh03</MissionName>    <CheckpointName>sh03_c
patch_compressed.vpp_pc	mission_checkpoints.xtbl	mission_checkpoints.xtbl	sh03	e>sh03</MissionName>    <CheckpointName>sh03_checkpoint_tower</CheckpointName>    <_
patch_compressed.vpp_pc	mission_checkpoints.xtbl	mission_checkpoints.xtbl	sh03	ame>    <_Editor>     <Category>Entries:sh03</Category>     </_Editor>    <Debug>Fal
patch_compressed.vpp_pc	mission_checkpoints.xtbl	mission_checkpoints.xtbl	sh03	    </Category>    <Category>     <Name>sh03</Name>     </Category>    <Category>   
patch_compressed.vpp_pc	mission_checkpoints.xtbl	mission_checkpoints.xtbl	sh04	points>   <MissionCheckpoints>    <Name>sh04-01</Name>    <Index>1</Index>    <Missi
patch_compressed.vpp_pc	mission_checkpoints.xtbl	mission_checkpoints.xtbl	sh04	me>    <Index>1</Index>    <MissionName>sh04</MissionName>    <CheckpointName>sh04_c
patch_compressed.vpp_pc	mission_checkpoints.xtbl	mission_checkpoints.xtbl	sh04	e>sh04</MissionName>    <CheckpointName>sh04_checkpoint_mask</CheckpointName>    <_E
patch_compressed.vpp_pc	mission_checkpoints.xtbl	mission_checkpoints.xtbl	sh04	ame>    <_Editor>     <Category>Entries:sh04</Category>     </_Editor>    <Debug>Fal
patch_compressed.vpp_pc	mission_checkpoints.xtbl	mission_checkpoints.xtbl	sh04	    </Category>    <Category>     <Name>sh04</Name>     </Category>    </Category>  
patch_compressed.vpp_pc	continuous_explosions.xtbl	continuous_explosions.xtbl	m01	   <Continuous_explosion>    <Name>Dlc2_m01_armory</Name>    <Explosion_Data>     <
patch_compressed.vpp_pc	continuous_explosions.xtbl	continuous_explosions.xtbl	m01	   <Continuous_explosion>    <Name>Dlc2_m01_rail</Name>    <Explosion_Data>     <Ex
sr3_city_0.vpp_pc	_a_dt_dt_03_modal.str2_pc > _a_dt_dt_03.xtbl	_a_dt_dt_03.xtbl	m05	pawn>        <Buyer_Type>npc_ped_youngfem05_fw</Buyer_Type>        <Offroad_Start>o
sr3_city_0.vpp_pc	_a_rm_dt_02_modal.str2_pc > _a_rm_dt_02.xtbl	_a_rm_dt_02.xtbl	m01	>Pop-up</Timer>        <Trigger_Name>Room01 trigger 02</Trigger_Name>        </Targ
sr3_city_0.vpp_pc	_a_rm_dt_02_modal.str2_pc > _a_rm_dt_02.xtbl	_a_rm_dt_02.xtbl	m01	>Pop-up</Timer>        <Trigger_Name>Room01 trigger 02</Trigger_Name>        </Targ
sr3_city_0.vpp_pc	_a_rm_dt_02_modal.str2_pc > _a_rm_dt_02.xtbl	_a_rm_dt_02.xtbl	m01	>Pop-up</Timer>        <Trigger_Name>Room01 trigger 04</Trigger_Name>        </Targ
sr3_city_0.vpp_pc	_a_rm_dt_02_modal.str2_pc > _a_rm_dt_02.xtbl	_a_rm_dt_02.xtbl	m01	t</Target_Type>        <Trigger_Name>Room01 trigger 01a</Trigger_Name>        <Time
sr3_city_0.vpp_pc	_a_rm_dt_02_modal.str2_pc > _a_rm_dt_02.xtbl	_a_rm_dt_02.xtbl	m01	>Pop-up</Timer>        <Trigger_Name>Room01 trigger 03</Trigger_Name>        </Targ
sr3_city_0.vpp_pc	_a_rm_dt_02_modal.str2_pc > _a_rm_dt_02.xtbl	_a_rm_dt_02.xtbl	m01	>Pop-up</Timer>        <Trigger_Name>Room01 trigger 03</Trigger_Name>        </Targ
sr3_city_0.vpp_pc	_a_rm_dt_02_modal.str2_pc > _a_rm_dt_02.xtbl	_a_rm_dt_02.xtbl	m02	>Pop-up</Timer>        <Trigger_Name>Room02_trigger 01</Trigger_Name>        </Targ
sr3_city_0.vpp_pc	_a_rm_dt_02_modal.str2_pc > _a_rm_dt_02.xtbl	_a_rm_dt_02.xtbl	m02	t</Target_Type>        <Trigger_Name>Room02_trigger 02</Trigger_Name>        <Timer
sr3_city_0.vpp_pc	_a_rm_dt_02_modal.str2_pc > _a_rm_dt_02.xtbl	_a_rm_dt_02.xtbl	m02	t</Target_Type>        <Trigger_Name>Room02_trigger 03</Trigger_Name>        <Timer
sr3_city_0.vpp_pc	_a_rm_dt_02_modal.str2_pc > _a_rm_dt_02.xtbl	_a_rm_dt_02.xtbl	m02	>Pop-up</Timer>        <Trigger_Name>Room02_trigger 02</Trigger_Name>        </Targ
sr3_city_0.vpp_pc	_a_rm_dt_02_modal.str2_pc > _a_rm_dt_02.xtbl	_a_rm_dt_02.xtbl	m02	t</Target_Type>        <Trigger_Name>Room02_trigger 04</Trigger_Name>        <Timer
sr3_city_0.vpp_pc	_a_rm_dt_02_modal.str2_pc > _a_rm_dt_02.xtbl	_a_rm_dt_02.xtbl	m02	t</Target_Type>        <Trigger_Name>Room02_trigger 05</Trigger_Name>        <Timer
sr3_city_0.vpp_pc	_a_rm_dt_02_modal.str2_pc > _a_rm_dt_02.xtbl	_a_rm_dt_02.xtbl	m02	t</Target_Type>        <Trigger_Name>Room02_trigger 04</Trigger_Name>        <Timer
sr3_city_0.vpp_pc	_a_rm_dt_02_modal.str2_pc > _a_rm_dt_02.xtbl	_a_rm_dt_02.xtbl	m03	t</Target_Type>        <Trigger_Name>Room03_trigger 02</Trigger_Name>        <Timer
sr3_city_0.vpp_pc	_a_rm_dt_02_modal.str2_pc > _a_rm_dt_02.xtbl	_a_rm_dt_02.xtbl	m03	t</Target_Type>        <Trigger_Name>Room03_trigger 03</Trigger_Name>        <Timer
sr3_city_0.vpp_pc	_a_tb_nw_01_modal.str2_pc > _a_tb_nw_01.xtbl	_a_tb_nw_01.xtbl	m16	l_Scale>       <Refract_Situation>cyber_m16</Refract_Situation>       </Screen_Effe
sr3_city_0.vpp_pc	sh03.str2_pc > sh03_tod_override.xtbl	sh03_tod_override.xtbl	sh03	ime>5.0</time>        <lut_filename>lut_sh03</lut_filename>        <zenith>0.006995 
sr3_city_0.vpp_pc	sh02.str2_pc > sh02_tod_override.xtbl	sh02_tod_override.xtbl	sh02	ime>5.0</time>        <lut_filename>lut_sh02</lut_filename>        <zenith>0.01096 0
sr3_city_0.vpp_pc	sh01.str2_pc > sh01_tod_override.xtbl	sh01_tod_override.xtbl	sh01	ime>5.0</time>        <lut_filename>lut_sh01</lut_filename>        <zenith>0.040915 
sr3_city_0.vpp_pc	m18.str2_pc > m18_tod_override.xtbl	m18_tod_override.xtbl	m18	ime>5.0</time>        <lut_filename>lut_m18</lut_filename>        <zenith>0.003035 
sr3_city_0.vpp_pc	m19.str2_pc > m19_tod_override.xtbl	m19_tod_override.xtbl	m19	me>21.0</time>        <lut_filename>lut_m19</lut_filename>        <zenith>0.250158 
sr3_city_0.vpp_pc	m14.str2_pc > m14_tod_override.xtbl	m14_tod_override.xtbl	m14	ime>5.0</time>        <lut_filename>lut_m14</lut_filename>        <zenith>0.012983 
sr3_city_0.vpp_pc	m15.str2_pc > m15_tod_override.xtbl	m15_tod_override.xtbl	m15	ime>5.0</time>        <lut_filename>lut_m15</lut_filename>        <zenith>0.006995 
sr3_city_0.vpp_pc	m16.str2_pc > m16_tod_override.xtbl	m16_tod_override.xtbl	m16	0</fog_ground>        <lut_filename>lut_m16</lut_filename>        <horizon_mountain
sr3_city_0.vpp_pc	m17.str2_pc > m17_tod_override.xtbl	m17_tod_override.xtbl	m17	ime>9.5</time>        <lut_filename>lut_m17</lut_filename>        <zenith>0.258183 
sr3_city_0.vpp_pc	m10.str2_pc > m10_tod_override.xtbl	m10_tod_override.xtbl	m10	me>14.5</time>        <lut_filename>lut_m10</lut_filename>        <zenith>0.033105 
sr3_city_0.vpp_pc	m11.str2_pc > m11_tod_override.xtbl	m11_tod_override.xtbl	m11	me>14.5</time>        <lut_filename>lut_m11</lut_filename>        <zenith>0.278894 
sr3_city_0.vpp_pc	m12.str2_pc > m12_tod_override.xtbl	m12_tod_override.xtbl	m12	me>14.5</time>        <lut_filename>lut_m12</lut_filename>        <zenith>0.376262 
sr3_city_0.vpp_pc	m13.str2_pc > m13_tod_override.xtbl	m13_tod_override.xtbl	m13	me>21.0</time>        <lut_filename>lut_m13</lut_filename>        <zenith>0.603827 
sr3_city_0.vpp_pc	m09.str2_pc > m09_tod_override.xtbl	m09_tod_override.xtbl	m09	me>21.0</time>        <lut_filename>lut_m09</lut_filename>        <zenith>0.254152 
sr3_city_0.vpp_pc	m08.str2_pc > m08_tod_override.xtbl	m08_tod_override.xtbl	m08	ime>5.0</time>        <lut_filename>lut_m08</lut_filename>        <zenith>0.01096 0
sr3_city_0.vpp_pc	m05.str2_pc > m05_tod_override.xtbl	m05_tod_override.xtbl	m05	ime>5.0</time>        <lut_filename>lut_m05</lut_filename>        <zenith>0.009134 
sr3_city_0.vpp_pc	m04.str2_pc > m04_tod_override.xtbl	m04_tod_override.xtbl	m04	/mission_name>        <lut_filename>lut_m04</lut_filename>        </mission_overrid
sr3_city_0.vpp_pc	m07.str2_pc > m07_tod_override.xtbl	m07_tod_override.xtbl	m07	ime>5.0</time>        <lut_filename>lut_m07</lut_filename>        <zenith>0.01096 0
sr3_city_0.vpp_pc	m06.str2_pc > m06_tod_override.xtbl	m06_tod_override.xtbl	m06	ime>9.5</time>        <lut_filename>lut_m06</lut_filename>        <zenith>0.564712 
sr3_city_0.vpp_pc	m01.str2_pc > m01_tod_override.xtbl	m01_tod_override.xtbl	m01	me>21.0</time>        <lut_filename>lut_m01</lut_filename>        <zenith>0.072272 
sr3_city_0.vpp_pc	m03.str2_pc > m03_tod_override.xtbl	m03_tod_override.xtbl	m03	ime>5.0</time>        <lut_filename>lut_m03</lut_filename>        <zenith>0.171441 
sr3_city_0.vpp_pc	m02.str2_pc > m02_tod_override.xtbl	m02_tod_override.xtbl	m02	ime>5.0</time>        <lut_filename>lut_m02</lut_filename>        <zenith>0.003035 
sr3_city_0.vpp_pc	m24.str2_pc > m24_tod_override.xtbl	m24_tod_override.xtbl	m24	yer0_strength>        <lut_filename>lut_m24</lut_filename>        <zenith>0.318547 
sr3_city_0.vpp_pc	m23.str2_pc > m23_tod_override.xtbl	m23_tod_override.xtbl	m23	me>21.0</time>        <lut_filename>lut_m23</lut_filename>        <zenith>0.318547 
sr3_city_0.vpp_pc	m22.str2_pc > m22_tod_override.xtbl	m22_tod_override.xtbl	m22	me>14.5</time>        <lut_filename>lut_m22</lut_filename>        <zenith>0.376262 
sr3_city_0.vpp_pc	m20.str2_pc > m20_tod_override.xtbl	m20_tod_override.xtbl	m20	me>21.0</time>        <lut_filename>lut_m20</lut_filename>        <zenith>0.212231 
sr3_city_0.vpp_pc	_a_rm_dt_01_modal.str2_pc > _a_rm_dt_01.xtbl	_a_rm_dt_01.xtbl	m01	Targets</Timer>        <Trigger_Name>Room01_trigger</Trigger_Name>        </Target>
sr3_city_0.vpp_pc	_a_rm_dt_01_modal.str2_pc > _a_rm_dt_01.xtbl	_a_rm_dt_01.xtbl	m01	t</Target_Type>        <Trigger_Name>Room01_triggerA</Trigger_Name>        <Timer>T
sr3_city_0.vpp_pc	_a_rm_dt_01_modal.str2_pc > _a_rm_dt_01.xtbl	_a_rm_dt_01.xtbl	m01	t</Target_Type>        <Trigger_Name>Room01_triggerB</Trigger_Name>        <Timer>T
sr3_city_0.vpp_pc	_a_dt_ne_01_modal.str2_pc > _a_dt_ne_01.xtbl	_a_dt_ne_01.xtbl	m05	pawn>        <Buyer_Type>npc_ped_youngfem05_fw</Buyer_Type>        </Deal>       <D
sr3_city_0.vpp_pc	_a_rm_sw_01_modal.str2_pc > _a_rm_sw_01.xtbl	_a_rm_sw_01.xtbl	m01	ectric_Trap>          <Damage_Region>Room01_E01</Damage_Region>          <Script_Na
sr3_city_0.vpp_pc	_a_rm_sw_01_modal.str2_pc > _a_rm_sw_01.xtbl	_a_rm_sw_01.xtbl	m01	ectric_Trap>          <Damage_Region>Room01_E02</Damage_Region>          <Script_Na
sr3_city_0.vpp_pc	_a_rm_sw_01_modal.str2_pc > _a_rm_sw_01.xtbl	_a_rm_sw_01.xtbl	m01	ectric_Trap>          <Damage_Region>Room01_E03</Damage_Region>          <Script_Na
sr3_city_0.vpp_pc	_a_rm_sw_01_modal.str2_pc > _a_rm_sw_01.xtbl	_a_rm_sw_01.xtbl	m02	t</Target_Type>        <Trigger_Name>Room02_target02</Trigger_Name>        <Timer>P
sr3_city_0.vpp_pc	_a_rm_sw_01_modal.str2_pc > _a_rm_sw_01.xtbl	_a_rm_sw_01.xtbl	m02	t</Target_Type>        <Trigger_Name>Room02_target02</Trigger_Name>        <Timer>P
sr3_city_0.vpp_pc	_a_rm_sw_01_modal.str2_pc > _a_rm_sw_01.xtbl	_a_rm_sw_01.xtbl	m02	t</Target_Type>        <Trigger_Name>Room02_target01</Trigger_Name>        <Timer>P
sr3_city_0.vpp_pc	_a_rm_sw_01_modal.str2_pc > _a_rm_sw_01.xtbl	_a_rm_sw_01.xtbl	m02	t</Target_Type>        <Trigger_Name>Room02_target01</Trigger_Name>        <Timer>P
sr3_city_0.vpp_pc	_a_rm_sw_01_modal.str2_pc > _a_rm_sw_01.xtbl	_a_rm_sw_01.xtbl	m02	t</Target_Type>        <Trigger_Name>Room02_target01</Trigger_Name>        <Timer>P
sr3_city_0.vpp_pc	_a_rm_sw_01_modal.str2_pc > _a_rm_sw_01.xtbl	_a_rm_sw_01.xtbl	m02	t</Target_Type>        <Trigger_Name>Room02_target01</Trigger_Name>        <Timer>P
sr3_city_0.vpp_pc	_a_tb_nw_03_modal.str2_pc > _a_tb_nw_03.xtbl	_a_tb_nw_03.xtbl	m16	l_Scale>       <Refract_Situation>cyber_m16</Refract_Situation>       </Screen_Effe
sr3_city_0.vpp_pc	_a_tb_nw_02_modal.str2_pc > _a_tb_nw_02.xtbl	_a_tb_nw_02.xtbl	m16	l_Scale>       <Refract_Situation>cyber_m16</Refract_Situation>       </Screen_Effe
sr3_city_0.vpp_pc	_a_rm_dt_03_modal.str2_pc > _a_rm_dt_03.xtbl	_a_rm_dt_03.xtbl	m01	 <Fire_Trap>          <Damage_Region>Room01_T01</Damage_Region>          <Script_Na
sr3_city_0.vpp_pc	_a_rm_dt_03_modal.str2_pc > _a_rm_dt_03.xtbl	_a_rm_dt_03.xtbl	m02	rget_Type>        <Trigger_Name>Last_room02</Trigger_Name>        <Timer>PopUp</Tim
sr3_city_0.vpp_pc	_a_rm_dt_03_modal.str2_pc > _a_rm_dt_03.xtbl	_a_rm_dt_03.xtbl	m02	rget_Type>        <Trigger_Name>Last_room02</Trigger_Name>        <Timer>PopUp</Tim
sr3_city_0.vpp_pc	_a_rm_dt_03_modal.str2_pc > _a_rm_dt_03.xtbl	_a_rm_dt_03.xtbl	m02	rget_Type>        <Trigger_Name>Last_room02</Trigger_Name>        <Timer>PopUp</Tim
sr3_city_0.vpp_pc	_a_rm_dt_03_modal.str2_pc > _a_rm_dt_03.xtbl	_a_rm_dt_03.xtbl	m03	t</Target_Type>        <Trigger_Name>Room03R</Trigger_Name>        <Timer>PopUp</Ti
sr3_city_0.vpp_pc	_a_rm_dt_03_modal.str2_pc > _a_rm_dt_03.xtbl	_a_rm_dt_03.xtbl	m06	t</Target_Type>        <Trigger_Name>Room06a</Trigger_Name>        <Timer>PopUp</Ti
sr3_city_0.vpp_pc	_a_rm_dt_03_modal.str2_pc > _a_rm_dt_03.xtbl	_a_rm_dt_03.xtbl	m06	t</Target_Type>        <Trigger_Name>Room06</Trigger_Name>        <Timer>PopUp</Tim
sr3_city_0.vpp_pc	_a_rm_dt_03_modal.str2_pc > _a_rm_dt_03.xtbl	_a_rm_dt_03.xtbl	m06	t</Target_Type>        <Trigger_Name>Room06</Trigger_Name>        <Timer>PopUp</Tim
sr3_city_0.vpp_pc	_a_rm_dt_03_modal.str2_pc > _a_rm_dt_03.xtbl	_a_rm_dt_03.xtbl	m06	t</Target_Type>        <Trigger_Name>Room06_hall</Trigger_Name>        <Timer>PopUp
sr3_city_0.vpp_pc	_a_rm_dt_03_modal.str2_pc > _a_rm_dt_03.xtbl	_a_rm_dt_03.xtbl	m06	t</Target_Type>        <Trigger_Name>Room06</Trigger_Name>        <Timer>PopUp</Tim
